temperature,rainfall,humidity,crime_overall,oil_price,exchange_taiwan,exchange_usa,month=1,month=2,month=6,month=8,month=9,day_of_week=Saturday,day_of_week=Monday,day_of_week=Tuesday,day_of_week=Wednesday,Holiday_China=Z(No holiday),Holiday_China=C(Qingming Festival),Holiday_China=D(Labor Day),Holiday_China=E(Dragon Boat Festival),Holiday_China=G(National Day),Holiday_China=B(Spring Festival),Holiday_Taiwan=Z(No holiday),Holiday_Taiwan=B(Chinese New Year),Holiday_Macau=C(Cheng Ming Festival),Holiday_Macau=D(Labour Day),Holiday_Macau=H(National Day),Holiday_SouthKorea=R(National Foundation Day ),max_signal=0,typhoon_present_binarized,typhoon_high_signal_binarized,y
1.201416,-0.262314,-0.011314,-0.437699,-0.023032,0.759739,0.74801,0,0,0,0,0,1,0,0,0,1,0,0,0,0,0,1,0,0,0,0,0,1,0,0,147428
1.221743,-0.260384,0.077787,-0.437699,-0.023032,0.744396,0.74801,0,0,0,0,0,0,0,0,0,1,0,0,0,0,0,1,0,0,0,0,0,1,0,0,124230
1.262396,-0.262314,-0.100416,-0.437699,-0.112996,0.652337,0.79613,0,0,0,0,0,0,1,0,0,1,0,0,0,0,0,1,0,0,0,0,0,1,0,0,106622
1.262396,-0.262314,-0.011314,-0.437699,-0.036231,0.744396,0.659791,0,0,0,0,0,0,0,1,0,1,0,0,0,0,0,1,0,0,0,0,0,1,0,0,103548
1.262396,-0.262314,-0.189517,-0.437699,0.154813,1.035916,0.647761,0,0,0,0,0,0,0,0,1,1,0,0,0,0,0,1,0,0,0,0,0,1,0,0,109626
1.303048,-0.262314,-0.456822,-0.437699,0.29167,1.127975,0.499393,0,0,0,0,0,0,0,0,0,1,0,0,0,0,0,1,0,0,0,0,0,1,0,0,107937
1.384354,-0.262314,-0.456822,-0.437699,0.280207,1.235377,0.222707,0,0,0,0,0,0,0,0,0,1,0,0,0,0,0,1,0,0,0,0,0,1,0,0,115124
1.343701,-0.163862,-0.189517,-0.437699,-0.023032,1.235377,0.210677,0,0,0,0,0,1,0,0,0,1,0,0,0,0,0,1,0,0,0,0,0,0,1,0,154015
1.059132,-0.069349,-0.100416,-0.437699,-0.023032,1.220034,0.170577,0,0,0,0,0,0,0,0,0,1,0,0,0,0,0,1,0,0,0,0,0,0,1,0,118360
0.794889,0.879724,0.790598,-0.437699,0.075269,1.081946,0.186617,0,0,0,0,0,0,1,0,0,1,0,0,0,0,0,1,0,0,0,0,0,0,1,1,66945
0.9575,0.166935,0.8797,-0.437699,0.098542,1.020573,0.154537,0,0,0,0,0,0,0,1,0,1,0,0,0,0,0,1,0,0,0,0,0,0,1,0,93383
0.855868,-0.108729,1.057903,-0.437699,0.215947,0.913171,-0.03794,0,0,0,0,0,0,0,0,1,1,0,0,0,0,0,1,0,0,0,0,0,1,0,0,108075
1.038805,-0.073287,0.345091,-0.437699,0.166391,0.9592,0.162557,0,0,0,0,0,0,0,0,0,1,0,0,0,0,0,1,0,0,0,0,0,1,0,0,118058
1.059132,-0.260384,0.25599,-0.437699,0.307301,0.636994,0.371075,0,0,0,0,0,0,0,0,0,1,0,0,0,0,0,1,0,0,0,0,0,1,0,0,126832
1.242069,-0.262314,-0.011314,-0.437699,-0.023032,0.636994,0.359045,0,0,0,0,0,1,0,0,0,1,0,0,0,0,0,1,0,0,0,0,0,1,0,0,175365
1.242069,-0.260384,0.077787,-0.437699,-0.023032,0.636994,0.318945,0,0,0,0,0,0,0,0,0,1,0,0,0,0,0,1,0,0,0,0,0,1,0,0,144960
1.262396,-0.262314,-0.011314,-0.437699,0.503207,0.652337,0.142508,0,0,0,0,0,0,1,0,0,1,0,0,0,0,0,1,0,0,0,0,0,1,0,0,115766
1.262396,-0.262314,-0.278619,-0.437699,0.687304,0.698367,0.122458,0,0,0,0,0,0,0,1,0,1,0,0,0,0,0,1,0,0,0,0,0,1,0,0,113316
1.526639,-0.262314,-0.36772,-0.437699,0.675494,0.66768,-0.354726,0,0,0,0,0,0,0,0,1,1,0,0,0,0,0,1,0,0,0,0,0,0,1,0,114969
1.567291,0.009412,-0.813227,-0.437699,0.746354,0.575621,-0.270517,0,0,0,0,0,0,0,0,0,1,0,0,0,0,0,1,0,0,0,0,0,0,1,0,110621
1.425007,-0.262314,-0.36772,-0.437699,0.810614,0.560278,-0.386806,0,0,0,0,0,0,0,0,0,1,0,0,0,0,0,1,0,0,0,0,0,1,0,0,103677
1.079458,0.564679,0.701497,-0.437699,-0.023032,0.529592,-0.390816,0,0,0,0,0,1,0,0,0,1,0,0,0,0,0,1,0,0,0,0,0,1,0,0,140539
0.9575,0.131492,0.968801,-0.437699,-0.023032,0.529592,-0.499085,0,0,0,0,0,0,0,0,0,1,0,0,0,0,0,1,0,0,0,0,0,1,0,0,141509
0.937173,1.568885,0.701497,-0.437699,0.961713,0.437533,-0.454975,0,0,0,0,0,0,1,0,0,1,0,0,0,0,0,1,0,0,0,0,0,1,0,0,111917
0.977826,-0.260384,0.345091,0.541912,1.007216,0.207386,-0.611363,0,0,0,1,0,0,0,1,0,1,0,0,0,0,0,1,0,0,0,0,0,1,0,0,116605
1.201416,-0.262314,-0.545923,0.541912,0.90961,0.192042,-0.318637,0,0,0,1,0,0,0,0,1,1,0,0,0,0,0,1,0,0,0,0,0,1,0,0,125036
1.282722,-0.262314,-0.278619,0.541912,0.863759,0.192042,-0.110119,0,0,0,1,0,0,0,0,0,1,0,0,0,0,0,1,0,0,0,0,0,1,0,0,126417
1.221743,-0.159924,0.077787,0.541912,1.123926,0.207386,0.042259,0,0,0,1,0,0,0,0,0,1,0,0,0,0,0,1,0,0,0,0,0,1,0,0,140690
1.201416,-0.029968,0.25599,0.541912,0.770322,0.207386,0.042259,0,0,0,1,0,1,0,0,0,1,0,0,0,0,0,1,0,0,0,0,0,1,0,0,187445
1.18109,-0.260384,0.166888,0.541912,0.770322,0.207386,0.066318,0,0,0,1,0,0,0,0,0,1,0,0,0,0,0,1,0,0,0,0,0,1,0,0,157987
1.140437,-0.199305,-0.011314,0.541912,1.134347,0.13067,-0.05799,0,0,0,1,0,0,1,0,0,1,0,0,0,0,0,1,0,0,0,0,0,1,0,0,122903
1.18109,-0.262314,-0.189517,0.541912,1.093359,0.038611,0.210677,0,0,0,1,0,0,0,1,0,1,0,0,0,0,0,1,0,0,0,0,0,1,0,0,119280
1.18109,-0.260384,-0.011314,0.541912,1.307676,0.176699,0.471324,0,0,0,1,0,0,0,0,1,1,0,0,0,0,0,1,0,0,0,0,0,1,0,0,131203
0.9575,0.174811,0.523294,0.541912,1.305592,0.13067,0.447264,0,0,0,1,0,0,0,0,0,1,0,0,0,0,0,1,0,0,0,0,0,1,0,0,133274
0.67293,0.777335,0.790598,0.541912,1.217364,-0.053448,0.326965,0,0,0,1,0,0,0,0,0,1,0,0,0,0,0,1,0,0,0,0,0,1,0,0,138184
0.916847,-0.226871,0.25599,0.541912,0.770322,-0.053448,0.322955,0,0,0,1,0,1,0,0,0,1,0,0,0,0,0,1,0,0,0,0,0,1,0,0,187781
0.815215,1.084504,0.701497,0.541912,0.770322,-0.053448,0.330975,0,0,0,1,0,0,0,0,0,1,0,0,0,0,0,1,0,0,0,0,0,1,0,0,159236
0.998152,-0.120544,0.523294,0.541912,1.166303,-0.068791,0.387115,0,0,0,1,0,0,1,0,0,1,0,0,0,0,0,1,0,0,0,0,0,1,0,0,127308
1.099784,-0.260384,0.345091,0.541912,1.037436,0.007924,0.531473,0,0,0,1,0,0,0,1,0,1,0,0,0,0,0,1,0,0,0,0,0,1,0,0,127390
1.242069,-0.262314,0.166888,0.541912,0.835624,-0.053448,0.876329,0,0,0,1,0,0,0,0,1,1,0,0,0,0,0,1,0,0,0,0,0,1,0,0,134325
1.120111,-0.260384,0.523294,0.541912,0.791163,-0.007419,0.820189,0,0,0,1,0,0,0,0,0,1,0,0,0,0,0,1,0,0,0,0,0,1,0,0,132245
0.9575,0.103926,0.8797,0.541912,0.886685,0.007924,0.920438,0,0,0,1,0,0,0,0,0,1,0,0,0,0,0,1,0,0,0,0,0,1,0,0,127761
0.876194,-0.2505,0.701497,0.541912,0.770322,0.007924,0.852269,0,0,0,1,0,1,0,0,0,1,0,0,0,0,0,1,0,0,0,0,0,1,0,0,179032
1.059132,-0.238686,0.345091,0.541912,0.770322,0.023268,0.948508,0,0,0,1,0,0,0,0,0,1,0,0,0,0,0,1,0,0,0,0,0,1,0,0,150010
1.038805,-0.254438,0.523294,0.541912,0.988459,0.023268,1.157025,0,0,0,1,0,0,1,0,0,1,0,0,0,0,0,1,0,0,0,0,0,1,0,0,128529
1.120111,-0.2505,0.25599,0.541912,0.777269,-0.053448,1.128956,0,0,0,1,0,0,0,1,0,1,0,0,0,0,0,1,0,0,0,0,0,1,0,0,121049
1.201416,-0.2505,0.166888,0.541912,0.662642,0.115327,1.277324,0,0,0,1,0,0,0,0,1,1,0,0,0,0,0,1,0,0,0,0,0,1,0,0,123483
0.937173,-0.037844,0.790598,0.541912,0.610887,0.161356,1.289354,0,0,0,1,0,0,0,0,0,1,0,0,0,0,0,1,0,0,0,0,0,1,0,0,120495
0.977826,-0.254438,0.612396,0.541912,0.707451,0.176699,1.305393,0,0,0,1,0,0,0,0,0,1,0,0,0,0,0,1,0,0,0,0,0,1,0,0,125269
1.059132,-0.262314,0.612396,0.541912,0.770322,0.176699,1.381582,0,0,0,1,0,1,0,0,0,1,0,0,0,0,0,1,0,0,0,0,0,1,0,0,158795
0.998152,-0.175677,0.701497,0.541912,0.770322,0.176699,1.377573,0,0,0,1,0,0,0,0,0,1,0,0,0,0,0,1,0,0,0,0,0,1,0,0,129696
1.099784,-0.242624,0.434193,0.541912,0.823119,0.176699,1.449752,0,0,0,1,0,0,1,0,0,1,0,0,0,0,0,1,0,0,0,0,0,1,0,0,103803
0.916847,1.09238,0.612396,0.541912,0.867233,0.176699,1.509901,0,0,0,1,0,0,0,1,0,1,0,0,0,0,0,1,0,0,0,0,0,1,0,0,82831
0.89652,-0.262314,-0.36772,0.541912,1.003742,0.161356,1.473811,0,0,0,1,0,0,0,0,1,1,0,0,0,0,0,1,0,0,0,0,0,0,1,0,80816
0.9575,-0.246562,-0.545923,0.541912,1.165956,0.13067,1.341483,0,0,0,1,0,0,0,0,0,1,0,0,0,0,0,1,0,0,0,0,0,0,1,0,79106
0.489993,3.63243,0.434193,0.695178,1.446617,0.115327,1.381582,0,0,0,0,1,0,0,0,0,1,0,0,0,0,0,1,0,0,0,0,0,0,1,1,16306
0.347708,2.903888,1.414308,0.695178,1.906859,0.099983,1.365543,0,0,0,0,1,1,0,0,0,1,0,0,0,0,0,1,0,0,0,0,0,0,1,1,29440
0.998152,-0.258376,-0.011314,0.695178,1.906859,0.115327,1.481831,0,0,0,0,1,0,0,0,0,1,0,0,0,0,0,1,0,0,0,0,0,1,0,0,90217
1.099784,-0.260384,-0.278619,0.695178,1.906859,0.069297,1.016677,0,0,0,0,1,0,1,0,0,1,0,0,0,0,0,1,0,0,0,0,0,0,1,0,80927
0.937173,-0.246562,-0.278619,0.695178,1.694974,0.038611,1.277324,0,0,0,0,1,0,0,1,0,1,0,0,0,0,0,1,0,0,0,0,0,0,1,0,80727
0.998152,-0.262314,-0.36772,0.695178,1.784244,0.023268,1.333463,0,0,0,0,1,0,0,0,1,1,0,0,0,0,0,1,0,0,0,0,0,1,0,0,79692
0.652604,8.232087,1.147004,0.695178,1.793969,-0.114821,1.144995,0,0,0,0,1,0,0,0,0,1,0,0,0,0,0,1,0,0,0,0,0,1,0,0,77581
0.246076,16.474452,1.592511,0.695178,1.786675,-0.16085,1.233214,0,0,0,0,1,0,0,0,0,1,0,0,0,0,0,1,0,0,0,0,0,1,0,0,51620
0.347708,0.123616,1.414308,0.695178,1.906859,-0.16085,1.233214,0,0,0,0,1,1,0,0,0,1,0,0,0,0,0,1,0,0,0,0,0,1,0,0,93596
0.266402,2.39194,1.50341,0.695178,1.906859,-0.16085,1.237224,0,0,0,0,1,0,0,0,0,1,0,0,0,0,0,1,0,0,0,0,0,1,0,0,87714
0.408687,0.544989,1.50341,0.695178,1.828357,-0.022762,0.928458,0,0,0,0,1,0,1,0,0,1,0,0,0,0,0,1,0,0,0,0,0,1,0,0,80291
0.510319,-0.226871,1.147004,0.695178,1.937773,-0.084134,0.73999,0,0,0,0,1,0,0,1,0,1,0,0,0,0,0,1,0,0,0,0,0,1,0,0,79465
0.693257,-0.163862,1.057903,0.695178,2.024611,-0.022762,0.667811,0,0,0,0,1,0,0,0,1,1,0,0,0,0,0,1,0,0,0,0,0,1,0,0,81924
0.489993,3.813581,1.414308,0.695178,2.135764,0.023268,0.78811,0,0,0,0,1,0,0,0,0,1,0,0,0,0,0,1,0,0,0,0,0,1,0,0,73904
0.571298,0.860034,1.147004,0.695178,2.25699,0.023268,0.73598,0,0,0,0,1,0,0,0,0,1,0,0,0,0,0,1,0,0,0,0,0,1,0,0,89234
0.530645,-0.092977,1.147004,0.695178,1.906859,0.023268,0.72796,0,0,0,0,1,1,0,0,0,1,0,0,0,0,0,1,0,0,0,0,0,1,0,0,131344
0.815215,-0.262314,0.790598,0.695178,1.906859,0.007924,0.691871,0,0,0,0,1,0,0,0,0,1,0,0,0,0,0,1,0,0,0,0,0,1,0,0,118224
0.9575,-0.262314,0.345091,0.695178,2.393152,-0.068791,0.355035,0,0,0,0,1,0,1,0,0,1,0,0,0,0,0,1,0,0,0,0,0,1,0,0,92722
1.018479,-0.262314,0.25599,0.695178,2.476864,-0.176193,0.451274,0,0,0,0,1,0,0,1,0,1,0,0,0,0,0,1,0,0,0,0,0,1,0,0,92851
1.038805,-0.262314,-0.011314,0.695178,2.175941,-0.16085,0.539493,0,0,0,0,1,0,0,0,1,1,0,0,0,0,0,1,0,0,0,0,0,1,0,0,94988
1.120111,-0.262314,0.077787,0.695178,2.128123,-0.314282,0.487363,0,0,0,0,1,0,0,0,0,1,0,0,0,0,0,1,0,0,0,0,0,1,0,0,95609
1.160764,-0.260384,-0.100416,0.695178,2.200024,-0.329625,0.447264,0,0,0,0,1,0,0,0,0,1,0,0,0,0,0,1,0,0,0,0,0,1,0,0,101130
1.140437,-0.262314,-0.189517,0.695178,1.906859,-0.329625,0.439244,0,0,0,0,1,1,0,0,0,1,0,0,0,0,0,1,0,0,0,0,0,1,0,0,138597
1.099784,-0.262314,-0.100416,0.695178,1.906859,-0.329625,0.411174,0,0,0,0,1,0,0,0,0,1,0,0,0,0,0,1,0,0,0,0,0,1,0,0,114672
1.079458,-0.203243,-0.011314,0.695178,2.193425,-0.314282,0.290876,0,0,0,0,1,0,1,0,0,1,0,0,0,0,0,1,0,0,0,0,0,1,0,0,87022
1.120111,-0.262314,-0.100416,0.695178,2.162163,-0.390998,0.499393,0,0,0,0,1,0,0,1,0,1,0,0,0,0,0,1,0,0,0,0,0,1,0,0,84192
1.18109,-0.260384,-0.36772,0.695178,2.495621,-0.421684,0.459294,0,0,0,0,1,0,0,0,1,1,0,0,0,0,0,1,0,0,0,0,0,1,0,0,91637
1.18109,-0.262314,-0.456822,0.695178,2.601911,-0.191537,0.820189,0,0,0,0,1,0,0,0,0,1,0,0,0,0,0,1,0,0,0,0,0,1,0,0,105461
1.079458,0.040917,0.166888,0.695178,2.398363,-0.375655,0.872319,0,0,0,0,1,0,0,0,0,0,0,0,0,0,0,0,0,0,0,0,0,1,0,0,147048
1.120111,-0.262314,-0.100416,0.695178,1.906859,-0.375655,0.868309,0,0,0,0,1,1,0,0,0,0,0,0,0,0,0,1,0,0,0,0,0,1,0,0,183847
1.120111,-0.262314,0.077787,1.24286,1.446964,-0.375655,0.928458,0,0,0,0,0,0,0,0,0,0,0,0,0,0,0,1,0,0,0,1,0,1,0,0,197387
1.018479,-0.246562,-0.011314,1.24286,2.188562,-0.45237,0.912418,0,0,0,0,0,0,1,0,0,0,0,0,0,0,0,1,0,0,0,1,1,1,0,0,168041
0.977826,-0.260384,0.166888,1.24286,2.049273,-0.4984,0.916428,0,0,0,0,0,0,0,1,0,0,0,0,0,0,0,1,0,0,0,0,1,1,0,0,168410
1.282722,-0.262314,-0.278619,1.24286,1.752982,-0.467713,0.79613,0,0,0,0,0,0,0,0,1,0,0,0,0,0,0,1,0,0,0,0,0,0,1,0,154335
1.221743,-0.262314,-1.61514,1.24286,1.28093,-0.344968,0.904398,0,0,0,0,0,0,0,0,0,0,0,0,0,0,0,1,0,0,0,0,0,0,1,0,130196
0.774562,-0.260384,-1.258735,1.24286,1.147546,-0.252909,0.844249,0,0,0,0,0,0,0,0,0,0,0,0,0,0,0,1,0,0,0,0,0,0,1,0,104086
0.124118,-0.187491,-0.189517,1.24286,1.446964,-0.252909,0.896378,0,0,0,0,0,1,0,0,0,1,0,0,0,0,0,1,0,0,0,0,0,0,1,0,83917
-0.05882,3.36858,0.968801,1.24286,1.446964,-0.252909,0.832219,0,0,0,0,0,0,0,0,0,1,0,0,0,0,0,1,0,0,0,0,0,0,1,1,58412
0.002159,14.296704,1.592511,1.24286,1.600841,-0.298939,0.77608,0,0,0,0,0,0,1,0,0,1,0,0,0,0,0,0,0,0,0,0,0,0,1,0,72078
0.16477,-0.171738,0.612396,1.24286,1.644955,-0.252909,0.431224,0,0,0,0,0,0,0,1,0,1,0,0,0,0,0,0,0,0,0,0,0,1,0,0,89192
0.22575,-0.262314,-0.100416,1.24286,1.463637,-0.191537,0.419194,0,0,0,0,0,0,0,0,1,1,0,0,0,0,0,1,0,0,0,0,0,1,0,0,96128
0.246076,-0.262314,-0.36772,1.24286,1.278498,-0.344968,0.507413,0,0,0,0,0,0,0,0,0,1,0,0,0,0,0,1,0,0,0,0,0,1,0,0,101764
0.44934,-0.262314,-0.813227,1.24286,1.574095,-0.360311,0.607662,0,0,0,0,0,0,0,0,0,1,0,0,0,0,0,1,0,0,0,0,0,1,0,0,108078
0.429013,-0.262314,-0.902329,1.24286,1.446964,-0.375655,0.551523,0,0,0,0,0,1,0,0,0,1,0,0,0,0,0,1,0,0,0,0,0,1,0,0,145499
0.489993,-0.258376,-0.36772,1.24286,1.446964,-0.360311,0.619692,0,0,0,0,0,0,0,0,0,1,0,0,0,0,0,1,0,0,0,0,0,1,0,0,112046
0.408687,-0.262314,-0.545923,1.24286,1.8096,-0.406341,0.298896,0,0,0,0,0,0,1,0,0,1,0,0,0,0,0,1,0,0,0,0,0,1,0,0,92424
0.266402,-0.260384,-1.347836,1.24286,1.737698,-0.544429,0.587612,0,0,0,0,0,0,0,1,0,1,0,0,0,0,0,1,0,0,0,0,0,1,0,0,95295
0.022486,1.245964,0.790598,1.24286,1.953057,-0.590459,0.79613,0,0,0,0,0,0,0,0,1,1,0,0,0,0,0,1,0,0,0,0,0,1,0,0,93560
0.16477,0.836406,1.325207,1.24286,1.945762,-0.544429,0.563552,0,0,0,0,0,0,0,0,0,1,0,0,0,0,0,1,0,0,0,0,0,1,0,0,94535
0.286729,-0.254438,0.523294,1.24286,1.980035,-0.529086,0.563552,0,0,0,0,0,0,0,0,0,1,0,0,0,0,0,1,0,0,0,0,0,1,0,0,100538
-0.241758,-0.260384,-0.011314,1.24286,1.446964,-0.529086,0.587612,0,0,0,0,0,1,0,0,0,1,0,0,0,0,0,1,0,0,0,0,0,1,0,0,138831
0.002159,-0.260384,-0.456822,1.24286,1.446964,-0.529086,0.567562,0,0,0,0,0,0,0,0,0,1,0,0,0,0,0,1,0,0,0,0,0,1,0,0,106802
0.307055,-0.260384,0.077787,1.24286,1.743603,-0.467713,0.627712,0,0,0,0,0,0,1,0,0,1,0,0,0,0,0,1,0,0,0,0,0,1,0,0,88629
0.469666,-0.262314,-0.011314,1.24286,1.464679,-0.406341,0.555532,0,0,0,0,0,0,0,1,0,1,0,0,0,0,0,1,0,0,0,0,0,1,0,0,92792
0.429013,-0.262314,0.345091,1.24286,1.383399,-0.544429,0.515433,0,0,0,0,0,0,0,0,1,1,0,0,0,0,0,1,0,0,0,0,0,1,0,0,102523
0.347708,-0.262314,0.166888,1.24286,1.381662,-0.575116,0.451274,0,0,0,0,0,0,0,0,0,1,0,0,0,0,0,1,0,0,0,0,0,1,0,0,110378
0.429013,-0.262314,0.434193,1.24286,1.427513,-0.697861,0.443254,0,0,0,0,0,0,0,0,0,1,0,0,0,0,0,1,0,0,0,0,0,1,0,0,115722
0.266402,0.111802,0.790598,1.24286,1.446964,-0.697861,0.451274,0,0,0,0,0,1,0,0,0,1,0,0,0,0,0,1,0,0,0,0,0,1,0,0,143801
0.16477,-0.124482,0.25599,1.24286,1.446964,-0.697861,0.503403,0,0,0,0,0,0,0,0,0,1,0,0,0,0,0,1,0,0,0,0,0,1,0,0,112633
0.327381,-0.260384,0.077787,1.24286,1.303855,-0.45237,0.439244,0,0,0,0,0,0,1,0,0,1,0,0,0,0,0,1,0,0,0,0,0,1,0,0,94577
0.266402,-0.262314,-0.545923,1.24286,1.069392,-0.605802,0.543503,0,0,0,0,0,0,0,1,0,1,0,0,0,0,0,1,0,0,0,0,0,1,0,0,86487
0.266402,-0.262314,-0.545923,0.175362,0.995406,-0.575116,0.471324,0,0,0,0,0,0,0,0,1,1,0,0,0,0,0,1,0,0,0,0,0,1,0,0,94867
0.266402,-0.262314,-0.100416,0.175362,1.025278,-0.513743,0.615682,0,0,0,0,0,0,0,0,0,1,0,0,0,0,0,1,0,0,0,0,0,1,0,0,96013
0.307055,-0.262314,0.166888,0.175362,1.03292,-0.237566,0.639741,0,0,0,0,0,0,0,0,0,1,0,0,0,0,0,1,0,0,0,0,0,1,0,0,103536
0.368034,-0.262314,-0.011314,0.175362,0.447978,-0.237566,0.639741,0,0,0,0,0,1,0,0,0,1,0,0,0,0,0,1,0,0,0,0,0,1,0,0,144110
0.44934,-0.262314,0.077787,0.175362,0.447978,-0.252909,0.607662,0,0,0,0,0,0,0,0,0,1,0,0,0,0,0,1,0,0,0,0,0,1,0,0,115502
0.632277,-0.262314,-0.99143,0.175362,0.966576,-0.283596,0.479343,0,0,0,0,0,0,1,0,0,1,0,0,0,0,0,1,0,0,0,0,0,1,0,0,89559
0.286729,-0.262314,-0.545923,0.175362,0.68001,-0.283596,0.411174,0,0,0,0,0,0,0,1,0,1,0,0,0,0,0,1,0,0,0,0,0,1,0,0,90017
0.144444,-0.262314,0.077787,0.175362,0.277081,-0.437027,0.206667,0,0,0,0,0,0,0,0,1,1,0,0,0,0,0,1,0,0,0,0,0,1,0,0,97699
0.246076,-0.260384,0.434193,0.175362,0.234704,-0.513743,-0.03794,0,0,0,0,0,0,0,0,0,1,0,0,0,0,0,1,0,0,0,0,0,1,0,0,94742
0.489993,-0.262314,0.523294,0.175362,0.307995,-0.621145,-0.05398,0,0,0,0,0,0,0,0,0,1,0,0,0,0,0,1,0,0,0,0,0,1,0,0,107776
0.16477,-0.163862,0.790598,0.175362,0.447978,-0.621145,-0.017891,0,0,0,0,0,1,0,0,0,1,0,0,0,0,0,1,0,0,0,0,0,1,0,0,154252
-0.099473,-0.238686,0.077787,0.175362,0.447978,-0.605802,0.054289,0,0,0,0,0,0,0,0,0,1,0,0,0,0,0,1,0,0,0,0,0,1,0,0,115508
-0.506001,-0.262314,-0.813227,0.175362,0.46743,-0.4984,-0.04997,0,0,0,0,0,0,1,0,0,1,0,0,0,0,0,1,0,0,0,0,0,1,0,0,98640
-0.749917,-0.262314,-0.545923,0.175362,0.60255,-0.329625,-0.08205,0,0,0,0,0,0,0,1,0,1,0,0,0,0,0,1,0,0,0,0,0,1,0,0,100735
-0.343389,-0.262314,-0.456822,0.175362,0.451452,-0.191537,-0.150219,0,0,0,0,0,0,0,0,1,1,0,0,0,0,0,1,0,0,0,0,0,1,0,0,103393
-0.607633,-0.262314,-0.99143,0.175362,0.04366,-0.068791,-0.210368,0,0,0,0,0,0,0,0,0,1,0,0,0,0,0,1,0,0,0,0,0,1,0,0,102243
-1.156445,-0.262314,-3.48627,0.175362,0.018651,0.038611,-0.515125,0,0,0,0,0,0,0,0,0,1,0,0,0,0,0,1,0,0,0,0,0,1,0,0,111322
-1.01416,-0.262314,-3.040763,0.175362,0.447978,0.038611,-0.495075,0,0,0,0,0,1,0,0,0,1,0,0,0,0,0,1,0,0,0,0,0,1,0,0,155147
-0.810897,-0.262314,-1.526039,0.175362,0.447978,0.023268,-0.458985,0,0,0,0,0,0,0,0,0,1,0,0,0,0,0,1,0,0,0,0,0,1,0,0,122768
-0.648285,-0.262314,-0.99143,0.175362,0.37295,0.330131,-0.679533,0,0,0,0,0,0,1,0,0,1,0,0,0,0,0,1,0,0,0,0,0,1,0,0,101706
-0.506001,-0.262314,-0.545923,0.175362,0.461178,0.468219,-0.519134,0,0,0,0,0,0,0,1,0,1,0,0,0,0,0,1,0,0,0,0,0,1,0,0,96858
-0.384042,-0.262314,-0.278619,0.175362,0.338215,0.299445,-0.442945,0,0,0,0,0,0,0,0,1,1,0,0,0,0,0,1,0,0,0,0,0,1,0,0,104120
-0.302737,-0.262314,-0.189517,0.175362,0.447978,0.192042,-0.426906,0,0,0,0,0,0,0,0,0,1,0,0,0,0,0,1,0,0,0,0,0,1,0,0,104970
-0.323063,-0.262314,-0.813227,0.175362,0.262492,0.13067,-0.539184,0,0,0,0,0,0,0,0,0,1,0,0,0,0,0,1,0,0,0,0,0,1,0,0,119960
-0.526327,-0.262314,-0.902329,0.175362,0.447978,0.13067,-0.543194,0,0,0,0,0,1,0,0,0,1,0,0,0,0,0,1,0,0,0,0,0,1,0,0,162442
-0.485674,-0.262314,-0.724126,0.175362,0.447978,0.115327,-0.679533,0,0,0,0,0,0,0,0,0,1,0,0,0,0,0,1,0,0,0,0,0,1,0,0,121789
-0.302737,-0.262314,-0.724126,0.175362,0.119036,0.253415,-0.823891,0,0,0,0,0,0,1,0,0,1,0,0,0,0,0,1,0,0,0,0,0,1,0,0,94027
-0.343389,-0.260384,-1.347836,0.175362,0.213515,0.529592,-0.659483,0,0,0,0,0,0,0,1,0,1,0,0,0,0,0,1,0,0,0,0,0,1,0,0,90850
-0.363716,-0.254438,-0.278619,0.175362,0.390318,0.590965,-0.186309,0,0,0,0,0,0,0,0,1,1,0,0,0,0,0,1,0,0,0,0,0,1,0,0,95099
-0.140126,-0.262314,-0.278619,0.175362,0.396223,0.560278,0.046269,0,0,0,0,0,0,0,0,0,1,0,0,0,0,0,1,0,0,0,0,0,1,0,0,99535
-0.607633,-0.262314,-0.635025,-0.637051,0.119383,0.683024,0.098398,0,0,0,0,0,0,0,0,0,1,0,0,0,0,0,1,0,0,0,0,0,1,0,0,110083
-0.912528,-0.262314,-0.545923,-0.637051,-0.448191,0.683024,0.098398,0,0,0,0,0,1,0,0,0,1,0,0,0,0,0,1,0,0,0,0,0,1,0,0,156400
-0.627959,-0.260384,-0.278619,-0.637051,-0.448191,0.698367,0.262806,0,0,0,0,0,0,0,0,0,1,0,0,0,0,0,1,0,0,0,0,0,1,0,0,118475
-0.526327,-0.260384,-0.011314,-0.637051,-0.058809,0.498906,0.218697,0,0,0,0,0,0,1,0,0,1,0,0,0,0,0,1,0,0,0,0,0,1,0,0,93527
-0.56698,-0.262314,-0.278619,-0.637051,-0.182119,0.406847,0.367065,0,0,0,0,0,0,0,1,0,1,0,0,0,0,0,1,0,0,0,0,0,1,0,0,92349
-0.607633,-0.260384,-0.813227,-0.637051,-0.479105,0.391504,0.034239,0,0,0,0,0,0,0,0,1,1,0,0,0,0,0,1,0,0,0,0,0,1,0,0,99450
-0.709265,-0.262314,-2.595256,-0.637051,-0.657645,0.468219,0.086368,0,0,0,0,0,0,0,0,0,1,0,0,0,0,0,1,0,0,0,0,0,1,0,0,105822
-0.627959,-0.262314,-0.724126,-0.637051,-0.517314,0.468219,0.030229,0,0,0,0,0,0,0,0,0,1,0,0,0,0,0,1,0,0,0,0,0,1,0,0,127276
-0.323063,-0.262314,0.345091,-0.637051,-0.448191,0.468219,0.030229,0,0,0,0,0,1,0,0,0,1,0,0,0,0,0,1,0,0,0,0,0,1,0,0,173815
-0.119799,-0.260384,0.345091,-0.637051,-0.448191,0.483562,-0.06601,0,0,0,0,0,0,0,0,0,1,0,0,0,0,0,1,0,0,0,0,0,1,0,0,132269
-0.05882,-0.2505,0.790598,-0.637051,-0.424571,0.37616,-0.142199,0,0,0,0,0,0,1,0,0,1,0,0,0,0,0,1,0,0,0,0,0,1,0,0,103298
0.042812,-0.2505,0.345091,-0.637051,-0.583311,0.406847,-0.021901,0,0,0,0,0,0,0,1,0,1,0,0,0,0,0,1,0,0,0,0,0,1,0,0,95887
-0.445021,-0.260384,0.523294,-0.637051,-0.734062,0.805769,0.066318,0,0,0,0,0,0,0,0,1,1,0,0,0,0,0,1,0,0,0,0,0,1,0,0,101434
-0.28241,-0.260384,0.434193,-0.637051,-0.4732,0.744396,-0.1021,0,0,0,0,0,0,0,0,0,1,0,0,0,0,0,1,0,0,0,0,0,1,0,0,104808
-0.018167,-0.262314,0.434193,-0.637051,-0.376984,0.560278,-0.03393,0,0,0,0,0,0,0,0,0,1,0,0,0,0,0,1,0,0,0,0,0,1,0,0,120441
-1.136119,-0.258376,-0.456822,-0.637051,-0.448191,0.544935,-0.09007,0,0,0,0,0,1,0,0,0,1,0,0,0,0,0,1,0,0,0,0,0,1,0,0,190673
-2.25407,-0.262314,-0.635025,-0.637051,-0.448191,0.575621,-0.322647,0,0,0,0,0,0,0,0,0,1,0,0,0,0,0,1,0,0,0,0,0,1,0,0,132397
-1.461341,-0.260384,0.345091,-0.637051,-0.273125,0.452876,-0.555224,0,0,0,0,0,0,1,0,0,1,0,0,0,0,0,1,0,0,0,0,0,1,0,0,109391
-1.562973,-0.262314,-0.100416,-0.637051,-0.100375,0.606308,-0.418886,0,0,0,0,0,0,0,1,0,1,0,0,0,0,0,1,0,0,0,0,0,1,0,0,102211
-2.213418,-0.262314,-0.99143,-0.637051,0.015872,0.606308,-0.08205,0,0,0,0,0,0,0,0,1,1,0,0,0,0,0,1,0,0,0,0,0,1,0,0,116563
-2.76223,-0.262314,-0.99143,-0.637051,-0.076177,0.759739,0.146517,0,0,0,0,0,0,0,0,0,1,0,0,0,0,0,1,0,0,0,0,0,1,0,0,102615
-2.843536,-0.262314,-2.23885,-0.637051,-0.039357,0.943857,0.098398,0,0,0,0,0,0,0,0,0,1,0,0,0,0,0,1,0,0,0,0,0,1,0,0,115104
-2.741904,-0.254438,-1.61514,-0.637051,-0.448191,0.928514,0.010179,0,0,0,0,0,1,0,0,0,1,0,0,0,0,0,1,0,0,0,0,0,1,0,0,203268
-2.274397,-0.262314,-2.149749,-0.637051,-0.448191,0.897828,0.162557,0,0,0,0,0,0,0,0,0,1,0,0,0,0,0,1,0,0,0,0,0,1,0,0,158626
-1.949174,-0.262314,-2.23885,-0.637051,-0.448191,0.836455,0.038249,0,0,0,0,0,0,1,0,0,1,0,0,0,0,0,1,0,0,0,0,0,1,0,0,108754
-1.603626,-0.262314,-1.169633,-0.637051,0.053039,1.051259,-0.07403,0,0,0,0,0,0,0,1,0,1,0,0,0,0,0,1,0,0,0,0,0,1,0,0,93580
-1.176772,-0.260384,-1.258735,-0.637051,0.071101,1.189348,0.034239,0,0,0,0,0,0,0,0,1,1,0,0,0,0,0,1,0,0,0,0,0,1,0,0,105275
-0.892202,-0.260384,-0.278619,-0.637051,-0.181077,1.388809,0.090378,0,0,0,0,0,0,0,0,0,1,0,0,0,0,0,1,0,0,0,0,0,1,0,0,108116
-1.034487,-0.262314,0.25599,-0.637051,-0.322449,1.404152,0.010179,0,0,0,0,0,0,0,0,0,1,0,0,0,0,0,1,0,0,0,0,0,1,0,0,126140
-0.770244,-0.260384,-0.545923,-0.637051,-0.448191,1.404152,0.018199,0,0,0,0,0,1,0,0,0,1,0,0,0,0,0,1,0,0,0,0,0,1,0,0,194930
-0.546653,-0.262314,-0.278619,-0.637051,-0.448191,1.388809,-0.021901,0,0,0,0,0,0,0,0,0,1,0,0,0,0,0,1,0,0,0,0,0,1,0,0,227307
-0.932855,-0.262314,-0.100416,-0.037923,-0.274515,1.419495,0.054289,1,0,0,0,0,0,1,0,0,0,0,0,0,0,0,0,0,0,0,0,0,1,0,0,107072
-1.176772,-0.262314,-0.011314,-0.037923,-0.387752,1.174005,0.230726,1,0,0,0,0,0,0,1,0,1,0,0,0,0,0,1,0,0,0,0,0,1,0,0,87766
-1.156445,-0.262314,-1.080532,-0.037923,-0.387752,0.928514,-0.08205,1,0,0,0,0,0,0,0,1,1,0,0,0,0,0,1,0,0,0,0,0,1,0,0,97834
-1.52232,-0.262314,-0.813227,-0.037923,-0.229359,0.913171,-0.021901,1,0,0,0,0,0,0,0,0,1,0,0,0,0,0,1,0,0,0,0,0,1,0,0,93193
-1.156445,-0.262314,-0.100416,-0.037923,-0.149468,1.112632,0.114438,1,0,0,0,0,0,0,0,0,1,0,0,0,0,0,1,0,0,0,0,0,1,0,0,98894
-0.871876,-0.262314,-0.011314,-0.037923,-0.274515,1.097289,0.078348,1,0,0,0,0,1,0,0,0,1,0,0,0,0,0,1,0,0,0,0,0,1,0,0,133916
-0.932855,-0.262314,-0.456822,-0.037923,-0.274515,1.081946,0.006169,1,0,0,0,0,0,0,0,0,1,0,0,0,0,0,1,0,0,0,0,0,1,0,0,119521
-1.095466,-0.260384,-0.278619,-0.037923,-0.290146,1.00523,-0.114129,1,0,0,0,0,0,1,0,0,1,0,0,0,0,0,1,0,0,0,0,0,1,0,0,101071
-0.810897,-0.260384,0.077787,-0.037923,-0.362395,0.9592,0.270826,1,0,0,0,0,0,0,1,0,1,0,0,0,0,0,1,0,0,0,0,0,1,0,0,94644
-0.851549,-0.262314,-0.813227,-0.037923,-0.303692,0.897828,0.395134,1,0,0,0,0,0,0,0,1,1,0,0,0,0,0,1,0,0,0,0,0,1,0,0,98164
-1.136119,-0.260384,-0.635025,-0.037923,-0.295009,0.974544,0.351025,1,0,0,0,0,0,0,0,0,1,0,0,0,0,0,1,0,0,0,0,0,1,0,0,99018
-1.136119,-0.262314,-0.100416,-0.037923,-0.127585,0.943857,0.294886,1,0,0,0,0,0,0,0,0,1,0,0,0,0,0,1,0,0,0,0,0,1,0,0,111014
-0.993834,-0.262314,-1.704242,-0.037923,-0.274515,0.943857,0.371075,1,0,0,0,0,1,0,0,0,1,0,0,0,0,0,1,0,0,0,0,0,1,0,0,160859
-0.770244,-0.262314,-1.793343,-0.037923,-0.274515,0.943857,0.463304,1,0,0,0,0,0,0,0,0,1,0,0,0,0,0,1,0,0,0,0,0,1,0,0,127704
-0.729591,-0.262314,-0.456822,-0.037923,-0.274515,0.805769,0.543503,1,0,0,0,0,0,1,0,0,1,0,0,0,0,0,1,0,0,0,0,0,1,0,0,108910
-1.176772,-0.262314,-0.100416,-0.037923,-0.246032,0.514249,0.635732,1,0,0,0,0,0,0,1,0,1,0,0,0,0,0,1,0,0,0,0,0,1,0,0,105604
-1.07514,-0.258376,-0.36772,-0.037923,-0.310292,0.391504,0.499393,1,0,0,0,0,0,0,0,1,1,0,0,0,0,0,1,0,0,0,0,0,1,0,0,110932
-0.668612,-0.262314,-0.189517,-0.037923,-0.121332,0.330131,0.463304,1,0,0,0,0,0,0,0,0,1,0,0,0,0,0,1,0,0,0,0,0,1,0,0,117066
-0.688938,-0.262314,-0.011314,-0.037923,-0.05603,0.544935,0.258796,1,0,0,0,0,0,0,0,0,1,0,0,0,0,0,1,0,0,0,0,0,1,0,0,123234
-0.627959,-0.262314,-0.100416,-0.037923,-0.274515,0.544935,0.278846,1,0,0,0,0,1,0,0,0,1,0,0,0,0,0,1,0,0,0,0,0,1,0,0,177995
-1.095466,-0.260384,-0.724126,-0.037923,-0.274515,0.560278,0.326965,1,0,0,0,0,0,0,0,0,1,0,0,0,0,0,1,0,0,0,0,0,1,0,0,160451
-1.928848,-0.242624,-0.36772,-0.037923,-0.020253,0.575621,0.302906,1,0,0,0,0,0,1,0,0,1,0,0,0,0,0,1,0,0,0,0,0,1,0,0,130246
-3.372022,-0.155986,-0.100416,-0.037923,0.025945,0.560278,0.499393,1,0,0,0,0,0,0,1,0,1,0,0,0,0,0,1,0,0,0,0,0,1,0,0,109702
-3.107779,-0.262314,-1.526039,-0.037923,0.084648,0.66768,0.338995,1,0,0,0,0,0,0,0,1,1,0,0,0,0,0,1,0,0,0,0,0,1,0,0,115578
-2.477661,-0.262314,-1.793343,-0.037923,0.293059,0.652337,0.359045,1,0,0,0,0,0,0,0,0,1,0,0,0,0,0,1,0,0,0,0,0,1,0,0,130029
-1.928848,-0.262314,-1.347836,-0.037923,0.434779,0.71371,0.334985,1,0,0,0,0,0,0,0,0,1,0,0,0,0,0,1,0,0,0,0,0,1,0,0,143043
-1.827216,-0.222933,-0.813227,-0.037923,-0.274515,0.71371,0.330975,1,0,0,0,0,1,0,0,0,1,0,0,0,0,0,1,0,0,0,0,0,1,0,0,191786
-2.193091,-0.1678,0.612396,-0.037923,-0.274515,0.698367,0.154537,1,0,0,0,0,0,0,0,0,1,0,0,0,0,0,1,0,0,0,0,0,1,0,0,173363
-1.745911,-0.260384,0.523294,-0.037923,0.501123,0.775083,0.174587,1,0,0,0,0,0,1,0,0,1,0,0,0,0,0,1,0,0,0,0,0,1,0,0,140464
-1.258077,-0.260384,1.057903,-0.037923,0.414633,0.836455,0.330975,1,0,0,0,0,0,0,1,0,1,0,0,0,0,0,1,0,0,0,0,0,1,0,0,125401
-1.054813,-0.260384,1.414308,-0.037923,0.360098,0.729053,0.471324,1,0,0,0,0,0,0,0,1,1,0,0,0,0,0,1,0,0,0,0,0,1,0,0,131422
-0.688938,-0.254438,1.414308,-2.17292,0.120772,0.744396,0.423204,0,1,0,0,0,0,0,0,0,1,0,0,0,0,0,1,0,0,0,0,0,1,0,0,146172
-0.56698,-0.260384,1.057903,-2.17292,-0.153983,0.590965,0.507413,0,1,0,0,0,0,0,0,0,1,0,0,0,0,0,1,0,0,0,0,0,1,0,0,147575
-0.993834,-0.260384,0.790598,-2.17292,0.100626,0.590965,0.475333,0,1,0,0,0,1,0,0,0,1,0,0,0,0,0,1,0,0,0,0,0,1,0,0,185823
-0.953181,-0.260384,1.414308,-2.17292,0.100626,0.590965,0.479343,0,1,0,0,0,0,0,0,0,1,0,0,0,0,0,1,0,0,0,0,0,1,0,0,155178
-0.831223,-0.260384,0.8797,-2.17292,-0.233527,0.652337,0.503403,0,1,0,0,0,0,1,0,0,1,0,0,0,0,0,1,0,0,0,0,0,1,0,0,160094
-1.095466,-0.238686,0.8797,-2.17292,-0.161973,0.805769,0.527463,0,1,0,0,0,0,0,1,0,1,0,0,0,0,0,1,0,0,0,0,0,1,0,0,150723
-1.562973,-0.260384,1.236106,-2.17292,-0.074787,0.590965,0.375085,0,1,0,0,0,0,0,0,1,1,0,0,0,0,0,1,0,0,0,0,0,1,0,0,136627
-2.335376,-0.175677,0.701497,-2.17292,-0.026505,0.66768,0.459294,0,1,0,0,0,0,0,0,0,1,0,0,0,0,0,0,1,0,0,0,0,1,0,0,122127
-2.396355,-0.238686,0.077787,-2.17292,0.332657,0.590965,0.419194,0,1,0,0,0,0,0,0,0,1,0,0,0,0,0,0,1,0,0,0,0,1,0,0,94305
-2.050806,-0.242624,-0.36772,-2.17292,0.100626,0.590965,0.427214,0,1,0,0,0,1,0,0,0,0,0,0,0,0,1,0,1,0,0,0,0,1,0,0,128198
-1.441015,-0.262314,-1.436937,-2.17292,0.100626,0.590965,0.387115,0,1,0,0,0,0,0,0,0,0,0,0,0,0,1,0,1,0,0,0,0,1,0,0,207735
-1.29873,-0.262314,-1.882445,-2.17292,0.318763,0.621651,0.334985,0,1,0,0,0,0,1,0,0,0,0,0,0,0,1,0,1,0,0,0,0,1,0,0,207789
-1.07514,-0.262314,-0.456822,-2.17292,0.460483,0.406847,0.395134,0,1,0,0,0,0,0,1,0,0,0,0,0,0,1,0,1,0,0,0,0,1,0,0,201876
-0.709265,-0.262314,0.166888,-2.17292,0.43721,0.606308,0.371075,0,1,0,0,0,0,0,0,1,0,0,0,0,0,1,0,1,0,0,0,0,1,0,0,198453
-0.445021,-0.262314,-0.545923,-2.17292,0.413591,0.698367,0.423204,0,1,0,0,0,0,0,0,0,0,0,0,0,0,1,1,0,0,0,0,0,1,0,0,191549
-0.831223,-0.260384,0.077787,-2.17292,0.593519,0.636994,0.495383,0,1,0,0,0,0,0,0,0,0,0,0,0,0,1,1,0,0,0,0,0,1,0,0,170389
-1.01416,-0.260384,0.523294,-2.17292,0.100626,0.636994,0.507413,0,1,0,0,0,1,0,0,0,0,0,0,0,0,1,1,0,0,0,0,0,1,0,0,130352
-0.587306,-0.262314,0.968801,-2.17292,0.100626,0.636994,0.439244,0,1,0,0,0,0,0,0,0,1,0,0,0,0,0,1,0,0,0,0,0,1,0,0,107309
-0.363716,-0.262314,1.057903,-2.17292,0.100626,0.560278,0.423204,0,1,0,0,0,0,1,0,0,1,0,0,0,0,0,1,0,0,0,0,0,1,0,0,106870
-0.119799,-0.262314,0.968801,-2.17292,0.476461,0.575621,0.403154,0,1,0,0,0,0,0,1,0,1,0,0,0,0,0,1,0,0,0,0,0,1,0,0,105210
0.002159,-0.262314,0.523294,-2.17292,0.43721,0.514249,0.443254,0,1,0,0,0,0,0,0,1,1,0,0,0,0,0,1,0,0,0,0,0,1,0,0,104907
-0.180778,-0.262314,0.968801,-2.17292,0.558089,0.498906,0.515433,0,1,0,0,0,0,0,0,0,1,0,0,0,0,0,1,0,0,0,0,0,1,0,0,104004
-0.831223,-0.260384,0.790598,-2.17292,0.441379,0.314788,0.491373,0,1,0,0,0,0,0,0,0,1,0,0,0,0,0,1,0,0,0,0,0,1,0,0,109806
-1.156445,-0.260384,-0.278619,-2.17292,0.100626,0.314788,0.503403,0,1,0,0,0,1,0,0,0,1,0,0,0,0,0,1,0,0,0,0,0,1,0,0,132746
-1.501994,-0.262314,-0.456822,-2.17292,0.100626,0.314788,0.571572,0,1,0,0,0,0,0,0,0,1,0,0,0,0,0,1,0,0,0,0,0,1,0,0,114263
-1.278404,-0.260384,-0.011314,-2.17292,0.379203,0.391504,0.619692,0,1,0,0,0,0,1,0,0,1,0,0,0,0,0,1,0,0,0,0,0,1,0,0,97365
-1.400362,-0.260384,-0.278619,-2.17292,0.546627,0.360817,0.587612,0,1,0,0,0,0,0,1,0,1,0,0,0,0,0,1,0,0,0,0,0,1,0,0,92937
-1.258077,-0.260384,0.790598,-2.17292,0.607761,0.284101,0.74801,0,1,0,0,0,0,0,0,1,1,0,0,0,0,0,0,0,0,0,0,0,1,0,0,98220
-1.176772,-0.260384,0.790598,-2.17292,0.583793,0.330131,0.78009,0,1,0,0,0,0,0,0,0,1,0,0,0,0,0,1,0,0,0,0,0,1,0,0,92891
-2.274397,-0.260384,-0.36772,0.358637,0.703283,0.406847,0.77608,0,0,0,0,0,0,0,0,0,1,0,0,0,0,0,1,0,0,0,0,0,1,0,0,102471
-2.53864,-0.2505,-0.189517,0.358637,0.657779,0.391504,0.77207,0,0,0,0,0,1,0,0,0,1,0,0,0,0,0,1,0,0,0,0,0,1,0,0,126552
-1.705258,-0.254438,0.434193,0.358637,0.657779,0.391504,0.73999,0,0,0,0,0,0,0,0,0,1,0,0,0,0,0,1,0,0,0,0,0,1,0,0,103203
-0.973508,-0.207181,1.325207,0.358637,0.726555,0.437533,0.655781,0,0,0,0,0,0,1,0,0,1,0,0,0,0,0,1,0,0,0,0,0,1,0,0,92991
-0.038494,-0.260384,0.968801,0.358637,0.589351,0.406847,0.599642,0,0,0,0,0,0,0,1,0,1,0,0,0,0,0,1,0,0,0,0,0,1,0,0,83947
-0.323063,-0.258376,0.790598,0.358637,0.660558,0.498906,0.583602,0,0,0,0,0,0,0,0,1,1,0,0,0,0,0,1,0,0,0,0,0,1,0,0,86680
-1.176772,-0.260384,-0.36772,0.358637,0.648401,0.514249,0.459294,0,0,0,0,0,0,0,0,0,1,0,0,0,0,0,1,0,0,0,0,0,1,0,0,91733
-1.156445,-0.254438,-1.080532,0.358637,0.627907,0.544935,0.447264,0,0,0,0,0,0,0,0,0,1,0,0,0,0,0,1,0,0,0,0,0,1,0,0,116923
-1.603626,-0.179615,-0.278619,0.358637,0.657779,0.544935,0.431224,0,0,0,0,0,1,0,0,0,1,0,0,0,0,0,1,0,0,0,0,0,1,0,0,140168
-1.725584,-0.081163,0.612396,0.358637,0.657779,0.544935,0.431224,0,0,0,0,0,0,0,0,0,1,0,0,0,0,0,1,0,0,0,0,0,1,0,0,110589
-1.481667,0.198439,1.325207,0.358637,0.485492,0.606308,0.383105,0,0,0,0,0,0,1,0,0,1,0,0,0,0,0,1,0,0,0,0,0,1,0,0,86946
-1.054813,-0.262314,-1.347836,0.358637,0.512586,0.575621,0.563552,0,0,0,0,0,0,0,1,0,1,0,0,0,0,0,1,0,0,0,0,0,1,0,0,92479
-1.034487,-0.260384,-0.902329,0.358637,0.63277,0.560278,0.515433,0,0,0,0,0,0,0,0,1,1,0,0,0,0,0,1,0,0,0,0,0,1,0,0,99808
-0.953181,-0.262314,-0.456822,0.358637,0.86897,0.391504,0.543503,0,0,0,0,0,0,0,0,0,1,0,0,0,0,0,1,0,0,0,0,0,1,0,0,95278
-0.871876,-0.262314,0.25599,0.358637,0.93983,0.314788,0.487363,0,0,0,0,0,0,0,0,0,1,0,0,0,0,0,1,0,0,0,0,0,1,0,0,112211
-0.770244,-0.260384,1.057903,0.358637,0.657779,0.314788,0.491373,0,0,0,0,0,1,0,0,0,1,0,0,0,0,0,1,0,0,0,0,0,1,0,0,164454
-0.28241,-0.262314,0.8797,0.358637,0.657779,0.314788,0.523453,0,0,0,0,0,0,0,0,0,1,0,0,0,0,0,1,0,0,0,0,0,1,0,0,124320
-0.709265,-0.238686,1.414308,0.358637,1.072866,0.268758,0.411174,0,0,0,0,0,0,1,0,0,1,0,0,0,0,0,1,0,0,0,0,0,1,0,0,106278
-0.668612,-0.2505,-0.635025,0.358637,1.233342,0.161356,0.523453,0,0,0,0,0,0,0,1,0,1,0,0,0,0,0,1,0,0,0,0,0,1,0,0,94193
-0.749917,-0.262314,-1.971546,0.358637,1.020878,0.146013,0.519443,0,0,0,0,0,0,0,0,1,1,0,0,0,0,0,1,0,0,0,0,0,1,0,0,102128
-0.770244,-0.260384,-0.99143,0.358637,0.964492,-0.022762,0.511423,0,0,0,0,0,0,0,0,0,1,0,0,0,0,0,1,0,0,0,0,0,1,0,0,101547
-0.404369,-0.260384,0.612396,0.358637,0.914473,-0.068791,0.599642,0,0,0,0,0,0,0,0,0,1,0,0,0,0,0,1,0,0,0,0,0,1,0,0,124113
0.042812,-0.262314,0.701497,0.358637,0.657779,-0.068791,0.599642,0,0,0,0,0,1,0,0,0,1,0,0,0,0,0,1,0,0,0,0,0,1,0,0,169398
0.388361,-0.262314,0.077787,0.358637,0.657779,-0.084134,0.471324,0,0,0,0,0,0,0,0,0,1,0,0,0,0,0,1,0,0,0,0,0,1,0,0,130881
0.286729,-0.262314,0.25599,0.358637,1.005479,0.08464,0.471324,0,0,0,0,0,0,1,0,0,1,0,0,0,0,0,1,0,0,0,0,0,1,0,0,103257
0.347708,-0.262314,0.25599,0.358637,1.050635,-0.007419,0.527463,0,0,0,0,0,0,0,1,0,1,0,0,0,0,0,1,0,0,0,0,0,1,0,0,103118
-0.424695,-0.260384,0.523294,0.358637,0.971091,-0.130164,0.579592,0,0,0,0,0,0,0,0,1,1,0,0,0,0,0,1,0,0,0,0,0,1,0,0,104217
0.042812,-0.262314,0.523294,0.358637,1.135042,-0.114821,0.679841,0,0,0,0,0,0,0,0,0,1,0,0,0,0,0,1,0,0,0,0,0,1,0,0,102100
0.205423,-0.260384,0.434193,0.358637,0.657779,-0.053448,0.707911,0,0,0,0,0,0,0,0,0,1,0,0,0,0,0,1,0,0,0,0,0,1,0,0,101052
0.388361,-0.260384,0.345091,0.358637,0.657779,-0.053448,0.695881,0,0,0,0,0,1,0,0,0,1,0,0,0,0,0,1,0,0,0,0,0,1,0,0,136051
0.530645,-0.258376,0.701497,0.358637,0.657779,-0.053448,0.667811,0,0,0,0,0,0,0,0,0,1,0,0,0,0,0,1,0,0,0,0,0,1,0,0,93145
0.571298,-0.260384,0.434193,-0.348741,1.28614,-0.176193,0.707911,0,0,0,0,0,0,1,0,0,1,0,0,0,0,0,1,0,0,0,0,0,1,0,0,70121
0.510319,-0.262314,0.345091,-0.348741,1.443838,-0.16085,0.860289,0,0,0,0,0,0,0,1,0,1,0,0,0,0,0,1,0,0,0,0,0,1,0,0,80419
0.571298,-0.260384,0.345091,-0.348741,1.561938,-0.099478,0.78811,0,0,0,0,0,0,0,0,1,1,0,0,0,0,0,1,0,0,0,0,0,1,0,0,94788
0.550972,-0.260384,0.434193,-0.348741,1.637313,-0.176193,0.76405,0,0,0,0,0,0,0,0,0,0,1,0,0,0,0,0,0,1,0,0,0,1,0,0,186375
0.408687,-0.2505,0.434193,-0.348741,1.76375,-0.252909,0.79212,0,0,0,0,0,0,0,0,0,0,1,0,0,0,0,0,0,0,0,0,0,1,0,0,173337
-0.018167,-0.155986,1.147004,-0.348741,1.238553,-0.252909,0.820189,0,0,0,0,0,1,0,0,0,0,1,0,0,0,0,1,0,0,0,0,0,1,0,0,93750
0.185097,-0.226871,1.057903,-0.348741,1.238553,-0.252909,0.808159,0,0,0,0,0,0,0,0,0,1,0,0,0,0,0,1,0,0,0,0,0,1,0,0,84918
0.124118,-0.262314,0.968801,-0.348741,1.660239,-0.191537,0.904398,0,0,0,0,0,0,1,0,0,1,0,0,0,0,0,1,0,0,0,0,0,1,0,0,98001
-0.323063,-0.260384,0.166888,-0.348741,1.629324,-0.084134,0.852269,0,0,0,0,0,0,0,1,0,1,0,0,0,0,0,1,0,0,0,0,0,1,0,0,98104
-0.160452,-0.262314,-0.724126,-0.348741,1.58139,-0.360311,1.052766,0,0,0,0,0,0,0,0,1,1,0,0,0,0,0,1,0,0,0,0,0,1,0,0,118908
0.002159,-0.262314,0.077787,-0.348741,1.596673,-0.344968,1.144995,0,0,0,0,0,0,0,0,0,1,0,0,0,0,0,1,0,0,0,0,0,1,0,0,120367
0.266402,-0.262314,0.166888,-0.348741,1.644608,-0.421684,1.104896,0,0,0,0,0,0,0,0,0,1,0,0,0,0,0,1,0,0,0,0,0,1,0,0,134180
0.489993,-0.262314,0.077787,-0.348741,1.238553,-0.421684,1.116926,0,0,0,0,0,1,0,0,0,1,0,0,0,0,0,1,0,0,0,0,0,1,0,0,172133
0.652604,-0.262314,0.166888,-0.348741,1.238553,-0.421684,1.128956,0,0,0,0,0,0,0,0,0,1,0,0,0,0,0,1,0,0,0,0,0,1,0,0,131363
0.652604,-0.262314,0.25599,-0.348741,1.552212,-0.621145,0.78009,0,0,0,0,0,0,1,0,0,1,0,0,0,0,0,1,0,0,0,0,0,1,0,0,110487
0.693257,-0.262314,0.077787,-0.348741,1.562633,-0.682518,0.896378,0,0,0,0,0,0,0,1,0,1,0,0,0,0,0,1,0,0,0,0,0,1,0,0,99447
0.794889,-0.262314,0.166888,-0.348741,1.359431,-0.513743,0.820189,0,0,0,0,0,0,0,0,1,1,0,0,0,0,0,1,0,0,0,0,0,1,0,0,107628
0.489993,0.076359,0.345091,-0.348741,1.172208,-0.605802,0.896378,0,0,0,0,0,0,0,0,0,1,0,0,0,0,0,1,0,0,0,0,0,1,0,0,105887
0.632277,-0.175677,0.345091,-0.348741,1.283014,-0.713204,0.860289,0,0,0,0,0,0,0,0,0,1,0,0,0,0,0,1,0,0,0,0,0,1,0,0,120123
0.591625,1.399549,0.434193,-0.348741,1.238553,-0.713204,0.876329,0,0,0,0,0,1,0,0,0,1,0,0,0,0,0,1,0,0,0,0,0,1,0,0,145830
-0.119799,2.951145,1.236106,-0.348741,1.238553,-0.713204,0.916428,0,0,0,0,0,0,0,0,0,1,0,0,0,0,0,1,0,0,0,0,0,1,0,0,102034
0.144444,0.25751,1.236106,-0.348741,1.031878,-0.759234,1.040737,0,0,0,0,0,0,1,0,0,1,0,0,0,0,0,1,0,0,0,0,0,1,0,0,98244
0.185097,1.312911,1.325207,-0.348741,1.140252,-0.682518,1.008657,0,0,0,0,0,0,0,1,0,1,0,0,0,0,0,1,0,0,0,0,0,1,0,0,80701
0.286729,-0.260384,1.057903,-0.348741,1.228827,-0.835949,0.864299,0,0,0,0,0,0,0,0,1,1,0,0,0,0,0,1,0,0,0,0,0,1,0,0,98477
0.429013,-0.037844,0.8797,-0.348741,1.224659,-0.728547,0.73999,0,0,0,0,0,0,0,0,0,1,0,0,0,0,0,1,0,0,0,0,0,1,0,0,89218
0.571298,0.722202,1.057903,-0.348741,1.337896,-0.805263,0.75202,0,0,0,0,0,0,0,0,0,1,0,0,0,0,0,1,0,0,0,0,0,1,0,0,104221
0.876194,-0.230809,0.790598,-0.348741,1.238553,-0.805263,0.75202,0,0,0,0,0,1,0,0,0,1,0,0,0,0,0,1,0,0,0,0,0,1,0,0,122596
0.185097,0.21813,1.236106,-0.348741,1.238553,-0.805263,0.73999,0,0,0,0,0,0,0,0,0,1,0,0,0,0,0,1,0,0,0,0,0,1,0,0,105839
0.652604,-0.262314,0.790598,-0.348741,1.238553,-0.682518,0.643751,0,0,0,0,0,0,1,0,0,1,0,0,0,0,0,1,0,0,0,0,0,1,0,0,109253
0.835541,0.592246,0.434193,-0.348741,1.111074,-0.835949,0.563552,0,0,0,0,0,0,0,1,0,1,0,0,0,0,0,1,0,0,0,0,0,1,0,0,134928
-0.160452,1.820921,1.414308,0.469031,0.832498,-0.74389,0.519443,0,0,0,0,0,0,0,0,1,0,0,1,0,0,0,1,0,0,1,0,0,1,0,0,208806
0.022486,-0.218995,1.057903,0.469031,0.673063,-0.575116,0.110428,0,0,0,0,0,0,0,0,0,0,0,1,0,0,0,1,0,0,0,0,0,1,0,0,216970
-0.038494,-0.260384,0.968801,0.469031,0.619918,-0.529086,0.138498,0,0,0,0,0,0,0,0,0,0,0,1,0,0,0,1,0,0,0,0,0,1,0,0,220939
-0.099473,2.695171,1.50341,0.469031,0.545237,-0.529086,0.110428,0,0,0,0,0,1,0,0,0,0,0,1,0,0,0,1,0,0,0,0,0,1,0,0,141326
0.16477,-0.053597,0.8797,0.469031,0.545237,-0.529086,0.082358,0,0,0,0,0,0,0,0,0,0,0,1,0,0,0,1,0,0,0,0,0,1,0,0,115807
0.652604,-0.262314,0.523294,0.469031,0.582404,-0.483057,0.334985,0,0,0,0,0,0,1,0,0,1,0,0,0,0,0,1,0,0,0,0,0,1,0,0,101054
0.550972,-0.262314,0.345091,0.469031,0.586919,-0.575116,0.463304,0,0,0,0,0,0,0,1,0,1,0,0,0,0,0,1,0,0,0,0,0,1,0,0,93231
0.44934,-0.260384,-0.011314,0.469031,0.574415,-0.559772,0.298896,0,0,0,0,0,0,0,0,1,1,0,0,0,0,0,1,0,0,0,0,0,1,0,0,88031
0.266402,-0.262314,-0.724126,0.469031,0.70363,-0.605802,0.190627,0,0,0,0,0,0,0,0,0,1,0,0,0,0,0,1,0,0,0,0,0,1,0,0,94172
0.16477,-0.260384,-0.36772,0.469031,0.659516,-0.682518,0.210677,0,0,0,0,0,0,0,0,0,1,0,0,0,0,0,1,0,0,0,0,0,1,0,0,88032
0.44934,-0.260384,0.434193,0.469031,0.545237,-0.682518,0.210677,0,0,0,0,0,1,0,0,0,1,0,0,0,0,0,1,0,0,0,0,0,1,0,0,92249
0.530645,-0.140234,0.790598,0.469031,0.545237,-0.682518,0.202657,0,0,0,0,0,0,0,0,0,1,0,0,0,0,0,1,0,0,0,0,0,1,0,0,101208
0.388361,-0.234747,0.434193,0.469031,0.61436,-0.636488,0.134488,0,0,0,0,0,0,1,0,0,1,0,0,0,0,0,1,0,0,0,0,0,1,0,0,87522
0.205423,-0.262314,-1.080532,0.469031,0.608455,-0.529086,0.086368,0,0,0,0,0,0,0,1,0,1,0,0,0,0,0,1,0,0,0,0,0,1,0,0,84551
0.388361,-0.262314,-1.258735,0.469031,0.545932,-0.283596,0.006169,0,0,0,0,0,0,0,0,1,1,0,0,0,0,0,1,0,0,0,0,0,1,0,0,86920
0.347708,-0.262314,-1.436937,0.469031,0.668547,-0.390998,-0.322647,0,0,0,0,0,0,0,0,0,1,0,0,0,0,0,1,0,0,0,0,0,1,0,0,96080
0.286729,-0.260384,-0.456822,0.469031,0.751912,-0.437027,-0.278537,0,0,0,0,0,0,0,0,0,1,0,0,0,0,0,1,0,0,0,0,0,1,0,0,109298
0.368034,-0.260384,-0.456822,0.469031,0.545237,-0.437027,-0.274527,0,0,0,0,0,1,0,0,0,1,0,0,0,0,0,1,0,0,0,0,0,1,0,0,149443
0.124118,0.426847,0.612396,0.469031,0.545237,-0.45237,-0.302597,0,0,0,0,0,0,0,0,0,1,0,0,0,0,0,1,0,0,0,0,0,1,0,0,96816
0.002159,0.946671,1.414308,0.469031,0.787689,-0.529086,-0.454975,0,0,0,0,0,0,1,0,0,1,0,0,0,0,0,1,0,0,0,0,0,1,0,0,84313
0.16477,1.521628,1.681613,0.469031,0.544542,-0.529086,-0.218388,0,0,0,0,0,0,0,1,0,1,0,0,0,0,0,1,0,0,0,0,0,1,0,0,79487
0.327381,-0.260384,1.325207,0.469031,0.503902,-0.513743,-0.182299,0,0,0,0,0,0,0,0,1,1,0,0,0,0,0,1,0,0,0,0,0,1,0,0,86348
0.286729,-0.163862,1.325207,0.469031,0.428527,-0.483057,-0.02992,0,0,0,0,0,0,0,0,0,1,0,0,0,0,0,1,0,0,0,0,0,1,0,0,86956
0.16477,0.430785,1.414308,0.469031,0.415675,-0.483057,0.038249,0,0,0,0,0,0,0,0,0,1,0,0,0,0,0,1,0,0,0,0,0,1,0,0,108152
0.368034,0.044855,1.325207,0.469031,0.545237,-0.483057,-0.013881,0,0,0,0,0,1,0,0,0,1,0,0,0,0,0,1,0,0,0,0,0,1,0,0,139920
0.591625,-0.2505,0.968801,0.469031,0.545237,-0.483057,0.094388,0,0,0,0,0,0,0,0,0,1,0,0,0,0,0,1,0,0,0,0,0,1,0,0,114026
0.794889,0.001536,0.790598,0.469031,0.545237,-0.45237,-0.08606,0,0,0,0,0,0,1,0,0,1,0,0,0,0,0,1,0,0,0,0,0,1,0,0,87385
0.733909,0.088174,0.612396,0.469031,0.648748,-0.421684,0.026219,0,0,0,0,0,0,0,1,0,1,0,0,0,0,0,1,0,0,0,0,0,1,0,0,80234
0.266402,-0.262314,-0.545923,0.469031,0.768932,-0.636488,0.154537,0,0,0,0,0,0,0,0,1,1,0,0,0,0,0,1,0,0,0,0,0,1,0,0,83771
0.205423,-0.116606,0.8797,0.469031,0.599077,-0.590459,0.302906,0,0,0,0,0,0,0,0,0,1,0,0,0,0,0,1,0,0,0,0,0,0,1,0,83536
0.550972,0.265386,1.325207,0.469031,0.459094,-0.713204,0.359045,0,0,0,0,0,0,0,0,0,1,0,0,0,0,0,1,0,0,0,0,0,0,1,0,92219
0.530645,1.872116,1.057903,0.725188,0.446589,-0.713204,0.395134,0,0,1,0,0,1,0,0,0,1,0,0,0,0,0,1,0,0,0,0,0,0,1,0,116452
0.713583,-0.136296,0.701497,0.725188,0.446589,-0.713204,0.423204,0,0,1,0,0,0,0,0,0,1,0,0,0,0,0,1,0,0,0,0,0,1,0,0,95842
0.16477,0.076359,1.325207,0.725188,0.205179,-0.529086,0.411174,0,0,1,0,0,0,1,0,0,1,0,0,0,0,0,1,0,0,0,0,0,1,0,0,79953
-0.079146,-0.14811,0.8797,0.725188,-0.106744,-0.575116,0.162557,0,0,1,0,0,0,0,1,0,1,0,0,0,0,0,1,0,0,0,0,0,1,0,0,73369
-0.018167,0.072421,1.236106,0.725188,-0.099102,-0.513743,0.014189,0,0,1,0,0,0,0,0,1,1,0,0,0,0,0,1,0,0,0,0,0,1,0,0,81288
0.408687,-0.260384,1.057903,0.725188,0.096458,-0.4984,-0.005861,0,0,1,0,0,0,0,0,0,1,0,0,0,0,0,1,0,0,0,0,0,1,0,0,93929
0.22575,-0.199305,1.414308,0.725188,0.198927,-0.667175,0.086368,0,0,1,0,0,0,0,0,0,1,0,0,0,0,0,1,0,0,0,0,0,1,0,0,112035
0.368034,0.005474,1.236106,0.725188,0.446589,-0.667175,0.082358,0,0,1,0,0,1,0,0,0,0,0,0,1,0,0,1,0,0,0,0,0,1,0,0,170479
0.429013,1.056937,1.50341,0.725188,0.446589,-0.667175,0.138498,0,0,1,0,0,0,0,0,0,0,0,0,1,0,0,1,0,0,0,0,0,1,0,0,142326
0.815215,-0.254438,0.790598,0.725188,0.333352,-0.636488,0.138498,0,0,1,0,0,0,1,0,0,0,0,0,1,0,0,0,0,0,0,0,0,1,0,0,99996
0.937173,-0.238686,0.701497,0.725188,0.513281,-0.605802,0.146517,0,0,1,0,0,0,0,1,0,1,0,0,0,0,0,1,0,0,0,0,0,1,0,0,85888
1.018479,0.064545,0.612396,0.725188,0.587961,-0.483057,0.010179,0,0,1,0,0,0,0,0,1,1,0,0,0,0,0,1,0,0,0,0,0,1,0,0,90603
1.099784,-0.069349,0.612396,0.725188,0.575457,-0.590459,0.046269,0,0,1,0,0,0,0,0,0,1,0,0,0,0,0,1,0,0,0,0,0,1,0,0,92947
1.059132,0.997866,0.523294,0.725188,0.570941,-0.590459,0.038249,0,0,1,0,0,0,0,0,0,1,0,0,0,0,0,1,0,0,0,0,0,1,0,0,100015
0.754236,0.852158,0.8797,0.725188,0.446589,-0.590459,0.038249,0,0,1,0,0,1,0,0,0,1,0,0,0,0,0,1,0,0,0,0,0,1,0,0,128193
0.876194,0.426847,0.8797,0.725188,0.446589,-0.590459,0.118448,0,0,1,0,0,0,0,0,0,1,0,0,0,0,0,1,0,0,0,0,0,1,0,0,99572
1.140437,-0.260384,0.345091,0.725188,0.722734,-0.575116,0.050279,0,0,1,0,0,0,1,0,0,1,0,0,0,0,0,1,0,0,0,0,0,1,0,0,94883
1.099784,-0.081163,0.434193,0.725188,0.932188,-0.590459,-0.09007,0,0,1,0,0,0,0,1,0,1,0,0,0,0,0,1,0,0,0,0,0,1,0,0,89459
1.120111,0.107864,0.345091,0.725188,0.446589,-0.682518,-0.09408,0,0,1,0,0,0,0,0,1,1,0,0,0,0,0,1,0,0,0,0,0,1,0,0,93689
1.120111,-0.065411,0.523294,0.725188,0.944924,-0.636488,-0.170269,0,0,1,0,0,0,0,0,0,1,0,0,0,0,0,1,0,0,0,0,0,1,0,0,94358
1.282722,-0.262314,-0.011314,0.725188,0.945735,-0.651831,-0.178289,0,0,1,0,0,0,0,0,0,1,0,0,0,0,0,1,0,0,0,0,0,1,0,0,105524
1.364028,-0.262314,-0.100416,0.725188,0.446589,-0.651831,-0.190318,0,0,1,0,0,1,0,0,0,1,0,0,0,0,0,1,0,0,0,0,0,1,0,0,140979
1.221743,-0.077225,0.166888,0.725188,0.446589,-0.651831,-0.154229,0,0,1,0,0,0,0,0,0,1,0,0,0,0,0,1,0,0,0,0,0,1,0,0,115363
1.282722,-0.2505,0.077787,0.725188,0.945735,-0.621145,-0.04596,0,0,1,0,0,0,1,0,0,1,0,0,0,0,0,1,0,0,0,0,0,1,0,0,97580
1.140437,0.485918,0.25599,0.725188,0.976302,-0.74389,0.014189,0,0,1,0,0,0,0,1,0,1,0,0,0,0,0,1,0,0,0,0,0,1,0,0,91681
1.201416,-0.262314,0.25599,0.725188,0.920378,-0.881979,-0.04195,0,0,1,0,0,0,0,0,1,1,0,0,0,0,0,1,0,0,0,0,0,1,0,0,96252
1.262396,-0.207181,0.25599,0.725188,0.981512,-0.805263,0.002159,0,0,1,0,0,0,0,0,0,1,0,0,0,0,0,1,0,0,0,0,0,1,0,0,97000
1.323375,-0.199305,-0.100416,0.725188,1.046814,-0.805263,-0.017891,0,0,1,0,0,0,0,0,0,1,0,0,0,0,0,1,0,0,0,0,0,1,0,0,104590
0.9575,0.348086,0.523294,0.725188,0.446589,-0.805263,-0.013881,0,0,1,0,0,1,0,0,0,1,0,0,0,0,0,1,0,0,0,0,0,1,0,0,137691
1.18109,0.080298,0.25599,0.725188,0.446589,-0.805263,0.002159,0,0,1,0,0,0,0,0,0,1,0,0,0,0,0,1,0,0,0,0,0,1,0,0,110676
1.242069,-0.163862,0.166888,1.246075,1.137821,-0.805263,0.110428,0,0,0,0,0,0,1,0,0,1,0,0,0,0,0,1,0,0,0,0,0,1,0,0,96811
1.221743,-0.053597,0.25599,1.246075,1.265299,-0.866636,0.130478,0,0,0,0,0,0,0,1,0,1,0,0,0,0,0,1,0,0,0,0,0,1,0,0,97045
1.221743,-0.262314,0.166888,1.246075,1.26773,-0.928008,0.050279,0,0,0,0,0,0,0,0,1,1,0,0,0,0,0,1,0,0,0,0,0,1,0,0,96771
1.160764,-0.061473,0.166888,1.246075,0.671673,-0.805263,0.022209,0,0,0,0,0,0,0,0,0,1,0,0,0,0,0,1,0,0,0,0,0,1,0,0,100651
1.262396,-0.203243,-0.011314,1.246075,1.297603,-0.651831,0.214687,0,0,0,0,0,0,0,0,0,1,0,0,0,0,0,1,0,0,0,0,0,1,0,0,110365
1.282722,-0.254438,0.077787,1.246075,0.671673,-0.651831,0.194637,0,0,0,0,0,1,0,0,0,1,0,0,0,0,0,1,0,0,0,0,0,1,0,0,153248
1.445333,-0.260384,-0.189517,1.246075,0.671673,-0.651831,0.186617,0,0,0,0,0,0,0,0,0,1,0,0,0,0,0,1,0,0,0,0,0,1,0,0,129474
1.343701,-0.254438,-0.36772,1.246075,1.187839,-0.728547,-0.013881,0,0,0,0,0,0,1,0,0,1,0,0,0,0,0,1,0,0,0,0,0,1,0,0,116032
1.323375,-0.260384,-0.36772,1.246075,1.057235,-0.78992,0.082358,0,0,0,0,0,0,0,1,0,1,0,0,0,0,0,1,0,0,0,0,0,1,0,0,111018
1.242069,0.159059,-0.100416,1.246075,1.055151,-0.866636,0.034239,0,0,0,0,0,0,0,0,1,1,0,0,0,0,0,1,0,0,0,0,0,1,0,0,115100
1.160764,-0.00634,0.166888,1.246075,1.140599,-0.697861,-0.021901,0,0,0,0,0,0,0,0,0,1,0,0,0,0,0,1,0,0,0,0,0,1,0,0,114964
1.018479,0.698573,0.701497,1.246075,1.178461,-0.820606,-0.05398,0,0,0,0,0,0,0,0,0,1,0,0,0,0,0,1,0,0,0,0,0,1,0,0,123137
1.262396,0.052731,-0.011314,1.246075,0.671673,-0.820606,-0.07002,0,0,0,0,0,1,0,0,0,1,0,0,0,0,0,1,0,0,0,0,0,1,0,0,170361
1.18109,3.281942,0.523294,1.246075,0.671673,-0.820606,-0.110119,0,0,0,0,0,0,0,0,0,1,0,0,0,0,0,1,0,0,0,0,0,1,0,0,148621
1.059132,0.273263,0.790598,1.246075,1.084328,-0.881979,-0.118139,0,0,0,0,0,0,1,0,0,1,0,0,0,0,0,1,0,0,0,0,0,1,0,0,126650
0.916847,0.355962,0.8797,1.246075,0.965881,-0.912665,-0.158239,0,0,0,0,0,0,0,1,0,1,0,0,0,0,0,1,0,0,0,0,0,1,0,0,121312
1.018479,0.277201,0.612396,1.246075,1.050635,-0.805263,-0.08606,0,0,0,0,0,0,0,0,1,1,0,0,0,0,0,1,0,0,0,0,0,1,0,0,121329
0.794889,0.509546,1.057903,1.246075,1.211112,-0.943351,0.018199,0,0,0,0,0,0,0,0,0,1,0,0,0,0,0,1,0,0,0,0,0,1,0,0,119150
0.916847,1.332601,1.147004,1.246075,0.97526,-1.096783,0.062308,0,0,0,0,0,0,0,0,0,1,0,0,0,0,0,1,0,0,0,0,0,1,0,0,130337
1.18109,-0.116606,0.790598,1.246075,0.671673,-1.096783,0.046269,0,0,0,0,0,1,0,0,0,1,0,0,0,0,0,1,0,0,0,0,0,0,1,0,177558
1.140437,-0.077225,0.612396,1.246075,0.671673,-1.127469,0.030229,0,0,0,0,0,0,0,0,0,1,0,0,0,0,0,1,0,0,0,0,0,0,1,0,149799
1.242069,-0.254438,0.345091,1.246075,0.587614,-1.158156,-0.09007,0,0,0,0,0,0,1,0,0,1,0,0,0,0,0,1,0,0,0,0,0,1,0,0,126671
1.262396,-0.262314,-0.011314,1.246075,0.466735,-1.08144,-0.02591,0,0,0,0,0,0,0,1,0,1,0,0,0,0,0,1,0,0,0,0,0,1,0,0,125944
1.18109,-0.262314,0.345091,1.246075,0.46222,-1.050754,-0.03393,0,0,0,0,0,0,0,0,1,1,0,0,0,0,0,1,0,0,0,0,0,1,0,0,128112
1.303048,-0.260384,0.166888,1.246075,0.463262,-1.020067,-0.114129,0,0,0,0,0,0,0,0,0,1,0,0,0,0,0,1,0,0,0,0,0,1,0,0,122970
1.079458,-0.108729,0.790598,1.246075,0.461525,-1.142813,-0.126159,0,0,0,0,0,0,0,0,0,1,0,0,0,0,0,1,0,0,0,0,0,1,0,0,135786
0.855868,1.104194,1.057903,1.246075,0.671673,-1.142813,-0.122149,0,0,0,0,0,1,0,0,0,1,0,0,0,0,0,1,0,0,0,0,0,1,0,0,160280
0.530645,2.470702,1.592511,1.246075,0.671673,-1.142813,-0.106109,0,0,0,0,0,0,0,0,0,1,0,0,0,0,0,1,0,0,0,0,0,1,0,0,135798
0.632277,0.001536,1.147004,1.246075,0.318416,-1.158156,-0.009871,0,0,0,0,0,0,1,0,0,1,0,0,0,0,0,1,0,0,0,0,0,1,0,0,124420
0.632277,0.899415,1.147004,1.246075,0.149603,-1.112126,0.122458,0,0,0,0,0,0,0,1,0,1,0,0,0,0,0,1,0,0,0,0,0,1,0,0,116871
0.733909,1.635832,1.057903,1.246075,0.35072,-0.928008,0.122458,0,0,0,0,0,0,0,0,1,1,0,0,0,0,0,1,0,0,0,0,0,1,0,0,115357
1.160764,-0.171738,0.25599,0.730547,0.458399,-1.066097,0.206667,0,0,0,1,0,0,0,0,0,1,0,0,0,0,0,1,0,0,0,0,0,1,0,0,132753
1.079458,-0.246562,0.434193,0.730547,0.13154,-0.897322,-0.07804,0,0,0,1,0,0,0,0,0,1,0,0,0,0,0,1,0,0,0,0,0,1,0,0,144884
1.201416,-0.262314,-0.011314,0.730547,0.102015,-0.897322,-0.062,0,0,0,1,0,1,0,0,0,1,0,0,0,0,0,1,0,0,0,0,0,1,0,0,201040
1.262396,-0.262314,-0.011314,0.730547,0.102015,-0.912665,-0.110119,0,0,0,1,0,0,0,0,0,1,0,0,0,0,0,1,0,0,0,0,0,1,0,0,172702
1.485986,-0.262314,-0.011314,0.730547,-0.129321,-1.08144,-0.85597,0,0,0,1,0,0,1,0,0,1,0,0,0,0,0,1,0,0,0,0,0,1,0,0,143969
1.242069,0.143307,0.166888,0.730547,-0.105701,-1.173499,-0.619383,0,0,0,1,0,0,0,1,0,1,0,0,0,0,0,1,0,0,0,0,0,1,0,0,132577
1.262396,-0.262314,0.25599,0.730547,-0.011569,-0.989381,-0.483045,0,0,0,1,0,0,0,0,1,1,0,0,0,0,0,1,0,0,0,0,0,1,0,0,134428
1.262396,-0.262314,0.077787,0.730547,0.204484,-0.759234,-0.531164,0,0,0,1,0,0,0,0,0,1,0,0,0,0,0,1,0,0,0,0,0,1,0,0,140038
1.201416,-0.262314,-0.011314,0.730547,0.304869,-0.774577,-0.511115,0,0,0,1,0,0,0,0,0,1,0,0,0,0,0,1,0,0,0,0,0,1,0,0,143837
1.221743,-0.260384,0.25599,0.730547,0.102015,-0.774577,-0.462995,0,0,0,1,0,1,0,0,0,1,0,0,0,0,0,1,0,0,0,0,0,1,0,0,198072
1.18109,-0.262314,0.434193,0.730547,0.102015,-0.774577,-0.467005,0,0,0,1,0,0,0,0,0,1,0,0,0,0,0,1,0,0,0,0,0,1,0,0,165509
0.9575,0.560741,0.790598,0.730547,0.588656,-0.78992,-0.715622,0,0,0,1,0,0,1,0,0,1,0,0,0,0,0,1,0,0,0,0,0,1,0,0,140481
1.059132,-0.065411,0.523294,0.730547,0.672716,-0.667175,-0.85597,0,0,0,1,0,0,0,1,0,1,0,0,0,0,0,1,0,0,0,0,0,1,0,0,137190
0.9575,-0.258376,0.523294,0.730547,0.507723,-0.575116,-0.699582,0,0,0,1,0,0,0,0,1,1,0,0,0,0,0,1,0,0,0,0,0,1,0,0,131977
0.652604,0.052731,1.057903,0.730547,0.493134,-0.78992,-0.515125,0,0,0,1,0,0,0,0,0,1,0,0,0,0,0,1,0,0,0,0,0,1,0,0,130554
0.652604,-0.246562,0.701497,0.730547,0.396223,-0.4984,-0.615373,0,0,0,1,0,0,0,0,0,1,0,0,0,0,0,1,0,0,0,0,0,1,0,0,137574
0.571298,4.313715,1.414308,0.730547,0.102015,-0.4984,-0.603343,0,0,0,1,0,1,0,0,0,1,0,0,0,0,0,1,0,0,0,0,0,1,0,0,159405
0.774562,1.017556,0.968801,0.730547,0.102015,-0.483057,-0.607353,0,0,0,1,0,0,0,0,0,1,0,0,0,0,0,1,0,0,0,0,0,1,0,0,147764
0.713583,0.497732,1.057903,0.730547,0.164886,-0.20688,-0.839931,0,0,0,1,0,0,1,0,0,1,0,0,0,0,0,1,0,0,0,0,0,1,0,0,126961
0.611951,0.186625,1.147004,0.730547,-0.121217,-0.191537,-0.827901,0,0,0,1,0,0,0,1,0,1,0,0,0,0,0,1,0,0,0,0,0,1,0,0,128271
0.530645,-0.108729,0.968801,0.730547,-0.219633,-0.20688,-0.691562,0,0,0,1,0,0,0,0,1,1,0,0,0,0,0,1,0,0,0,0,0,1,0,0,122321
0.89652,-0.262314,0.612396,0.730547,-0.229706,-0.314282,-0.519134,0,0,0,1,0,0,0,0,0,1,0,0,0,0,0,1,0,0,0,0,0,1,0,0,142735
0.977826,-0.262314,0.523294,0.730547,-0.042831,-0.038105,-0.531164,0,0,0,1,0,0,0,0,0,1,0,0,0,0,0,1,0,0,0,0,0,1,0,0,159189
1.160764,-0.262314,0.077787,0.730547,0.102015,-0.038105,-0.511115,0,0,0,1,0,1,0,0,0,1,0,0,0,0,0,1,0,0,0,0,0,1,0,0,196213
1.140437,-0.262314,-0.100416,0.730547,0.102015,-0.022762,-0.555224,0,0,0,1,0,0,0,0,0,1,0,0,0,0,0,1,0,0,0,0,0,1,0,0,168530
1.18109,-0.262314,-0.100416,0.730547,0.282986,-0.053448,-0.507105,0,0,0,1,0,0,1,0,0,1,0,0,0,0,0,1,0,0,0,0,0,1,0,0,135215
1.242069,-0.262314,-0.189517,0.730547,0.296185,-0.16085,-0.262498,0,0,0,1,0,0,0,1,0,1,0,0,0,0,0,1,0,0,0,0,0,1,0,0,122386
1.262396,-0.260384,-0.100416,0.730547,0.107573,-0.237566,-0.346707,0,0,0,1,0,0,0,0,1,1,0,0,0,0,0,1,0,0,0,0,0,1,0,0,115658
1.221743,-0.260384,-0.011314,0.730547,0.148561,-0.114821,-0.475025,0,0,0,1,0,0,0,0,0,1,0,0,0,0,0,1,0,0,0,0,0,1,0,0,106124
1.18109,0.655255,0.523294,0.730547,0.089511,-0.268252,-0.454975,0,0,0,1,0,0,0,0,0,1,0,0,0,0,0,1,0,0,0,0,0,1,0,0,108823
1.038805,0.033041,0.701497,0.730547,0.102015,-0.268252,-0.446955,0,0,0,1,0,1,0,0,0,1,0,0,0,0,0,1,0,0,0,0,0,1,0,0,126989
1.140437,-0.260384,0.523294,-0.289793,-0.769145,-0.20688,-0.426906,0,0,0,0,1,0,0,0,0,1,0,0,0,0,0,1,0,0,0,0,0,1,0,0,101986
1.242069,-0.260384,0.166888,-0.289793,-0.769145,-0.344968,-0.499085,0,0,0,0,1,0,1,0,0,1,0,0,0,0,0,1,0,0,0,0,0,1,0,0,87735
1.160764,1.135698,0.166888,-0.289793,-0.293619,-0.360311,-0.386806,0,0,0,0,1,0,0,1,0,1,0,0,0,0,0,1,0,0,0,0,0,0,1,0,86992
1.059132,-0.238686,-0.100416,-0.289793,-0.598942,-0.360311,-0.515125,0,0,0,0,1,0,0,0,1,1,0,0,0,0,0,1,0,0,0,0,0,0,1,0,83938
1.201416,0.58437,-0.456822,-0.289793,-0.65695,-0.314282,-0.623393,0,0,0,0,1,0,0,0,0,1,0,0,0,0,0,1,0,0,0,0,0,0,1,1,74503
0.632277,3.049597,1.236106,-0.289793,-0.785818,-0.314282,-0.667503,0,0,0,0,1,0,0,0,0,1,0,0,0,0,0,1,0,0,0,0,0,0,1,0,59339
0.9575,-0.033906,1.057903,-0.289793,-0.769145,-0.314282,-0.579284,0,0,0,0,1,1,0,0,0,1,0,0,0,0,0,1,0,0,0,0,0,1,0,0,102172
0.754236,1.226274,1.325207,-0.289793,-0.769145,-0.314282,-0.515125,0,0,0,0,1,0,0,0,0,1,0,0,0,0,0,1,0,0,0,0,0,1,0,0,104294
0.67293,0.249634,0.790598,-0.289793,-0.826805,-0.406341,-0.471015,0,0,0,0,1,0,1,0,0,1,0,0,0,0,0,1,0,0,0,0,0,1,0,0,91270
0.998152,-0.262314,0.077787,-0.289793,-0.976514,-0.45237,-0.479035,0,0,0,0,1,0,0,1,0,1,0,0,0,0,0,1,0,0,0,0,0,1,0,0,89434
1.201416,-0.262314,-0.011314,-0.289793,-1.034869,-0.390998,-0.454975,0,0,0,0,1,0,0,0,1,1,0,0,0,0,0,1,0,0,0,0,0,1,0,0,89196
1.079458,-0.262314,0.077787,-0.289793,-0.818121,-0.360311,-0.242448,0,0,0,0,1,0,0,0,0,1,0,0,0,0,0,1,0,0,0,0,0,1,0,0,86937
1.201416,-0.258376,-0.278619,-0.289793,-0.703495,-0.191537,-0.398836,0,0,0,0,1,0,0,0,0,1,0,0,0,0,0,1,0,0,0,0,0,1,0,0,100407
0.9575,1.990258,-0.011314,-0.289793,-0.769145,-0.191537,-0.402846,0,0,0,0,1,1,0,0,0,1,0,0,0,0,0,1,0,0,0,0,0,1,0,0,118992
0.977826,-0.1678,-0.011314,-0.289793,-0.769145,-0.191537,-0.446955,0,0,0,0,1,0,0,0,0,0,0,0,0,0,0,1,0,0,0,0,0,1,0,0,176205
0.815215,0.816715,0.434193,-0.289793,-0.635761,-0.130164,-0.671513,0,0,0,0,1,0,1,0,0,0,0,0,0,0,0,1,0,0,0,0,0,1,0,0,170223
1.282722,0.367776,-0.189517,-0.289793,-0.475632,-0.222223,-0.627403,0,0,0,0,1,0,0,1,0,0,0,0,0,0,0,0,0,0,0,0,0,1,0,0,94372
1.059132,-0.260384,-0.278619,-0.289793,-0.591648,-0.252909,-0.655473,0,0,0,0,1,0,0,0,1,1,0,0,0,0,0,1,0,0,0,0,0,1,0,0,85180
1.160764,-0.262314,-0.100416,-0.289793,-0.556912,-0.191537,-0.607353,0,0,0,0,1,0,0,0,0,1,0,0,0,0,0,1,0,0,0,0,0,1,0,0,93913
1.079458,-0.081163,0.25599,-0.289793,-0.451665,-0.268252,-0.727652,0,0,0,0,1,0,0,0,0,1,0,0,0,0,0,1,0,0,0,0,0,1,0,0,96901
0.652604,2.608534,1.236106,-0.289793,-0.769145,-0.268252,-0.731662,0,0,0,0,1,1,0,0,0,1,0,0,0,0,0,1,0,0,0,0,0,1,0,0,125549
0.530645,1.001804,1.057903,-0.289793,-0.769145,-0.268252,-0.715622,0,0,0,0,1,0,0,0,0,1,0,0,0,0,0,1,0,0,0,0,0,1,0,0,108990
0.246076,0.718264,1.236106,-0.289793,-0.485358,-0.329625,-0.89607,0,0,0,0,1,0,1,0,0,1,0,0,0,0,0,1,0,0,0,0,0,1,0,0,93473
0.44934,2.691233,1.325207,-0.289793,-0.411024,-0.114821,-1.040428,0,0,0,0,1,0,0,1,0,1,0,0,0,0,0,1,0,0,0,0,0,1,0,0,87515
0.815215,-0.049659,0.612396,-0.289793,-0.51002,-0.329625,-1.008349,0,0,0,0,1,0,0,0,1,1,0,0,0,0,0,1,0,0,0,0,0,1,0,0,89838
0.998152,-0.262314,0.166888,-0.289793,-0.780955,-0.022762,-1.236916,0,0,0,0,1,0,0,0,0,1,0,0,0,0,0,1,0,0,0,0,0,1,0,0,90816
1.099784,-0.262314,-0.011314,-0.289793,-0.888634,0.099983,-1.493553,0,0,0,0,1,0,0,0,0,1,0,0,0,0,0,1,0,0,0,0,0,1,0,0,100253
0.937173,-0.211119,0.345091,-0.289793,-0.769145,0.099983,-1.493553,0,0,0,0,1,1,0,0,0,1,0,0,0,0,0,1,0,0,0,0,0,1,0,0,131517
0.9575,-0.132358,-0.011314,-0.289793,-0.769145,0.115327,-1.477513,0,0,0,0,1,0,0,0,0,1,0,0,0,0,0,1,0,0,0,0,0,1,0,0,101977
1.221743,-0.262314,-0.456822,-0.289793,-0.804227,-0.084134,-1.425383,0,0,0,0,1,0,1,0,0,1,0,0,0,0,0,1,0,0,0,0,0,1,0,0,138271
1.303048,-0.262314,-1.61514,0.99099,-0.714263,-0.283596,-1.501573,0,0,0,0,0,0,0,1,0,0,0,0,0,1,0,1,0,0,0,1,0,1,0,0,244572
0.591625,-0.262314,-1.971546,0.99099,-0.475979,-0.375655,-1.866478,0,0,0,0,0,0,0,0,1,0,0,0,0,1,0,1,0,0,0,1,0,1,0,0,241298
0.327381,-0.262314,-2.417053,0.99099,-0.264094,-0.483057,-1.74618,0,0,0,0,0,0,0,0,0,0,0,0,0,1,0,1,0,0,0,0,1,1,0,0,220762
0.510319,-0.262314,-2.327952,0.99099,0.00962,-0.728547,-1.70608,0,0,0,0,0,0,0,0,0,0,0,0,0,1,0,1,0,0,0,0,0,1,0,0,209975
0.693257,-0.262314,-1.169633,0.99099,-0.534334,-0.728547,-1.70608,0,0,0,0,0,1,0,0,0,0,0,0,0,1,0,1,0,0,0,0,0,1,0,0,186625
0.9575,-0.262314,-0.545923,0.99099,-0.534334,-0.74389,-1.754199,0,0,0,0,0,0,0,0,0,0,0,0,0,1,0,1,0,0,0,0,0,1,0,0,152534
0.977826,-0.262314,-0.902329,0.99099,0.200663,-0.559772,-1.69405,0,0,0,0,0,0,1,0,0,0,0,0,0,1,0,1,0,0,0,0,0,1,0,0,126380
0.754236,-0.262314,-1.258735,0.99099,0.177738,-0.575116,-1.401324,0,0,0,0,0,0,0,1,0,1,0,0,0,0,0,1,0,0,0,0,0,1,0,0,96814
0.388361,-0.260384,-0.724126,0.99099,-0.133837,-0.651831,-1.441423,0,0,0,0,0,0,0,0,1,1,0,0,0,0,0,1,0,0,0,0,0,1,0,0,97043
0.510319,-0.260384,-0.724126,0.99099,0.06207,-0.636488,-1.577762,0,0,0,0,0,0,0,0,0,1,0,0,0,0,0,0,0,0,0,0,0,1,0,0,104064
0.16477,0.080298,0.25599,0.99099,0.169749,-0.590459,-1.589791,0,0,0,0,0,0,0,0,0,1,0,0,0,0,0,1,0,0,0,0,0,1,0,0,94403
0.510319,-0.262314,-0.813227,0.99099,-0.534334,-0.575116,-1.766229,0,0,0,0,0,1,0,0,0,1,0,0,0,0,0,1,0,0,0,0,0,1,0,0,115963
0.611951,-0.262314,-0.278619,0.99099,-0.534334,-0.590459,-1.894548,0,0,0,0,0,0,0,0,0,1,0,0,0,0,0,1,0,0,0,0,0,1,0,0,119300
0.713583,-0.262314,-0.100416,0.99099,-0.024768,-0.605802,-1.866478,0,0,0,0,0,0,1,0,0,1,0,0,0,0,0,1,0,0,0,0,0,1,0,0,109042
0.733909,-0.262314,-0.100416,0.99099,-0.439507,-0.621145,-1.73816,0,0,0,0,0,0,0,1,0,1,0,0,0,0,0,1,0,0,0,0,0,1,0,0,98515
0.754236,-0.260384,-0.189517,0.99099,-0.506546,-0.559772,-1.565732,0,0,0,0,0,0,0,0,1,1,0,0,0,0,0,1,0,0,0,0,0,1,0,0,103010
0.67293,-0.260384,0.077787,0.99099,-0.523219,-0.467713,-1.417364,0,0,0,0,0,0,0,0,0,1,0,0,0,0,0,1,0,0,0,0,0,1,0,0,105004
0.774562,-0.260384,0.166888,0.99099,-0.593037,-0.45237,-1.553702,0,0,0,0,0,0,0,0,0,1,0,0,0,0,0,1,0,0,0,0,0,1,0,0,118516
0.9575,-0.262314,-0.189517,0.99099,-0.534334,-0.45237,-1.553702,0,0,0,0,0,1,0,0,0,1,0,0,0,0,0,1,0,0,0,0,0,1,0,0,169163
0.693257,-0.187491,-0.100416,0.99099,-0.534334,-0.45237,-1.577762,0,0,0,0,0,0,0,0,0,1,0,0,0,0,0,1,0,0,0,0,0,1,0,0,130049
0.67293,-0.260384,-0.100416,0.99099,-0.594079,-0.513743,-1.441423,0,0,0,0,0,0,1,0,0,1,0,0,0,0,0,1,0,0,0,0,0,1,0,0,105307
0.774562,-0.262314,-1.080532,0.99099,-0.440781,-0.421684,-1.465483,0,0,0,0,0,0,0,1,0,1,0,0,0,0,0,1,0,0,0,0,0,1,0,0,97696
0.246076,-0.262314,-1.704242,0.99099,-0.452707,-0.437027,-1.573752,0,0,0,0,0,0,0,0,1,1,0,0,0,0,0,1,0,0,0,0,0,1,0,0,107321
0.063138,-0.262314,-3.040763,0.99099,-0.473548,-0.421684,-1.617861,0,0,0,0,0,0,0,0,0,1,0,0,0,0,0,1,0,0,0,0,0,1,0,0,107387
0.307055,-0.262314,-2.773459,0.99099,-0.449233,-0.483057,-1.573752,0,0,0,0,0,0,0,0,0,1,0,0,0,0,0,1,0,0,0,0,0,0,1,0,117197
0.429013,-0.234747,-0.813227,0.99099,-0.534334,-0.483057,-1.569742,0,0,0,0,0,1,0,0,0,1,0,0,0,0,0,1,0,0,0,0,0,0,1,0,164837
0.571298,-0.260384,-0.278619,0.99099,-0.534334,-0.483057,-1.569742,0,0,0,0,0,0,0,0,0,1,0,0,0,0,0,1,0,0,0,0,0,1,0,0,128362
0.266402,-0.260384,-0.813227,0.99099,-0.811869,-0.406341,-1.529642,0,0,0,0,0,0,1,0,0,1,0,0,0,0,0,1,0,0,0,0,0,1,0,0,110769
0.16477,-0.260384,-0.635025,0.99099,-0.92059,-0.513743,-1.593801,0,0,0,0,0,0,0,1,0,1,0,0,0,0,0,1,0,0,0,0,0,1,0,0,103462
0.347708,-0.262314,-1.080532,0.99099,-0.846952,-0.237566,-1.521622,0,0,0,0,0,0,0,0,1,1,0,0,0,0,0,1,0,0,0,0,0,1,0,0,103260
0.530645,-0.262314,-2.149749,0.99099,-0.677444,-0.191537,-1.381274,0,0,0,0,0,0,0,0,0,1,0,0,0,0,0,1,0,0,0,0,0,1,0,0,101755
0.469666,-0.262314,-1.793343,0.430447,-0.561428,-0.268252,-1.248946,0,0,0,0,0,0,0,0,0,1,0,0,0,0,0,1,0,0,0,0,0,1,0,0,109892
0.124118,-0.262314,-1.080532,0.430447,-0.840005,-0.283596,-1.236916,0,0,0,0,0,1,0,0,0,1,0,0,0,0,0,1,0,0,0,0,0,1,0,0,155209
0.307055,-0.262314,-0.278619,0.430447,-0.840005,-0.283596,-1.140677,0,0,0,0,0,0,0,0,0,1,0,0,0,0,0,1,0,0,0,0,0,1,0,0,115562
0.347708,-0.260384,-0.100416,0.430447,-0.4732,-0.298939,-1.477513,0,0,0,0,0,0,1,0,0,1,0,0,0,0,0,1,0,0,0,0,0,1,0,0,103012
0.307055,-0.260384,-0.813227,0.430447,-0.322797,-0.191537,-1.601821,0,0,0,0,0,0,0,1,0,1,0,0,0,0,0,1,0,0,0,0,0,1,0,0,94914
0.103791,-0.260384,-1.080532,0.430447,-0.378721,-0.728547,-1.337165,0,0,0,0,0,0,0,0,1,1,0,0,0,0,0,1,0,0,0,0,0,1,0,0,105041
-0.119799,-0.260384,-1.971546,0.430447,-0.317934,-0.437027,-1.537662,0,0,0,0,0,0,0,0,0,1,0,0,0,0,0,1,0,0,0,0,0,1,0,0,101126
-0.079146,-0.262314,-2.506155,0.430447,-0.418666,-0.651831,-1.401324,0,0,0,0,0,0,0,0,0,1,0,0,0,0,0,1,0,0,0,0,0,0,1,0,113330
0.144444,-0.187491,-0.902329,0.430447,-0.840005,-0.651831,-1.405334,0,0,0,0,0,1,0,0,0,1,0,0,0,0,0,1,0,0,0,0,0,0,1,0,156338
0.083465,-0.018154,0.345091,0.430447,-0.840005,-0.651831,-1.365234,0,0,0,0,0,0,0,0,0,1,0,0,0,0,0,1,0,0,0,0,0,0,1,0,129597
0.083465,-0.262314,0.077787,0.430447,-0.697938,-0.805263,-1.385284,0,0,0,0,0,0,1,0,0,1,0,0,0,0,0,1,0,0,0,0,0,0,1,0,109004
0.286729,-0.262314,-0.100416,0.430447,-0.825416,-0.866636,-1.277015,0,0,0,0,0,0,0,1,0,1,0,0,0,0,0,1,0,0,0,0,0,0,1,0,104791
0.103791,0.320519,0.523294,0.430447,-0.858414,-0.866636,-1.116617,0,0,0,0,0,0,0,0,1,1,0,0,0,0,0,1,0,0,0,0,0,0,1,1,103276
0.063138,-0.014216,1.057903,0.430447,-0.794502,-0.989381,-1.124637,0,0,0,0,0,0,0,0,0,1,0,0,0,0,0,1,0,0,0,0,0,0,1,0,90747
-0.05882,1.179017,1.592511,0.430447,-0.893844,-0.866636,-0.960229,0,0,0,0,0,0,0,0,0,1,0,0,0,0,0,1,0,0,0,0,0,1,0,0,120276
0.205423,1.049061,1.057903,0.430447,-0.840005,-0.866636,-0.964239,0,0,0,0,0,1,0,0,0,1,0,0,0,0,0,1,0,0,0,0,0,1,0,0,172017
-0.038494,-0.022092,1.057903,0.430447,-0.840005,-0.881979,-0.91612,0,0,0,0,0,0,0,0,0,1,0,0,0,0,0,1,0,0,0,0,0,1,0,0,132024
-0.05882,-0.260384,-0.278619,0.430447,-0.897318,-0.851293,-1.044438,0,0,0,0,0,0,1,0,0,1,0,0,0,0,0,1,0,0,0,0,0,0,1,0,115350
-0.892202,0.025165,0.612396,0.430447,-0.712526,-0.713204,-1.052458,0,0,0,0,0,0,0,1,0,1,0,0,0,0,0,1,0,0,0,0,0,0,1,0,93913
-1.29873,2.643976,1.681613,0.430447,-0.711253,-0.881979,-1.080528,0,0,0,0,0,0,0,0,1,1,0,0,0,0,0,1,0,0,0,0,0,1,0,0,93045
-1.07514,-0.041782,0.790598,0.430447,-0.644445,-0.928008,-1.048448,0,0,0,0,0,0,0,0,0,1,0,0,0,0,0,1,0,0,0,0,0,1,0,0,100565
-0.871876,-0.260384,-0.189517,0.430447,-0.513841,-0.989381,-1.004339,0,0,0,0,0,0,0,0,0,1,0,0,0,0,0,1,0,0,0,0,0,1,0,0,125605
-0.831223,-0.260384,-0.456822,0.430447,-0.840005,-0.989381,-0.992309,0,0,0,0,0,1,0,0,0,1,0,0,0,0,0,1,0,0,0,0,0,1,0,0,170887
-0.627959,-0.222933,-0.189517,0.430447,-0.840005,-0.989381,-1.088548,0,0,0,0,0,0,0,0,0,1,0,0,0,0,0,1,0,0,0,0,0,1,0,0,131493
-0.445021,-0.260384,0.166888,0.430447,-0.572196,-0.74389,-1.096567,0,0,0,0,0,0,1,0,0,1,0,0,0,0,0,1,0,0,0,0,0,1,0,0,105971
-0.749917,-0.215057,-1.169633,0.430447,-0.726073,-0.805263,-1.080528,0,0,0,0,0,0,0,1,0,1,0,0,0,0,0,1,0,0,0,0,0,1,0,0,102281
-1.07514,-0.262314,-2.773459,0.430447,-0.754556,-0.881979,-1.136667,0,0,0,0,0,0,0,0,1,1,0,0,0,0,0,1,0,0,0,0,0,1,0,0,105717
-1.07514,-0.262314,-3.575372,0.430447,-0.840005,-0.912665,-1.036418,0,0,0,0,0,0,0,0,0,1,0,0,0,0,0,1,0,0,0,0,0,1,0,0,109402
-1.156445,-0.262314,-3.753575,0.430447,-0.786165,-0.851293,-1.120627,0,0,0,0,0,0,0,0,0,1,0,0,0,0,0,1,0,0,0,0,0,1,0,0,122732
-1.115792,-0.262314,-1.882445,0.430447,-0.840005,-0.851293,-1.108597,0,0,0,0,0,1,0,0,0,1,0,0,0,0,0,1,0,0,0,0,0,1,0,0,175640
-0.973508,-0.262314,-0.635025,0.418657,-0.849731,-0.851293,-1.028398,0,0,0,0,0,0,0,0,0,1,0,0,0,0,0,1,0,0,0,0,0,1,0,0,141937
-0.709265,-0.262314,-0.724126,0.418657,-0.828195,-1.020067,-1.136667,0,0,0,0,0,0,1,0,0,1,0,0,0,0,0,1,0,0,0,0,0,1,0,0,107806
-0.526327,-0.262314,-0.189517,0.418657,-0.719821,-0.912665,-1.060478,0,0,0,0,0,0,0,1,0,1,0,0,0,0,0,1,0,0,0,0,0,1,0,0,99305
-0.465348,-0.262314,-0.278619,0.418657,-0.67397,-0.78992,-1.008349,0,0,0,0,0,0,0,0,1,1,0,0,0,0,0,1,0,0,0,0,0,1,0,0,107754
-0.56698,-0.262314,-0.011314,0.418657,-0.791028,-0.74389,-1.112607,0,0,0,0,0,0,0,0,0,1,0,0,0,0,0,1,0,0,0,0,0,1,0,0,113191
-0.627959,-0.262314,-0.456822,0.418657,-0.896276,-0.820606,-1.196816,0,0,0,0,0,0,0,0,0,1,0,0,0,0,0,1,0,0,0,0,0,1,0,0,129325
-0.770244,-0.262314,-0.902329,0.418657,-0.849731,-0.820606,-1.192806,0,0,0,0,0,1,0,0,0,1,0,0,0,0,0,1,0,0,0,0,0,1,0,0,185770
-1.258077,-0.262314,-0.99143,0.418657,-0.849731,-0.805263,-1.180776,0,0,0,0,0,0,0,0,0,1,0,0,0,0,0,1,0,0,0,0,0,1,0,0,152968
-1.176772,-0.262314,-0.545923,0.418657,-0.884118,-0.805263,-1.385284,0,0,0,0,0,0,1,0,0,1,0,0,0,0,0,1,0,0,0,0,0,1,0,0,120950
-0.79057,-0.262314,-0.278619,0.418657,-0.811522,-0.943351,-1.389294,0,0,0,0,0,0,0,1,0,1,0,0,0,0,0,1,0,0,0,0,0,1,0,0,109418
-0.445021,-0.262314,-0.36772,0.418657,-0.669107,-0.943351,-1.453453,0,0,0,0,0,0,0,0,1,1,0,0,0,0,0,1,0,0,0,0,0,1,0,0,112423
-1.01416,-0.262314,-0.99143,0.418657,-0.576711,-0.912665,-1.385284,0,0,0,0,0,0,0,0,0,1,0,0,0,0,0,1,0,0,0,0,0,1,0,0,114368
-1.217424,-0.262314,-1.526039,0.418657,-0.498557,-0.958695,-1.377264,0,0,0,0,0,0,0,0,0,1,0,0,0,0,0,1,0,0,0,0,0,1,0,0,131365
-1.827216,-0.262314,-2.417053,0.418657,-0.849731,-0.958695,-1.537662,0,0,0,0,0,1,0,0,0,1,0,0,0,0,0,1,0,0,0,0,0,1,0,0,199905
-1.969501,-0.260384,-3.218966,0.418657,-0.849731,-0.943351,-1.381274,0,0,0,0,0,0,0,0,0,1,0,0,0,0,0,1,0,0,0,0,0,1,0,0,160626
-1.664605,-0.262314,-2.86256,0.418657,-0.456875,-0.851293,-1.437413,0,0,0,0,0,0,1,0,0,1,0,0,0,0,0,1,0,0,0,0,0,1,0,0,121408
-1.339383,-0.262314,-1.61514,0.418657,-0.558302,-0.912665,-1.581772,0,0,0,0,0,0,0,1,0,1,0,0,0,0,0,1,0,0,0,0,0,1,0,0,114720
-1.197098,-0.262314,-2.773459,0.418657,-0.512451,-1.127469,-1.521622,0,0,0,0,0,0,0,0,1,1,0,0,0,0,0,1,0,0,0,0,0,1,0,0,125555
-1.80689,-0.262314,-3.218966,0.418657,-0.632519,-1.112126,-1.569742,0,0,0,0,0,0,0,0,0,1,0,0,0,0,0,1,0,0,0,0,0,1,0,0,125729
-1.949174,-0.262314,-2.773459,0.418657,-0.69238,-1.08144,-1.333155,0,0,0,0,0,0,0,0,0,1,0,0,0,0,0,1,0,0,0,0,0,1,0,0,142500
-1.542647,-0.262314,-3.040763,0.418657,-0.849731,-1.08144,-1.373254,0,0,0,0,0,1,0,0,0,1,0,0,0,0,0,1,0,0,0,0,0,1,0,0,211150
-1.766237,-0.262314,-2.506155,0.418657,-0.849731,-1.096783,-1.425383,0,0,0,0,0,0,0,0,0,1,0,0,0,0,0,1,0,0,0,0,0,1,0,0,175265
-1.623952,-0.262314,-1.704242,0.418657,-0.686822,-1.127469,-1.557712,0,0,0,0,0,0,1,0,0,1,0,0,0,0,0,1,0,0,0,0,0,1,0,0,140505
-1.441015,-0.262314,-1.882445,0.418657,-0.606236,-1.188842,-1.69405,0,0,0,0,0,0,0,1,0,1,0,0,0,0,0,1,0,0,0,0,0,1,0,0,133716
-1.217424,-0.260384,-0.456822,0.418657,-0.849731,-1.204185,-1.72212,0,0,0,0,0,0,0,0,1,1,0,0,0,0,0,1,0,0,0,0,0,1,0,0,122005
-0.892202,-0.262314,-0.189517,0.418657,-0.587479,-1.250215,-1.665981,0,0,0,0,0,0,0,0,0,1,0,0,0,0,0,1,0,0,0,0,0,1,0,0,112920
-1.07514,-0.262314,-0.100416,0.418657,-0.573238,-1.357617,-1.898558,0,0,0,0,0,0,0,0,0,1,0,0,0,0,0,1,0,0,0,0,0,1,0,0,133495
-1.542647,-0.262314,-2.951662,0.418657,-0.849731,-1.357617,-1.894548,0,0,0,0,0,1,0,0,0,1,0,0,0,0,0,1,0,0,0,0,0,1,0,0,175642
-1.847543,-0.262314,-1.704242,0.418657,-0.849731,-1.357617,-1.818359,0,0,0,0,0,0,0,0,0,1,0,0,0,0,0,1,0,0,0,0,0,1,0,0,142162
-1.380036,-0.262314,-1.169633,0.418657,-0.48501,-1.342274,-1.842418,0,0,0,0,0,0,1,0,0,1,0,0,0,0,0,1,0,0,0,0,0,1,0,0,135561
-0.953181,-0.260384,-1.882445,0.418657,-0.389141,-1.265558,-1.68202,0,0,0,0,0,0,0,1,0,1,0,0,0,0,0,1,0,0,0,0,0,1,0,0,156366
-1.359709,-0.260384,-0.278619,0.223592,-0.160583,-1.250215,-1.70608,1,0,0,0,0,0,0,0,1,0,0,0,0,0,0,0,0,0,0,0,0,1,0,0,135643
-1.095466,-0.262314,-0.635025,0.223592,-0.222759,-1.357617,-1.301075,1,0,0,0,0,0,0,0,0,1,0,0,0,0,0,1,0,0,0,0,0,1,0,0,113053
-1.156445,-0.262314,-3.040763,0.223592,-0.085902,-1.418989,-1.377264,1,0,0,0,0,0,0,0,0,1,0,0,0,0,0,1,0,0,0,0,0,1,0,0,121245
-1.400362,-0.260384,-0.902329,0.223592,-0.160583,-1.403646,-1.244936,1,0,0,0,0,1,0,0,0,1,0,0,0,0,0,1,0,0,0,0,0,1,0,0,153987
-1.156445,-0.260384,-1.258735,0.223592,-0.160583,-1.403646,-1.064488,1,0,0,0,0,0,0,0,0,1,0,0,0,0,0,1,0,0,0,0,0,1,0,0,133232
-1.278404,-0.262314,-2.149749,0.223592,-0.039704,-1.234872,-1.373254,1,0,0,0,0,0,1,0,0,1,0,0,0,0,0,1,0,0,0,0,0,1,0,0,122785
-1.461341,-0.262314,-0.99143,0.223592,-0.052557,-1.188842,-1.309095,1,0,0,0,0,0,0,1,0,1,0,0,0,0,0,1,0,0,0,0,0,1,0,0,115917
-1.359709,-0.262314,-0.813227,0.223592,-0.023032,-1.388303,-1.196816,1,0,0,0,0,0,0,0,1,1,0,0,0,0,0,1,0,0,0,0,0,1,0,0,116712
-1.380036,-0.262314,-0.902329,0.223592,-0.087292,-1.342274,-1.060478,1,0,0,0,0,0,0,0,0,1,0,0,0,0,0,1,0,0,0,0,0,1,0,0,120342
-1.908522,-0.262314,-2.773459,0.223592,0.201011,-1.557078,-1.108597,1,0,0,0,0,0,0,0,0,1,0,0,0,0,0,1,0,0,0,0,0,1,0,0,134530
-2.132112,-0.262314,-2.951662,0.223592,-0.160583,-1.557078,-0.956219,1,0,0,0,0,1,0,0,0,1,0,0,0,0,0,1,0,0,0,0,0,1,0,0,183144
-2.03048,-0.262314,-3.129865,0.223592,-0.160583,-1.557078,-0.819881,1,0,0,0,0,0,0,0,0,1,0,0,0,0,0,1,0,0,0,0,0,1,0,0,161425
-1.684931,-0.262314,-1.882445,0.223592,0.494524,-1.541735,-0.944189,1,0,0,0,0,0,1,0,0,1,0,0,0,0,0,1,0,0,0,0,0,1,0,0,134545
-1.278404,-0.262314,-1.704242,0.223592,0.550795,-1.403646,-0.90409,1,0,0,0,0,0,0,1,0,1,0,0,0,0,0,1,0,0,0,0,0,1,0,0,128094
-1.01416,-0.260384,-2.417053,0.223592,0.660558,-1.357617,-0.972259,1,0,0,0,0,0,0,0,1,1,0,0,0,0,0,1,0,0,0,0,0,1,0,0,137511
-1.684931,-0.262314,-2.506155,0.223592,0.713703,-1.37296,-0.88003,1,0,0,0,0,0,0,0,0,1,0,0,0,0,0,1,0,0,0,0,0,1,0,0,150016
-1.827216,-0.262314,-2.060647,0.223592,0.584835,-1.326931,-0.948199,1,0,0,0,0,0,0,0,0,1,0,0,0,0,0,1,0,0,0,0,0,1,0,0,153223
-1.684931,-0.262314,-1.526039,0.223592,-0.160583,-1.357617,-0.936169,1,0,0,0,0,1,0,0,0,1,0,0,0,0,0,1,0,0,0,0,0,1,0,0,209579
-1.481667,-0.262314,-1.436937,0.223592,-0.160583,-1.357617,-1.036418,1,0,0,0,0,0,0,0,0,1,0,0,0,0,0,1,0,0,0,0,0,1,0,0,195383
-1.359709,-0.262314,-1.526039,0.223592,-0.160583,-0.912665,-1.156717,1,0,0,0,0,0,1,0,0,1,0,0,0,0,0,1,0,0,0,0,0,1,0,0,164838
-1.441015,-0.238686,-1.526039,0.223592,0.324321,-1.066097,-0.952209,1,0,0,0,0,0,0,1,0,1,0,0,0,0,0,1,0,0,0,0,0,1,0,0,158588
-1.197098,-0.222933,-0.813227,0.223592,0.212473,-1.03541,-0.92414,1,0,0,0,0,0,0,0,1,1,0,0,0,0,0,1,0,0,0,0,0,1,0,0,158834
-1.07514,-0.215057,0.345091,0.223592,0.112436,-1.050754,-0.799831,1,0,0,0,0,0,0,0,0,1,0,0,0,0,0,1,0,0,0,0,0,1,0,0,162887
-1.217424,-0.262314,-0.36772,0.223592,0.046439,-1.158156,-0.87602,1,0,0,0,0,0,0,0,0,1,0,0,0,0,0,1,0,0,0,0,0,1,0,0,174813
-1.339383,-0.260384,0.077787,0.223592,-0.160583,-1.158156,-0.89206,1,0,0,0,0,1,0,0,0,1,0,0,0,0,0,1,0,0,0,0,0,1,0,0,195466
-1.888195,-0.254438,-0.36772,0.223592,-0.160583,-1.158156,-0.85998,1,0,0,0,0,0,0,0,0,1,0,0,0,0,0,1,0,0,0,0,0,1,0,0,171390
-2.152438,-0.262314,-3.218966,0.223592,-0.059156,-1.357617,-0.952209,1,0,0,0,0,0,1,0,0,1,0,0,0,0,0,0,1,0,0,0,0,1,0,0,157633
-1.908522,-0.262314,-3.218966,0.223592,-0.104312,-1.296244,-0.831911,1,0,0,0,0,0,0,1,0,0,0,0,0,0,1,0,1,0,0,0,0,1,0,0,106872
-1.766237,-0.262314,-1.971546,0.223592,-0.137658,-1.265558,-0.703592,1,0,0,0,0,0,0,0,1,0,0,0,0,0,1,0,1,0,0,0,0,1,0,0,138857
-1.644279,-0.262314,-0.902329,0.223592,-0.186287,-1.37296,-0.727652,1,0,0,0,0,0,0,0,0,0,0,0,0,0,1,0,1,0,0,0,0,1,0,0,216023
-1.29873,-0.215057,-1.169633,0.223592,-0.184898,-1.357617,-0.88805,1,0,0,0,0,0,0,0,0,0,0,0,0,0,1,0,1,0,0,0,0,1,0,0,215746
-1.01416,-0.195367,0.8797,0.223592,-0.375942,-1.357617,-0.683542,0,1,0,0,0,1,0,0,0,0,0,0,0,0,1,1,0,0,0,0,0,1,0,0,204279
-1.217424,-0.260384,0.8797,0.223592,-0.375942,-1.357617,-0.491065,0,1,0,0,0,0,0,0,0,0,0,0,0,0,1,1,0,0,0,0,0,1,0,0,190254
-1.766237,-0.258376,-0.189517,0.223592,-0.081039,-1.418989,-0.607353,0,1,0,0,0,0,1,0,0,0,0,0,0,0,1,1,0,0,0,0,0,1,0,0,177035
-1.989827,-0.262314,-1.347836,0.223592,-0.271736,-1.342274,-0.835921,0,1,0,0,0,0,0,1,0,0,0,0,0,0,1,1,0,0,0,0,0,1,0,0,152827
-1.786563,-0.262314,-0.99143,0.223592,-0.318976,-1.265558,-0.92414,0,1,0,0,0,0,0,0,1,1,0,0,0,0,0,1,0,0,0,0,0,1,0,0,132302
-1.441015,-0.262314,-1.704242,0.223592,-0.449928,-1.234872,-0.92013,0,1,0,0,0,0,0,0,0,1,0,0,0,0,0,1,0,0,0,0,0,1,0,0,134618
-1.827216,-0.262314,-1.169633,0.223592,-0.466948,-1.250215,-0.759732,0,1,0,0,0,0,0,0,0,1,0,0,0,0,0,1,0,0,0,0,0,1,0,0,145132
-2.132112,-0.262314,-2.951662,0.223592,-0.375942,-1.250215,-0.827901,0,1,0,0,0,1,0,0,0,1,0,0,0,0,0,1,0,0,0,0,0,1,0,0,143082
-2.03048,-0.262314,-2.684358,0.223592,-0.375942,-1.250215,-0.739682,0,1,0,0,0,0,0,0,0,1,0,0,0,0,0,1,0,0,0,0,0,1,0,0,146249
-1.745911,-0.262314,-1.169633,0.223592,-0.356837,-1.296244,-0.835921,0,1,0,0,0,0,1,0,0,1,0,0,0,0,0,1,0,0,0,0,0,1,0,0,125294
-1.400362,-0.260384,-0.456822,0.223592,-0.177951,-1.219528,-0.699582,0,1,0,0,0,0,0,1,0,1,0,0,0,0,0,1,0,0,0,0,0,1,0,0,107603
-1.156445,0.674945,1.50341,0.223592,-0.27382,-1.280901,-0.791811,0,1,0,0,0,0,0,0,1,1,0,0,0,0,0,1,0,0,0,0,0,1,0,0,92207
-1.29873,-0.260384,0.25599,0.223592,-0.436381,-1.020067,-0.87201,0,1,0,0,0,0,0,0,0,1,0,0,0,0,0,1,0,0,0,0,0,1,0,0,104489
-1.562973,-0.254438,0.968801,0.223592,-0.421445,-1.096783,-1.000329,0,1,0,0,0,0,0,0,0,1,0,0,0,0,0,1,0,0,0,0,0,1,0,0,115295
-1.217424,-0.260384,0.612396,0.223592,-0.375942,-1.096783,-1.016368,0,1,0,0,0,1,0,0,0,1,0,0,0,0,0,1,0,0,0,0,0,1,0,0,156546
-0.709265,-0.262314,0.434193,0.223592,-0.375942,-1.096783,-1.044438,0,1,0,0,0,0,0,0,0,1,0,0,0,0,0,1,0,0,0,0,0,1,0,0,134268
-1.136119,-0.262314,-0.545923,0.223592,-0.375942,-1.158156,-1.164737,0,1,0,0,0,0,1,0,0,1,0,0,0,0,0,1,0,0,0,0,0,1,0,0,114943
-1.319056,-0.262314,-0.456822,0.223592,-0.427003,-1.204185,-1.409344,0,1,0,0,0,0,0,1,0,1,0,0,0,0,0,1,0,0,0,0,0,1,0,0,111354
-1.481667,-0.262314,-0.100416,0.223592,-0.289104,-1.219528,-1.273005,0,1,0,0,0,0,0,0,1,1,0,0,0,0,0,1,0,0,0,0,0,1,0,0,109089
-1.380036,-0.262314,0.25599,0.223592,-0.198097,-1.158156,-1.325135,0,1,0,0,0,0,0,0,0,1,0,0,0,0,0,1,0,0,0,0,0,1,0,0,111526
-1.501994,-0.260384,0.523294,0.223592,-0.381499,-1.280901,-1.573752,0,1,0,0,0,0,0,0,0,1,0,0,0,0,0,1,0,0,0,0,0,1,0,0,128364
-1.603626,-0.260384,0.345091,0.223592,-0.375942,-1.280901,-1.597811,0,1,0,0,0,1,0,0,0,1,0,0,0,0,0,1,0,0,0,0,0,1,0,0,169270
-1.562973,-0.260384,-0.278619,0.223592,-0.375942,-1.280901,-1.513602,0,1,0,0,0,0,0,0,0,1,0,0,0,0,0,1,0,0,0,0,0,1,0,0,128152
-1.847543,-0.262314,-0.813227,0.223592,-0.560386,-1.188842,-1.365234,0,1,0,0,0,0,1,0,0,1,0,0,0,0,0,1,0,0,0,0,0,1,0,0,107463
-1.542647,-0.260384,-0.545923,0.223592,-0.595816,-1.296244,-1.441423,0,1,0,0,0,0,0,1,0,1,0,0,0,0,0,1,0,0,0,0,0,1,0,0,96929
-1.359709,-0.2505,-0.011314,0.223592,-0.748998,-1.250215,-1.485533,0,1,0,0,0,0,0,0,1,1,0,0,0,0,0,1,0,0,0,0,0,1,0,0,98312
-1.176772,-0.262314,-0.011314,0.223592,-0.648961,-1.388303,-1.232906,0,1,0,0,0,0,0,0,0,1,0,0,0,0,0,1,0,0,0,0,0,1,0,0,107859
-0.648285,-0.262314,0.077787,0.223592,-0.611447,-1.388303,-1.236916,0,1,0,0,0,0,0,0,0,1,0,0,0,0,0,0,0,0,0,0,0,1,0,0,123222
-0.526327,-0.260384,0.968801,0.223592,-0.833058,-1.388303,-1.236916,0,0,0,0,0,1,0,0,0,1,0,0,0,0,0,1,0,0,0,0,0,1,0,0,169375
-0.343389,-0.262314,0.968801,0.223592,-0.833058,-1.388303,-1.341174,0,0,0,0,0,0,0,0,0,1,0,0,0,0,0,1,0,0,0,0,0,1,0,0,134717
-0.160452,-0.262314,0.701497,0.223592,-0.69898,-1.388303,-1.321125,0,0,0,0,0,0,1,0,0,1,0,0,0,0,0,1,0,0,0,0,0,1,0,0,108140
-0.018167,-0.262314,0.790598,0.223592,-0.864319,-1.296244,-1.549692,0,0,0,0,0,0,0,1,0,1,0,0,0,0,0,1,0,0,0,0,0,1,0,0,91616
-0.993834,-0.222933,1.147004,0.223592,-1.017502,-1.311587,-1.541672,0,0,0,0,0,0,0,0,1,1,0,0,0,0,0,1,0,0,0,0,0,1,0,0,94090
-2.03048,0.190563,0.612396,0.223592,-1.094614,-1.37296,-1.505582,0,0,0,0,0,0,0,0,0,1,0,0,0,0,0,1,0,0,0,0,0,1,0,0,93293
-2.233744,-0.053597,0.701497,0.223592,-1.019586,-1.342274,-1.565732,0,0,0,0,0,0,0,0,0,1,0,0,0,0,0,1,0,0,0,0,0,1,0,0,109103
-1.603626,-0.262314,-0.36772,0.223592,-0.833058,-1.342274,-1.569742,0,0,0,0,0,1,0,0,0,1,0,0,0,0,0,1,0,0,0,0,0,1,0,0,155362
-1.258077,-0.262314,-0.724126,0.223592,-0.833058,-1.342274,-1.461473,0,0,0,0,0,0,0,0,0,1,0,0,0,0,0,1,0,0,0,0,0,1,0,0,127416
-0.831223,-0.260384,-0.545923,0.223592,-1.056405,-1.388303,-1.633901,0,0,0,0,0,0,1,0,0,1,0,0,0,0,0,1,0,0,0,0,0,1,0,0,113020
-0.506001,-0.262314,-0.100416,0.223592,-1.12275,-1.388303,-1.565732,0,0,0,0,0,0,0,1,0,1,0,0,0,0,0,1,0,0,0,0,0,1,0,0,104599
-0.424695,-0.152048,0.8797,0.223592,-0.993882,-1.434333,-1.605831,0,0,0,0,0,0,0,0,1,1,0,0,0,0,0,1,0,0,0,0,0,1,0,0,105700
-0.038494,-0.262314,0.523294,0.223592,-0.984156,-1.495705,-1.505582,0,0,0,0,0,0,0,0,0,1,0,0,0,0,0,1,0,0,0,0,0,1,0,0,108495
-0.607633,-0.260384,1.236106,0.223592,-1.003608,-1.434333,-1.377264,0,0,0,0,0,0,0,0,0,1,0,0,0,0,0,1,0,0,0,0,0,1,0,0,119593
-0.668612,0.233882,1.057903,0.223592,-0.833058,-1.434333,-1.393304,0,0,0,0,0,1,0,0,0,1,0,0,0,0,0,1,0,0,0,0,0,1,0,0,146618
-1.400362,-0.260384,-1.704242,0.223592,-0.833058,-1.434333,-1.433403,0,0,0,0,0,0,0,0,0,1,0,0,0,0,0,1,0,0,0,0,0,1,0,0,134572
-1.644279,-0.260384,-2.060647,0.223592,-0.918506,-1.480362,-1.577762,0,0,0,0,0,0,1,0,0,1,0,0,0,0,0,1,0,0,0,0,0,1,0,0,113489
-1.501994,-0.260384,-2.149749,0.223592,-0.948031,-1.511048,-1.541672,0,0,0,0,0,0,0,1,0,1,0,0,0,0,0,1,0,0,0,0,0,1,0,0,108697
-1.217424,-0.262314,-1.971546,0.223592,-1.02167,-1.541735,-1.573752,0,0,0,0,0,0,0,0,1,1,0,0,0,0,0,1,0,0,0,0,0,1,0,0,114430
-1.034487,-0.262314,-1.347836,0.223592,-0.907623,-1.495705,-1.481523,0,0,0,0,0,0,0,0,0,1,0,0,0,0,0,1,0,0,0,0,0,1,0,0,118473
-0.810897,-0.262314,-1.704242,0.223592,-0.83271,-1.480362,-1.377264,0,0,0,0,0,0,0,0,0,1,0,0,0,0,0,1,0,0,0,0,0,1,0,0,130959
-0.668612,-0.262314,-1.436937,0.223592,-0.833058,-1.480362,-1.381274,0,0,0,0,0,1,0,0,0,1,0,0,0,0,0,1,0,0,0,0,0,1,0,0,184328
-0.546653,-0.262314,-1.347836,0.223592,-0.833058,-1.495705,-1.469493,0,0,0,0,0,0,0,0,0,1,0,0,0,0,0,1,0,0,0,0,0,1,0,0,148384
-0.424695,-0.262314,-1.436937,0.223592,-0.770882,-1.526392,-1.417364,0,0,0,0,0,0,1,0,0,1,0,0,0,0,0,1,0,0,0,0,0,1,0,0,118900
-0.201105,-0.262314,-1.347836,0.223592,-0.71461,-1.557078,-1.385284,0,0,0,0,0,0,0,1,0,1,0,0,0,0,0,1,0,0,0,0,0,1,0,0,114604
-0.119799,-0.262314,0.077787,0.223592,-0.654866,-1.603107,-1.353204,0,0,0,0,0,0,0,0,1,1,0,0,0,0,0,1,0,0,0,0,0,1,0,0,116125
0.144444,-0.262314,0.166888,0.223592,-0.624646,-1.633794,-1.333155,0,0,0,0,0,0,0,0,0,1,0,0,0,0,0,1,0,0,0,0,0,1,0,0,117685
0.124118,-0.203243,0.8797,0.223592,-0.651045,-1.679823,-1.096567,0,0,0,0,0,0,0,0,0,1,0,0,0,0,0,1,0,0,0,0,0,1,0,0,126790
-1.623952,-0.215057,0.612396,0.223592,-0.833058,-1.66448,-1.040428,0,0,0,0,0,1,0,0,0,1,0,0,0,0,0,1,0,0,0,0,0,1,0,0,159829
-2.193091,-0.175677,0.523294,0.223592,-0.833058,-1.695166,-1.228896,0,0,0,0,0,0,0,0,0,1,0,0,0,0,0,1,0,0,0,0,0,1,0,0,127210
-2.213418,-0.260384,0.523294,0.223592,-0.534334,-1.756539,-1.148697,0,0,0,0,0,0,1,0,0,1,0,0,0,0,0,1,0,0,0,0,0,1,0,0,103194
-1.705258,-0.262314,-0.813227,0.223592,-0.389488,-1.71051,-1.080528,0,0,0,0,0,0,0,1,0,1,0,0,0,0,0,1,0,0,0,0,0,1,0,0,96164
-1.197098,-0.262314,-1.169633,0.223592,-0.389141,-1.725853,-1.004339,0,0,0,0,0,0,0,0,1,1,0,0,0,0,0,1,0,0,0,0,0,1,0,0,101035
-0.79057,-0.262314,-1.704242,0.223592,-0.80388,-1.541735,-1.349194,0,0,0,0,0,0,0,0,0,1,0,0,0,0,0,0,0,0,0,0,0,1,0,0,118388
-0.932855,-0.260384,-0.36772,0.223592,-1.422515,-1.695166,-1.397314,0,0,0,0,0,0,0,0,0,0,1,0,0,0,0,0,0,1,0,0,0,1,0,0,221472
-1.054813,0.025165,1.236106,0.223592,-1.765352,-1.695166,-1.397314,0,0,0,0,0,1,0,0,0,0,1,0,0,0,0,1,0,0,0,0,0,1,0,0,165609
-0.810897,-0.260384,-0.189517,0.223592,-1.765352,-1.695166,-1.164737,0,0,0,0,0,0,0,0,0,0,1,0,0,0,0,1,0,0,0,0,0,1,0,0,127602
-0.485674,-0.262314,-1.080532,0.223592,-1.81155,-1.526392,-1.661971,0,0,0,0,0,0,1,0,0,1,0,0,0,0,0,1,0,0,0,0,0,1,0,0,110273
-0.262084,-0.262314,-0.36772,0.223592,-1.971679,-1.66448,-1.465483,0,0,0,0,0,0,0,1,0,1,0,0,0,0,0,1,0,0,0,0,0,1,0,0,121718
-0.079146,-0.262314,0.077787,0.223592,-2.025866,-1.112126,-1.754199,0,0,0,0,0,0,0,0,1,1,0,0,0,0,0,1,0,0,0,0,0,1,0,0,118235
0.022486,-0.262314,0.345091,0.223592,-1.950606,-1.342274,-2.058956,0,0,0,0,0,0,0,0,0,1,0,0,0,0,0,1,0,0,0,0,0,1,0,0,117509
0.103791,-0.260384,0.790598,0.223592,-1.876157,-0.881979,-2.123115,0,0,0,0,0,0,0,0,0,1,0,0,0,0,0,1,0,0,0,0,0,1,0,0,135395
0.022486,0.009412,0.434193,0.223592,-1.765352,-0.881979,-2.155195,0,0,0,0,0,1,0,0,0,1,0,0,0,0,0,1,0,0,0,0,0,1,0,0,140422
-0.546653,-0.260384,-3.931778,0.223592,-1.765352,-0.881979,-2.191284,0,0,0,0,0,0,0,0,0,1,0,0,0,0,0,1,0,0,0,0,0,1,0,0,145355
-0.384042,-0.262314,-2.417053,0.223592,-1.7525,-0.881979,-2.123115,0,0,0,0,0,0,1,0,0,1,0,0,0,0,0,1,0,0,0,0,0,1,0,0,121891
0.266402,-0.262314,-2.506155,0.223592,-1.775425,-1.03541,-2.087025,0,0,0,0,0,0,0,1,0,1,0,0,0,0,0,1,0,0,0,0,0,1,0,0,113067
-0.099473,-0.262314,-0.278619,0.223592,-1.71707,-0.881979,-1.902568,0,0,0,0,0,0,0,0,1,1,0,0,0,0,0,1,0,0,0,0,0,1,0,0,111848
0.002159,-0.262314,0.166888,0.223592,-1.466976,-1.020067,-1.838408,0,0,0,0,0,0,0,0,0,1,0,0,0,0,0,1,0,0,0,0,0,1,0,0,114412
0.083465,-0.124482,1.236106,0.223592,-1.765352,-1.020067,-1.838408,0,0,0,0,0,0,0,0,0,1,0,0,0,0,0,1,0,0,0,0,0,1,0,0,119678
0.368034,-0.258376,0.8797,0.223592,-1.765352,-1.020067,-1.838408,0,0,0,0,0,1,0,0,0,1,0,0,0,0,0,1,0,0,0,0,0,1,0,0,161448
0.530645,-0.262314,0.25599,0.223592,-1.765352,-1.08144,-1.906578,0,0,0,0,0,0,0,0,0,1,0,0,0,0,0,1,0,0,0,0,0,1,0,0,126528
0.489993,-0.262314,0.25599,0.223592,-1.46385,-0.958695,-1.994797,0,0,0,0,0,0,1,0,0,1,0,0,0,0,0,1,0,0,0,0,0,1,0,0,96263
0.571298,-0.262314,0.166888,0.223592,-1.419389,-1.112126,-2.062966,0,0,0,0,0,0,0,1,0,1,0,0,0,0,0,1,0,0,0,0,0,1,0,0,111910
