Date,Mainland,Taiwan,Macau SAR,South Korea,USA
01/01/2019,1.1388,0.2562,0.9734,0.0070,7.8335
01/02/2019,1.1418,0.2546,0.9708,0.0070,7.8349
01/03/2019,1.1396,0.2536,0.9710,0.0070,7.8309
01/04/2019,1.1405,0.2544,0.9708,0.0070,7.8342
01/05/2019,1.1405,0.2544,0.9708,0.0070,7.8343
01/06/2019,1.1403,0.2543,0.9706,0.0070,7.8335
01/07/2019,1.1436,0.2542,0.9708,0.0070,7.8350
01/08/2019,1.1439,0.2543,0.9708,0.0070,7.8391
01/09/2019,1.1498,0.2551,0.9703,0.0070,7.8374
01/10/2019,1.1547,0.2546,0.9705,0.0070,7.8386
01/11/2019,1.1592,0.2545,0.9708,0.0070,7.8395
01/12/2019,1.1592,0.2546,0.9708,0.0070,7.8394
01/13/2019,1.1593,0.2545,0.9708,0.0070,7.8399
01/14/2019,1.1588,0.2545,0.9709,0.0070,7.8430
01/15/2019,1.1602,0.2543,0.9705,0.0070,7.8439
01/16/2019,1.1607,0.2548,0.9709,0.0070,7.8432
01/17/2019,1.1574,0.2543,0.9710,0.0070,7.8433
01/18/2019,1.1571,0.2541,0.9705,0.0070,7.8434
01/19/2019,1.1571,0.2541,0.9705,0.0070,7.8434
01/20/2019,1.1572,0.2541,0.9706,0.0070,7.8442
01/21/2019,1.1540,0.2538,0.9705,0.0069,7.8456
01/22/2019,1.1525,0.2540,0.9708,0.0069,7.8460
01/23/2019,1.1551,0.2542,0.9707,0.0070,7.8450
01/24/2019,1.1558,0.2541,0.9709,0.0070,7.8462
01/25/2019,1.1626,0.2554,0.9708,0.0070,7.8457
01/26/2019,1.1626,0.2554,0.9709,0.0070,7.8457
01/27/2019,1.1627,0.2554,0.9754,0.0070,7.8453
01/28/2019,1.1632,0.2549,0.9711,0.0070,7.8462
01/29/2019,1.1654,0.2548,0.9705,0.0070,7.8463
01/30/2019,1.1677,0.2551,0.9710,0.0071,7.8431
01/31/2019,1.1710,0.2556,0.9674,0.0071,7.8465
02/01/2019,1.1634,0.2550,0.9705,0.0070,7.8466
02/02/2019,1.1634,0.2550,0.9705,0.0070,7.8466
02/03/2019,1.1632,0.2549,0.9704,0.0070,7.8452
02/04/2019,1.1633,0.2549,0.9708,0.0070,7.8463
02/05/2019,1.1632,0.2552,0.9697,0.0070,7.8456
02/06/2019,1.1633,0.2547,0.9711,0.0070,7.8464
02/07/2019,1.1634,0.2546,0.9712,0.0070,7.8474
02/08/2019,1.1635,0.2545,0.9710,0.0070,7.8475
02/09/2019,1.1635,0.2545,0.9707,0.0070,7.8474
02/10/2019,1.1633,0.2545,0.9705,0.0070,7.8463
02/11/2019,1.1554,0.2541,0.9708,0.0070,7.8479
02/12/2019,1.1586,0.2548,0.9711,0.0070,7.8486
02/13/2019,1.1609,0.2544,0.9703,0.0070,7.8479
02/14/2019,1.1587,0.2545,0.9706,0.0069,7.8473
02/15/2019,1.1587,0.2546,0.9711,0.0070,7.8479
02/16/2019,1.1587,0.2546,0.9711,0.0070,7.8480
02/17/2019,1.1587,0.2546,0.9711,0.0070,7.8479
02/18/2019,1.1598,0.2545,0.9708,0.0070,7.8475
02/19/2019,1.1614,0.2549,0.9706,0.0070,7.8494
02/20/2019,1.1678,0.2548,0.9707,0.0070,7.8486
02/21/2019,1.1679,0.2547,0.9713,0.0070,7.8485
02/22/2019,1.1689,0.2551,0.9707,0.0070,7.8481
02/23/2019,1.1689,0.2551,0.9710,0.0070,7.8478
02/24/2019,1.1688,0.2551,0.9710,0.0070,7.8479
02/25/2019,1.1733,0.2553,0.9708,0.0070,7.8485
02/26/2019,1.1715,0.2551,0.9707,0.0070,7.8493
02/27/2019,1.1738,0.2549,0.9705,0.0070,7.8491
02/28/2019,1.1727,0.2546,0.9710,0.0070,7.8500
03/01/2019,1.1703,0.2544,0.9709,0.0070,7.8485
03/02/2019,1.1703,0.2544,0.9709,0.0070,7.8487
03/03/2019,1.1704,0.2544,0.9709,0.0070,7.8489
03/04/2019,1.1703,0.2545,0.9719,0.0070,7.8498
03/05/2019,1.1703,0.2545,0.9708,0.0070,7.8496
03/06/2019,1.1695,0.2545,0.9711,0.0070,7.8494
03/07/2019,1.1690,0.2539,0.9710,0.0069,7.8501
03/08/2019,1.1678,0.2540,0.9709,0.0069,7.8493
03/09/2019,1.1678,0.2540,0.9709,0.0069,7.8496
03/10/2019,1.1679,0.2540,0.9730,0.0069,7.8498
03/11/2019,1.1670,0.2539,0.9708,0.0069,7.8495
03/12/2019,1.1701,0.2541,0.9709,0.0070,7.8497
03/13/2019,1.1704,0.2540,0.9710,0.0069,7.8498
03/14/2019,1.1676,0.2538,0.9707,0.0069,7.8498
03/15/2019,1.1692,0.2543,0.9707,0.0069,7.8490
03/16/2019,1.1692,0.2543,0.9707,0.0069,7.8490
03/17/2019,1.1692,0.2540,0.9708,0.0069,7.8495
03/18/2019,1.1694,0.2550,0.9708,0.0069,7.8499
03/19/2019,1.1696,0.2548,0.9710,0.0069,7.8499
03/20/2019,1.1725,0.2552,0.9712,0.0070,7.8494
03/21/2019,1.1715,0.2547,0.9707,0.0070,7.8479
03/22/2019,1.1681,0.2541,0.9709,0.0069,7.8477
03/23/2019,1.1682,0.2541,0.9728,0.0069,7.8478
03/24/2019,1.1682,0.2541,0.9728,0.0069,7.8481
03/25/2019,1.1696,0.2545,0.9710,0.0069,7.8469
03/26/2019,1.1688,0.2544,0.9709,0.0069,7.8489
03/27/2019,1.1668,0.2542,0.9708,0.0069,7.8493
03/28/2019,1.1649,0.2543,0.9709,0.0069,7.8506
03/29/2019,1.1696,0.2544,0.9709,0.0069,7.8503
03/30/2019,1.1696,0.2544,0.9709,0.0069,7.8504
03/31/2019,1.1695,0.2544,0.9709,0.0069,7.8500
04/01/2019,1.1696,0.2549,0.9708,0.0069,7.8495
04/02/2019,1.1676,0.2545,0.9709,0.0069,7.8498
04/03/2019,1.1695,0.2548,0.9708,0.0069,7.8493
04/04/2019,1.1685,0.2547,0.9708,0.0069,7.8487
04/05/2019,1.1686,0.2549,0.9709,0.0069,7.8502
04/06/2019,1.1686,0.2549,0.9709,0.0069,7.8502
04/07/2019,1.1684,0.2548,0.9708,0.0069,7.8495
04/08/2019,1.1684,0.2545,0.9710,0.0069,7.8470
04/09/2019,1.1683,0.2543,0.9708,0.0069,7.8411
04/10/2019,1.1669,0.2542,0.9707,0.0069,7.8367
04/11/2019,1.1672,0.2541,0.9685,0.0069,7.8428
04/12/2019,1.1698,0.2543,0.9712,0.0069,7.8429
04/13/2019,1.1698,0.2543,0.9713,0.0069,7.8429
04/14/2019,1.1699,0.2543,0.9714,0.0069,7.8435
04/15/2019,1.1687,0.2539,0.9711,0.0069,7.8408
04/16/2019,1.1685,0.2541,0.9708,0.0069,7.8433
04/17/2019,1.1730,0.2549,0.9706,0.0069,7.8453
04/18/2019,1.1694,0.2544,0.9707,0.0069,7.8458
04/19/2019,1.1700,0.2545,0.9705,0.0069,7.8444
04/20/2019,1.1700,0.2545,0.9705,0.0069,7.8444
04/21/2019,1.1699,0.2545,0.9690,0.0069,7.8435
04/22/2019,1.1692,0.2542,0.9698,0.0069,7.8449
04/23/2019,1.1660,0.2540,0.9705,0.0069,7.8423
04/24/2019,1.1667,0.2536,0.9709,0.0068,7.8426
04/25/2019,1.1632,0.2536,0.9706,0.0068,7.8436
04/26/2019,1.1657,0.2537,0.9707,0.0068,7.8451
04/27/2019,1.1657,0.2537,0.9706,0.0068,7.8446
04/28/2019,1.1655,0.2537,0.9731,0.0068,7.8437
04/29/2019,1.1648,0.2538,0.9709,0.0068,7.8438
04/30/2019,1.1648,0.2539,0.9707,0.0067,7.8447
05/01/2019,1.1649,0.2536,0.9713,0.0067,7.8454
05/02/2019,1.1646,0.2537,0.9711,0.0067,7.8429
05/03/2019,1.1649,0.2541,0.9709,0.0067,7.8451
05/04/2019,1.1649,0.2541,0.9709,0.0067,7.8451
05/05/2019,1.1649,0.2542,0.9709,0.0067,7.8449
05/06/2019,1.1599,0.2537,0.9710,0.0067,7.8463
05/07/2019,1.1581,0.2536,0.9709,0.0067,7.8485
05/08/2019,1.1571,0.2535,0.9708,0.0067,7.8484
05/09/2019,1.1495,0.2531,0.9707,0.0066,7.8483
05/10/2019,1.1501,0.2536,0.9710,0.0067,7.8484
05/11/2019,1.1501,0.2536,0.9710,0.0067,7.8484
05/12/2019,1.1501,0.2536,0.9710,0.0067,7.8485
05/13/2019,1.1412,0.2518,0.9710,0.0066,7.8497
05/14/2019,1.1416,0.2519,0.9716,0.0066,7.8494
05/15/2019,1.1416,0.2525,0.9707,0.0066,7.8494
05/16/2019,1.1403,0.2514,0.9710,0.0066,7.8495
05/17/2019,1.1346,0.2502,0.9710,0.0066,7.8500
05/18/2019,1.1346,0.2502,0.9710,0.0066,7.8500
05/19/2019,1.1345,0.2501,0.9709,0.0066,7.8492
05/20/2019,1.1356,0.2496,0.9710,0.0066,7.8495
05/21/2019,1.1372,0.2495,0.9708,0.0066,7.8494
05/22/2019,1.1365,0.2496,0.9695,0.0066,7.8490
05/23/2019,1.1358,0.2489,0.9708,0.0066,7.8488
05/24/2019,1.1375,0.2493,0.9710,0.0066,7.8492
05/25/2019,1.1376,0.2493,0.9727,0.0066,7.8494
05/26/2019,1.1375,0.2492,0.9727,0.0066,7.8485
05/27/2019,1.1379,0.2497,0.9709,0.0066,7.8496
05/28/2019,1.1359,0.2488,0.9710,0.0066,7.8492
05/29/2019,1.1352,0.2483,0.9703,0.0066,7.8494
05/30/2019,1.1370,0.2485,0.9709,0.0066,7.8473
05/31/2019,1.1353,0.2486,0.9701,0.0066,7.8393
06/01/2019,1.1353,0.2486,0.9701,0.0066,7.8393
06/02/2019,1.1350,0.2485,0.9747,0.0066,7.8369
06/03/2019,1.1351,0.2496,0.9710,0.0066,7.8362
06/04/2019,1.1350,0.2501,0.9713,0.0067,7.8410
06/05/2019,1.1349,0.2504,0.9689,0.0066,7.8411
06/06/2019,1.1347,0.2507,0.9709,0.0066,7.8407
06/07/2019,1.1350,0.2500,0.9713,0.0066,7.8427
06/08/2019,1.1350,0.2500,0.9713,0.0066,7.8427
06/09/2019,1.1347,0.2500,0.9711,0.0066,7.8407
06/10/2019,1.1316,0.2502,0.9709,0.0066,7.8429
06/11/2019,1.1338,0.2497,0.9713,0.0066,7.8358
06/12/2019,1.1310,0.2490,0.9712,0.0066,7.8243
06/13/2019,1.1310,0.2487,0.9709,0.0066,7.8285
06/14/2019,1.1303,0.2484,0.9702,0.0066,7.8281
06/15/2019,1.1304,0.2485,0.9686,0.0066,7.8282
06/16/2019,1.1304,0.2485,0.9686,0.0066,7.8286
06/17/2019,1.1311,0.2487,0.9712,0.0066,7.8338
06/18/2019,1.1345,0.2504,0.9700,0.0067,7.8320
06/19/2019,1.1334,0.2515,0.9707,0.0067,7.8244
06/20/2019,1.1403,0.2526,0.9708,0.0067,7.8131
06/21/2019,1.1374,0.2524,0.9710,0.0067,7.8138
06/22/2019,1.1374,0.2524,0.9710,0.0067,7.8138
06/23/2019,1.1374,0.2524,0.9737,0.0067,7.8139
06/24/2019,1.1356,0.2527,0.9709,0.0068,7.8099
06/25/2019,1.1352,0.2514,0.9709,0.0068,7.8098
06/26/2019,1.1352,0.2522,0.9710,0.0068,7.8100
06/27/2019,1.1365,0.2524,0.9708,0.0068,7.8154
06/28/2019,1.1374,0.2522,0.9701,0.0068,7.8106
06/29/2019,1.1374,0.2522,0.9701,0.0068,7.8106
06/30/2019,1.1376,0.2522,0.9703,0.0068,7.8117
07/01/2019,1.1403,0.2523,0.9673,0.0067,7.8133
07/02/2019,1.1349,0.2518,0.9700,0.0067,7.7999
07/03/2019,1.1332,0.2510,0.9710,0.0067,7.7976
07/04/2019,1.1332,0.2509,0.9705,0.0067,7.7865
07/05/2019,1.1303,0.2499,0.9707,0.0066,7.7922
07/06/2019,1.1304,0.2499,0.9707,0.0066,7.7921
07/07/2019,1.1309,0.2500,0.9712,0.0066,7.7960
07/08/2019,1.1334,0.2502,0.9709,0.0066,7.7996
07/09/2019,1.1334,0.2507,0.9705,0.0066,7.8079
07/10/2019,1.1375,0.2522,0.9712,0.0066,7.8180
07/11/2019,1.1387,0.2525,0.9714,0.0067,7.8232
07/12/2019,1.1371,0.2520,0.9711,0.0066,7.8245
07/13/2019,1.1371,0.2520,0.9711,0.0066,7.8245
07/14/2019,1.1372,0.2520,0.9711,0.0066,7.8248
07/15/2019,1.1380,0.2524,0.9708,0.0066,7.8268
07/16/2019,1.1370,0.2521,0.9708,0.0066,7.8182
07/17/2019,1.1368,0.2520,0.9707,0.0066,7.8144
07/18/2019,1.1359,0.2529,0.9711,0.0067,7.8151
07/19/2019,1.1346,0.2515,0.9712,0.0066,7.8083
07/20/2019,1.1346,0.2515,0.9708,0.0066,7.8083
07/21/2019,1.1344,0.2515,0.9706,0.0066,7.8069
07/22/2019,1.1349,0.2516,0.9708,0.0066,7.8096
07/23/2019,1.1354,0.2517,0.9708,0.0066,7.8107
07/24/2019,1.1370,0.2518,0.9706,0.0066,7.8145
07/25/2019,1.1374,0.2514,0.9712,0.0066,7.8167
07/26/2019,1.1365,0.2514,0.9710,0.0066,7.8188
07/27/2019,1.1365,0.2514,0.9710,0.0066,7.8188
07/28/2019,1.1364,0.2514,0.9708,0.0066,7.8174
07/29/2019,1.1348,0.2521,0.9708,0.0066,7.8225
07/30/2019,1.1364,0.2520,0.9710,0.0066,7.8236
07/31/2019,1.1371,0.2514,0.9710,0.0066,7.8280
08/01/2019,1.1343,0.2498,0.9707,0.0065,7.8253
08/02/2019,1.1280,0.2488,0.9721,0.0065,7.8284
08/03/2019,1.1280,0.2488,0.9721,0.0065,7.8284
08/04/2019,1.1283,0.2489,0.9724,0.0065,7.8303
08/05/2019,1.1128,0.2473,0.9723,0.0064,7.8460
08/06/2019,1.1155,0.2490,0.9709,0.0065,7.8374
08/07/2019,1.1106,0.2496,0.9712,0.0065,7.8410
08/08/2019,1.1130,0.2509,0.9707,0.0065,7.8416
08/09/2019,1.1103,0.2499,0.9708,0.0065,7.8418
08/10/2019,1.1103,0.2499,0.9708,0.0065,7.8418
08/11/2019,1.1105,0.2499,0.9709,0.0065,7.8429
08/12/2019,1.1117,0.2496,0.9708,0.0064,7.8462
08/13/2019,1.1139,0.2520,0.9707,0.0065,7.8461
08/14/2019,1.1169,0.2498,0.9710,0.0064,7.8454
08/15/2019,1.1149,0.2507,0.9710,0.0065,7.8418
08/16/2019,1.1139,0.2505,0.9714,0.0065,7.8448
08/17/2019,1.1139,0.2505,0.9714,0.0065,7.8448
08/18/2019,1.1138,0.2505,0.9714,0.0065,7.8444
08/19/2019,1.1126,0.2504,0.9710,0.0065,7.8450
08/20/2019,1.1107,0.2503,0.9708,0.0065,7.8423
08/21/2019,1.1106,0.2505,0.9714,0.0065,7.8444
08/22/2019,1.1068,0.2500,0.9706,0.0065,7.8402
08/23/2019,1.1052,0.2495,0.9709,0.0065,7.8422
08/24/2019,1.1053,0.2495,0.9710,0.0065,7.8432
08/25/2019,1.1052,0.2495,0.9872,0.0065,7.8421
08/26/2019,1.0971,0.2499,0.9709,0.0065,7.8459
08/27/2019,1.0956,0.2502,0.9712,0.0065,7.8474
08/28/2019,1.0948,0.2500,0.9705,0.0065,7.8442
08/29/2019,1.0982,0.2505,0.9707,0.0065,7.8464
08/30/2019,1.0958,0.2503,0.9709,0.0065,7.8423
08/31/2019,1.0958,0.2503,0.9709,0.0065,7.8423
09/01/2019,1.0957,0.2503,0.9708,0.0065,7.8416
09/02/2019,1.0934,0.2498,0.9664,0.0065,7.8423
09/03/2019,1.0927,0.2506,0.9710,0.0065,7.8444
09/04/2019,1.0972,0.2509,0.9709,0.0065,7.8405
09/05/2019,1.0964,0.2511,0.9706,0.0065,7.8382
09/06/2019,1.1018,0.2513,0.9704,0.0066,7.8395
09/07/2019,1.1018,0.2513,0.9703,0.0066,7.8396
09/08/2019,1.1019,0.2513,0.9800,0.0066,7.8407
09/09/2019,1.1007,0.2516,0.9724,0.0066,7.8388
09/10/2019,1.1023,0.2514,0.9704,0.0066,7.8403
09/11/2019,1.1014,0.2518,0.9710,0.0066,7.8388
09/12/2019,1.1053,0.2533,0.9705,0.0066,7.8254
09/13/2019,1.1047,0.2528,0.9702,0.0066,7.8204
09/14/2019,1.1047,0.2528,0.9702,0.0066,7.8206
09/15/2019,1.1051,0.2529,0.9706,0.0066,7.8234
09/16/2019,1.1063,0.2530,0.9710,0.0066,7.8186
09/17/2019,1.1030,0.2534,0.9706,0.0066,7.8224
09/18/2019,1.1049,0.2531,0.9708,0.0066,7.8297
09/19/2019,1.1036,0.2526,0.9709,0.0066,7.8317
09/20/2019,1.1053,0.2528,0.9713,0.0066,7.8384
09/21/2019,1.1053,0.2528,0.9713,0.0066,7.8384
09/22/2019,1.1055,0.2529,0.9715,0.0066,7.8396
09/23/2019,1.1012,0.2532,0.9701,0.0066,7.8386
09/24/2019,1.1018,0.2527,0.9712,0.0066,7.8408
09/25/2019,1.0992,0.2526,0.9710,0.0065,7.8389
09/26/2019,1.0989,0.2531,0.9711,0.0065,7.8381
09/27/2019,1.1007,0.2525,0.9709,0.0065,7.8404
09/28/2019,1.1007,0.2525,0.9710,0.0065,7.8405
09/29/2019,1.1008,0.2526,0.9711,0.0065,7.8407
09/30/2019,1.0965,0.2525,0.9685,0.0065,7.8383
10/01/2019,1.0971,0.2527,0.9740,0.0065,7.8424
10/02/2019,1.0973,0.2530,0.9747,0.0065,7.8435
10/03/2019,1.0971,0.2534,0.9716,0.0065,7.8421
10/04/2019,1.0967,0.2538,0.9701,0.0066,7.8399
10/05/2019,1.0967,0.2538,0.9698,0.0066,7.8397
10/06/2019,1.0971,0.2537,0.9701,0.0066,7.8423
10/07/2019,1.0970,0.2541,0.9710,0.0066,7.8416
10/08/2019,1.0980,0.2550,0.9713,0.0065,7.8445
10/09/2019,1.0999,0.2552,0.9709,0.0065,7.8452
10/10/2019,1.1020,0.2561,0.9706,0.0066,7.8419
10/11/2019,1.1066,0.2560,0.9713,0.0066,7.8436
10/12/2019,1.1066,0.2560,0.9713,0.0066,7.8436
10/13/2019,1.1066,0.2560,0.9710,0.0066,7.8438
10/14/2019,1.1101,0.2563,0.9708,0.0066,7.8452
10/15/2019,1.1078,0.2569,0.9705,0.0066,7.8452
10/16/2019,1.1059,0.2559,0.9710,0.0066,7.8451
10/17/2019,1.1083,0.2562,0.9715,0.0067,7.8438
10/18/2019,1.1076,0.2567,0.9709,0.0067,7.8435
10/19/2019,1.1076,0.2567,0.9709,0.0067,7.8435
10/20/2019,1.1074,0.2567,0.9708,0.0067,7.8424
10/21/2019,1.1083,0.2573,0.9709,0.0067,7.8425
10/22/2019,1.1081,0.2569,0.9707,0.0067,7.8422
10/23/2019,1.1098,0.2570,0.9709,0.0067,7.8412
10/24/2019,1.1087,0.2567,0.9706,0.0067,7.8377
10/25/2019,1.1093,0.2563,0.9706,0.0067,7.8380
10/26/2019,1.1093,0.2563,0.9706,0.0067,7.8381
10/27/2019,1.1093,0.2563,0.9706,0.0067,7.8379
10/28/2019,1.1091,0.2567,0.9710,0.0067,7.8394
10/29/2019,1.1095,0.2575,0.9710,0.0067,7.8394
10/30/2019,1.1112,0.2582,0.9707,0.0067,7.8398
10/31/2019,1.1134,0.2570,0.9712,0.0067,7.8372
11/01/2019,1.1136,0.2574,0.9708,0.0067,7.8363
11/02/2019,1.1135,0.2574,0.9708,0.0067,7.8363
11/03/2019,1.1137,0.2574,0.9709,0.0067,7.8371
11/04/2019,1.1148,0.2582,0.9709,0.0067,7.8373
11/05/2019,1.1174,0.2582,0.9706,0.0068,7.8327
11/06/2019,1.1183,0.2580,0.9711,0.0067,7.8259
11/07/2019,1.1214,0.2585,0.9708,0.0068,7.8262
11/08/2019,1.1189,0.2575,0.9712,0.0068,7.8273
11/09/2019,1.1189,0.2575,0.9712,0.0068,7.8273
11/10/2019,1.1191,0.2576,0.9714,0.0068,7.8287
11/11/2019,1.1163,0.2577,0.9715,0.0067,7.8254
11/12/2019,1.1172,0.2576,0.9710,0.0067,7.8290
11/13/2019,1.1146,0.2569,0.9702,0.0067,7.8282
11/14/2019,1.1150,0.2571,0.9709,0.0067,7.8281
11/15/2019,1.1168,0.2566,0.9707,0.0067,7.8266
11/16/2019,1.1166,0.2565,0.9724,0.0067,7.8254
11/17/2019,1.1168,0.2567,0.9726,0.0067,7.8270
11/18/2019,1.1141,0.2570,0.9707,0.0067,7.8279
11/19/2019,1.1138,0.2571,0.9708,0.0067,7.8274
11/20/2019,1.1122,0.2569,0.9709,0.0067,7.8256
11/21/2019,1.1126,0.2567,0.9705,0.0066,7.8203
11/22/2019,1.1117,0.2559,0.9711,0.0066,7.8256
11/23/2019,1.1117,0.2559,0.9711,0.0066,7.8256
11/24/2019,1.1117,0.2559,0.9710,0.0066,7.8253
11/25/2019,1.1122,0.2569,0.9708,0.0067,7.8256
11/26/2019,1.1131,0.2569,0.9711,0.0067,7.8287
11/27/2019,1.1137,0.2570,0.9707,0.0067,7.8277
11/28/2019,1.1125,0.2571,0.9708,0.0066,7.8272
11/29/2019,1.1132,0.2564,0.9714,0.0066,7.8281
11/30/2019,1.1131,0.2564,0.9713,0.0066,7.8278
12/01/2019,1.1132,0.2566,0.9731,0.0066,7.8286
12/02/2019,1.1121,0.2571,0.9706,0.0066,7.8283
12/03/2019,1.1089,0.2571,0.9711,0.0066,7.8298
12/04/2019,1.1105,0.2572,0.9714,0.0066,7.8285
12/05/2019,1.1113,0.2573,0.9713,0.0066,7.8287
12/06/2019,1.1130,0.2573,0.9710,0.0066,7.8301
12/07/2019,1.1130,0.2573,0.9710,0.0066,7.8301
12/08/2019,1.1129,0.2572,0.9709,0.0066,7.8297
12/09/2019,1.1121,0.2573,0.9709,0.0066,7.8285
12/10/2019,1.1127,0.2569,0.9707,0.0066,7.8267
12/11/2019,1.1094,0.2573,0.9702,0.0066,7.8089
12/12/2019,1.1115,0.2582,0.9705,0.0067,7.8030
12/13/2019,1.1184,0.2579,0.9718,0.0066,7.7986
12/14/2019,1.1184,0.2579,0.9718,0.0066,7.7986
12/15/2019,1.1187,0.2580,0.9720,0.0066,7.8005
12/16/2019,1.1161,0.2588,0.9713,0.0067,7.7935
12/17/2019,1.1129,0.2582,0.9698,0.0067,7.7870
12/18/2019,1.1118,0.2581,0.9707,0.0067,7.7882
12/19/2019,1.1118,0.2585,0.9709,0.0067,7.7941
12/20/2019,1.1126,0.2588,0.9709,0.0067,7.7956
12/21/2019,1.1126,0.2588,0.9709,0.0067,7.7956
12/22/2019,1.1129,0.2588,0.9711,0.0067,7.7975
12/23/2019,1.1105,0.2583,0.9710,0.0067,7.7875
12/24/2019,1.1114,0.2583,0.9709,0.0067,7.7878
12/25/2019,1.1144,0.2589,0.9720,0.0067,7.7890
12/26/2019,1.1130,0.2588,0.9723,0.0067,7.7883
12/27/2019,1.1132,0.2588,0.9711,0.0067,7.7878
12/28/2019,1.1132,0.2588,0.9711,0.0067,7.7878
12/29/2019,1.1132,0.2587,0.9711,0.0067,7.7875
12/30/2019,1.1147,0.2588,0.9710,0.0067,7.7879
12/31/2019,1.1185,0.2601,0.9714,0.0067,7.7886
01/01/2020,1.1193,0.2611,0.9668,0.0067,7.7938
01/02/2020,1.1183,0.2596,0.9706,0.0067,7.7886
01/03/2020,1.1168,0.2589,0.9711,0.0067,7.7790
01/04/2020,1.1168,0.2589,0.9711,0.0067,7.7790
01/05/2020,1.1171,0.2589,0.9713,0.0067,7.7811
01/06/2020,1.1139,0.2585,0.9706,0.0067,7.7704
01/07/2020,1.1198,0.2594,0.9712,0.0067,7.7775
01/08/2020,1.1196,0.2590,0.9711,0.0067,7.7766
01/09/2020,1.1171,0.2591,0.9710,0.0067,7.7671
01/10/2020,1.1224,0.2591,0.9712,0.0067,7.7665
01/11/2020,1.1224,0.2591,0.9712,0.0067,7.7660
01/12/2020,1.1226,0.2593,0.9735,0.0067,7.7675
01/13/2020,1.1274,0.2601,0.9705,0.0067,7.7717
01/14/2020,1.1269,0.2602,0.9706,0.0067,7.7770
01/15/2020,1.1278,0.2600,0.9711,0.0067,7.7714
01/16/2020,1.1299,0.2598,0.9712,0.0067,7.7724
01/17/2020,1.1324,0.2592,0.9708,0.0067,7.7677
01/18/2020,1.1324,0.2592,0.9708,0.0067,7.7677
01/19/2020,1.1325,0.2593,0.9709,0.0067,7.7687
01/20/2020,1.1314,0.2598,0.9708,0.0067,7.7694
01/21/2020,1.1253,0.2585,0.9710,0.0066,7.7710
01/22/2020,1.1251,0.2596,0.9709,0.0067,7.7710
01/23/2020,1.1205,0.2592,0.9710,0.0067,7.7725
01/24/2020,1.1205,0.2588,0.9707,0.0066,7.7724
01/25/2020,1.1205,0.2588,0.9707,0.0066,7.7724
01/26/2020,1.1207,0.2588,0.9709,0.0066,7.7739
01/27/2020,1.1212,0.2579,0.9707,0.0066,7.7772
01/28/2020,1.1210,0.2590,0.9705,0.0066,7.7762
01/29/2020,1.1206,0.2582,0.9711,0.0066,7.7733
01/30/2020,1.1198,0.2570,0.9707,0.0065,7.7677
01/31/2020,1.1196,0.2558,0.9707,0.0065,7.7660
02/01/2020,1.1196,0.2558,0.9707,0.0065,7.7660
02/02/2020,1.1195,0.2558,0.9707,0.0065,7.7653
02/03/2020,1.1060,0.2570,0.9708,0.0065,7.7654
02/04/2020,1.1097,0.2580,0.9706,0.0066,7.7665
02/05/2020,1.1132,0.2588,0.9709,0.0066,7.7629
02/06/2020,1.1137,0.2584,0.9708,0.0065,7.7633
02/07/2020,1.1089,0.2573,0.9709,0.0065,7.7644
02/08/2020,1.1089,0.2573,0.9709,0.0065,7.7644
02/09/2020,1.1092,0.2573,0.9711,0.0065,7.7658
02/10/2020,1.1119,0.2585,0.9709,0.0065,7.7659
02/11/2020,1.1148,0.2592,0.9711,0.0066,7.7656
02/12/2020,1.1144,0.2596,0.9710,0.0066,7.7697
02/13/2020,1.1132,0.2589,0.9707,0.0066,7.7667
02/14/2020,1.1117,0.2586,0.9708,0.0066,7.7673
02/15/2020,1.1117,0.2586,0.9708,0.0066,7.7673
02/16/2020,1.1117,0.2587,0.9709,0.0066,7.7674
02/17/2020,1.1128,0.2587,0.9711,0.0066,7.7680
02/18/2020,1.1102,0.2584,0.9706,0.0065,7.7682
02/19/2020,1.1107,0.2581,0.9713,0.0065,7.7730
02/20/2020,1.1079,0.2561,0.9704,0.0065,7.7809
02/21/2020,1.1082,0.2562,0.9712,0.0065,7.7876
02/22/2020,1.1082,0.2562,0.9712,0.0065,7.7876
02/23/2020,1.1088,0.2563,0.9707,0.0065,7.7915
02/24/2020,1.1089,0.2566,0.9708,0.0064,7.7946
02/25/2020,1.1069,0.2568,0.9705,0.0064,7.7899
02/26/2020,1.1068,0.2580,0.9715,0.0064,7.7927
02/27/2020,1.1129,0.2581,0.9711,0.0064,7.7953
02/28/2020,1.1149,0.2586,0.9714,0.0065,7.7947
02/29/2020,1.1149,0.2586,0.9714,0.0065,7.7948
03/01/2020,1.1147,0.2586,0.9713,0.0065,7.7933
03/02/2020,1.1179,0.2613,0.9716,0.0065,7.7815
03/03/2020,1.1162,0.2598,0.9700,0.0065,7.7711
03/04/2020,1.1221,0.2600,0.9708,0.0066,7.7718
03/05/2020,1.1202,0.2597,0.9714,0.0065,7.7714
03/06/2020,1.1213,0.2598,0.9705,0.0065,7.7729
03/07/2020,1.1213,0.2598,0.9705,0.0065,7.7729
03/08/2020,1.1208,0.2597,0.9701,0.0065,7.7698
03/09/2020,1.1177,0.2596,0.9698,0.0065,7.7716
03/10/2020,1.1167,0.2600,0.9702,0.0066,7.7685
03/11/2020,1.1161,0.2582,0.9649,0.0065,7.7692
03/12/2020,1.1065,0.2582,0.9717,0.0064,7.7778
03/13/2020,1.1087,0.2583,0.9726,0.0064,7.7705
03/14/2020,1.1087,0.2583,0.9726,0.0064,7.7705
03/15/2020,1.1077,0.2583,0.9696,0.0064,7.7636
03/16/2020,1.1105,0.2567,0.9712,0.0063,7.7661
03/17/2020,1.1077,0.2575,0.9714,0.0063,7.7629
03/18/2020,1.1017,0.2559,0.9703,0.0062,7.7643
03/19/2020,1.0919,0.2558,0.9701,0.0062,7.7617
03/20/2020,1.0930,0.2559,0.9714,0.0062,7.7564
03/21/2020,1.0931,0.2562,0.9727,0.0062,7.7564
03/22/2020,1.0935,0.2567,0.9712,0.0062,7.7595
03/23/2020,1.0936,0.2566,0.9783,0.0061,7.7564
03/24/2020,1.0977,0.2571,0.9677,0.0063,7.7529
03/25/2020,1.0897,0.2564,0.9730,0.0063,7.7530
03/26/2020,1.0960,0.2569,0.9695,0.0064,7.7526
03/27/2020,1.0930,0.2570,0.9714,0.0064,7.7561
03/28/2020,1.0930,0.2570,0.9714,0.0064,7.7562
03/29/2020,1.0924,0.2572,0.9815,0.0064,7.7519
03/30/2020,1.0922,0.2559,0.9702,0.0063,7.7545
03/31/2020,1.0945,0.2562,0.9687,0.0064,7.7520
04/01/2020,1.0919,0.2566,0.9708,0.0063,7.7521
04/02/2020,1.0942,0.2573,0.9665,0.0063,7.7517
04/03/2020,1.0931,0.2563,0.9706,0.0063,7.7523
04/04/2020,1.0931,0.2563,0.9706,0.0063,7.7523
04/05/2020,1.0931,0.2561,0.9702,0.0063,7.7531
04/06/2020,1.0929,0.2563,0.9704,0.0063,7.7520
04/07/2020,1.1003,0.2584,0.9705,0.0064,7.7523
04/08/2020,1.0971,0.2578,0.9706,0.0064,7.7522
04/09/2020,1.1008,0.2582,0.9710,0.0064,7.7533
04/10/2020,1.1018,0.2581,0.9764,0.0064,7.7527
04/11/2020,1.1019,0.2581,0.9710,0.0064,7.7527
04/12/2020,1.1019,0.2581,0.9766,0.0064,7.7529
04/13/2020,1.0992,0.2576,0.9792,0.0064,7.7526
04/14/2020,1.0997,0.2581,0.9714,0.0064,7.7515
04/15/2020,1.0967,0.2576,0.9707,0.0063,7.7511
04/16/2020,1.0948,0.2578,0.9708,0.0063,7.7507
04/17/2020,1.0958,0.2579,0.9710,0.0064,7.7505
04/18/2020,1.0958,0.2579,0.9744,0.0064,7.7505
04/19/2020,1.0958,0.2581,0.9741,0.0064,7.7510
04/20/2020,1.0957,0.2579,0.9706,0.0063,7.7503
04/21/2020,1.0928,0.2575,0.9705,0.0063,7.7502
04/22/2020,1.0940,0.2577,0.9708,0.0063,7.7502
04/23/2020,1.0968,0.2577,0.9711,0.0063,7.7504
04/24/2020,1.0945,0.2576,0.9708,0.0063,7.7509
04/25/2020,1.0945,0.2576,0.9708,0.0063,7.7507
04/26/2020,1.0944,0.2575,0.9707,0.0063,7.7506
04/27/2020,1.0937,0.2589,0.9705,0.0063,7.7508
04/28/2020,1.0948,0.2588,0.9706,0.0063,7.7504
04/29/2020,1.0952,0.2597,0.9702,0.0064,7.7506
04/30/2020,1.0977,0.2603,0.9709,0.0064,7.7523
05/01/2020,1.0992,0.2596,0.9788,0.0063,7.7627
05/02/2020,1.0992,0.2596,0.9723,0.0063,7.7628
05/03/2020,1.0977,0.2591,0.9771,0.0063,7.7520
05/04/2020,1.0979,0.2601,0.9713,0.0063,7.7533
05/05/2020,1.0979,0.2597,0.9715,0.0063,7.7535
05/06/2020,1.0912,0.2582,0.9706,0.0063,7.7525
05/07/2020,1.0941,0.2594,0.9706,0.0064,7.7508
05/08/2020,1.0971,0.2599,0.9719,0.0064,7.7608
05/09/2020,1.0979,0.2601,0.9727,0.0064,7.7670
05/10/2020,1.0957,0.2596,0.9707,0.0064,7.7512
05/11/2020,1.0917,0.2594,0.9708,0.0063,7.7506
05/12/2020,1.0943,0.2591,0.9715,0.0063,7.7508
05/13/2020,1.0929,0.2591,0.9710,0.0063,7.7510
05/14/2020,1.0924,0.2594,0.9704,0.0063,7.7514
05/15/2020,1.0914,0.2586,0.9712,0.0063,7.7508
05/16/2020,1.0914,0.2586,0.9712,0.0063,7.7508
05/17/2020,1.0914,0.2586,0.9709,0.0063,7.7510
05/18/2020,1.0902,0.2589,0.9710,0.0063,7.7514
05/19/2020,1.0918,0.2589,0.9706,0.0063,7.7508
05/20/2020,1.0926,0.2591,0.9711,0.0063,7.7501
05/21/2020,1.0899,0.2589,0.9710,0.0063,7.7548
05/22/2020,1.0878,0.2578,0.9715,0.0063,7.7568
05/23/2020,1.0878,0.2578,0.9715,0.0063,7.7567
05/24/2020,1.0879,0.2580,0.9721,0.0063,7.7567
05/25/2020,1.0866,0.2582,0.9707,0.0062,7.7545
05/26/2020,1.0866,0.2585,0.9712,0.0063,7.7527
05/27/2020,1.0816,0.2585,0.9717,0.0063,7.7547
05/28/2020,1.0849,0.2589,0.9704,0.0063,7.7528
05/29/2020,1.0860,0.2587,0.9709,0.0063,7.7512
05/30/2020,1.0860,0.2587,0.9709,0.0063,7.7512
05/31/2020,1.0864,0.2587,0.9710,0.0063,7.7539
06/01/2020,1.0874,0.2592,0.9711,0.0063,7.7511
06/02/2020,1.0915,0.2590,0.9704,0.0064,7.7508
06/03/2020,1.0892,0.2595,0.9710,0.0064,7.7500
06/04/2020,1.0900,0.2596,0.9707,0.0064,7.7504
06/05/2020,1.0943,0.2610,0.9709,0.0064,7.7498
06/06/2020,1.0944,0.2607,0.9709,0.0064,7.7499
06/07/2020,1.0943,0.2610,0.9710,0.0064,7.7500
06/08/2020,1.0960,0.2613,0.9713,0.0065,7.7503
06/09/2020,1.0951,0.2607,0.9707,0.0065,7.7502
06/10/2020,1.0976,0.2620,0.9713,0.0065,7.7499
06/11/2020,1.0970,0.2609,0.9706,0.0064,7.7507
06/12/2020,1.0941,0.2614,0.9708,0.0064,7.7498
06/13/2020,1.0941,0.2614,0.9708,0.0064,7.7498
06/14/2020,1.0942,0.2614,0.9708,0.0064,7.7501
06/15/2020,1.0930,0.2615,0.9708,0.0064,7.7505
06/16/2020,1.0937,0.2613,0.9714,0.0064,7.7500
06/17/2020,1.0938,0.2616,0.9714,0.0064,7.7503
06/18/2020,1.0932,0.2618,0.9714,0.0064,7.7506
06/19/2020,1.0959,0.2618,0.9713,0.0064,7.7503
06/20/2020,1.0959,0.2618,0.9713,0.0064,7.7503
06/21/2020,1.0959,0.2619,0.9715,0.0064,7.7500
06/22/2020,1.0965,0.2619,0.9710,0.0064,7.7503
06/23/2020,1.0979,0.2621,0.9702,0.0064,7.7504
06/24/2020,1.0949,0.2623,0.9702,0.0064,7.7503
06/25/2020,1.0950,0.2627,0.9711,0.0064,7.7507
06/26/2020,1.0949,0.2624,0.9713,0.0064,7.7501
06/27/2020,1.0949,0.2624,0.9713,0.0064,7.7501
06/28/2020,1.0949,0.2624,0.9714,0.0064,7.7500
06/29/2020,1.0945,0.2630,0.9701,0.0065,7.7504
06/30/2020,1.0969,0.2635,0.9708,0.0065,7.7507
07/01/2020,1.0961,0.2632,0.9702,0.0064,7.7506
07/02/2020,1.0967,0.2633,0.9708,0.0065,7.7503
07/03/2020,1.0967,0.2631,0.9708,0.0065,7.7496
07/04/2020,1.0967,0.2631,0.9709,0.0065,7.7500
07/05/2020,1.0968,0.2631,0.9708,0.0065,7.7502
07/06/2020,1.1042,0.2635,0.9709,0.0065,7.7501
07/07/2020,1.1049,0.2632,0.9710,0.0065,7.7504
07/08/2020,1.1064,0.2640,0.9709,0.0065,7.7500
07/09/2020,1.1081,0.2633,0.9708,0.0065,7.7498
07/10/2020,1.1070,0.2630,0.9713,0.0065,7.7512
07/11/2020,1.1071,0.2630,0.9710,0.0065,7.7511
07/12/2020,1.1071,0.2630,0.9710,0.0065,7.7513
07/13/2020,1.1069,0.2635,0.9708,0.0064,7.7508
07/14/2020,1.1061,0.2630,0.9708,0.0064,7.7508
07/15/2020,1.1092,0.2628,0.9711,0.0065,7.7519
07/16/2020,1.1094,0.2637,0.9709,0.0064,7.7537
07/17/2020,1.1089,0.2631,0.9708,0.0064,7.7540
07/18/2020,1.1089,0.2631,0.9708,0.0064,7.7540
07/19/2020,1.1089,0.2631,0.9707,0.0064,7.7539
07/20/2020,1.1100,0.2631,0.9718,0.0065,7.7521
07/21/2020,1.1103,0.2635,0.9708,0.0065,7.7509
07/22/2020,1.1074,0.2633,0.9711,0.0065,7.7524
07/23/2020,1.1067,0.2633,0.9703,0.0065,7.7514
07/24/2020,1.1046,0.2631,0.9713,0.0065,7.7512
07/25/2020,1.1046,0.2631,0.9712,0.0065,7.7512
07/26/2020,1.1047,0.2631,0.9712,0.0065,7.7520
07/27/2020,1.1047,0.2645,0.9710,0.0065,7.7516
07/28/2020,1.1045,0.2643,0.9709,0.0065,7.7502
07/29/2020,1.1045,0.2648,0.9696,0.0065,7.7502
07/30/2020,1.1045,0.2647,0.9714,0.0065,7.7502
07/31/2020,1.1111,0.2643,0.9705,0.0065,7.7505
08/01/2020,1.1111,0.2643,0.9705,0.0065,7.7506
08/02/2020,1.1045,0.2641,0.9705,0.0065,7.7505
08/03/2020,1.1102,0.2640,0.9717,0.0065,7.7507
08/04/2020,1.1114,0.2638,0.9709,0.0065,7.7502
08/05/2020,1.1173,0.2640,0.9710,0.0065,7.7501
08/06/2020,1.1146,0.2637,0.9702,0.0065,7.7503
08/07/2020,1.1123,0.2633,0.9707,0.0065,7.7502
08/08/2020,1.1123,0.2633,0.9681,0.0065,7.7502
08/09/2020,1.1123,0.2632,0.9680,0.0065,7.7501
08/10/2020,1.1132,0.2643,0.9710,0.0065,7.7501
08/11/2020,1.1157,0.2640,0.9701,0.0065,7.7505
08/12/2020,1.1173,0.2644,0.9706,0.0065,7.7507
08/13/2020,1.1160,0.2641,0.9712,0.0065,7.7504
08/14/2020,1.1152,0.2636,0.9712,0.0065,7.7506
08/15/2020,1.1152,0.2636,0.9712,0.0065,7.7505
08/16/2020,1.1152,0.2637,0.9712,0.0065,7.7506
08/17/2020,1.1179,0.2638,0.9709,0.0065,7.7501
08/18/2020,1.1197,0.2637,0.9737,0.0065,7.7500
08/19/2020,1.1199,0.2636,0.9711,0.0066,7.7500
08/20/2020,1.1206,0.2641,0.9702,0.0065,7.7505
08/21/2020,1.1201,0.2636,0.9704,0.0065,7.7502
08/22/2020,1.1201,0.2636,0.9704,0.0065,7.7502
08/23/2020,1.1201,0.2637,0.9707,0.0065,7.7501
08/24/2020,1.1200,0.2645,0.9708,0.0065,7.7499
08/25/2020,1.1212,0.2644,0.9709,0.0065,7.7502
08/26/2020,1.1255,0.2646,0.9714,0.0065,7.7502
08/27/2020,1.1242,0.2642,0.9707,0.0065,7.7504
08/28/2020,1.1289,0.2641,0.9708,0.0066,7.7504
08/29/2020,1.1289,0.2641,0.9708,0.0066,7.7504
08/30/2020,1.1289,0.2640,0.9706,0.0066,7.7501
08/31/2020,1.1317,0.2643,0.9717,0.0065,7.7499
09/01/2020,1.1350,0.2643,0.9713,0.0065,7.7502
09/02/2020,1.1334,0.2645,0.9713,0.0065,7.7503
09/03/2020,1.1319,0.2646,0.9704,0.0065,7.7500
09/04/2020,1.1327,0.2642,0.9713,0.0065,7.7505
09/05/2020,1.1327,0.2642,0.9713,0.0065,7.7506
09/06/2020,1.1327,0.2642,0.9714,0.0065,7.7503
09/07/2020,1.1347,0.2643,0.9709,0.0065,7.7507
09/08/2020,1.1321,0.2648,0.9705,0.0065,7.7506
09/09/2020,1.1342,0.2643,0.9711,0.0065,7.7505
09/10/2020,1.1341,0.2647,0.9709,0.0065,7.7503
09/11/2020,1.1340,0.2645,0.9709,0.0065,7.7503
09/12/2020,1.1340,0.2645,0.9709,0.0065,7.7503
09/13/2020,1.1340,0.2645,0.9707,0.0065,7.7502
09/14/2020,1.1380,0.2649,0.9709,0.0066,7.7499
09/15/2020,1.1428,0.2652,0.9704,0.0066,7.7498
09/16/2020,1.1473,0.2655,0.9711,0.0066,7.7501
09/17/2020,1.1455,0.2660,0.9704,0.0066,7.7502
09/18/2020,1.1449,0.2671,0.9710,0.0067,7.7503
09/19/2020,1.1449,0.2671,0.9710,0.0067,7.7503
09/20/2020,1.1449,0.2672,0.9711,0.0067,7.7499
09/21/2020,1.1449,0.2674,0.9704,0.0067,7.7499
09/22/2020,1.1449,0.2668,0.9703,0.0067,7.7500
09/23/2020,1.1449,0.2655,0.9710,0.0066,7.7501
09/24/2020,1.1449,0.2647,0.9711,0.0066,7.7504
09/25/2020,1.1357,0.2648,0.9707,0.0066,7.7500
09/26/2020,1.1357,0.2648,0.9707,0.0066,7.7500
09/27/2020,1.1449,0.2648,0.9708,0.0066,7.7500
09/28/2020,1.1377,0.2663,0.9712,0.0066,7.7498
09/29/2020,1.1370,0.2679,0.9715,0.0066,7.7501
09/30/2020,1.1413,0.2679,0.9706,0.0067,7.7503
10/01/2020,1.1413,0.2684,0.9716,0.0067,7.7502
10/02/2020,1.1412,0.2679,0.9707,0.0066,7.7498
10/03/2020,1.1413,0.2679,0.9707,0.0066,7.7504
10/04/2020,1.1413,0.2680,0.9712,0.0066,7.7499
10/05/2020,1.1413,0.2696,0.9710,0.0067,7.7500
10/06/2020,1.1413,0.2689,0.9710,0.0067,7.7502
10/07/2020,1.1413,0.2702,0.9709,0.0067,7.7499
10/08/2020,1.1413,0.2706,0.9706,0.0067,7.7498
10/09/2020,1.1576,0.2708,0.9708,0.0068,7.7503
10/10/2020,1.1576,0.2708,0.9708,0.0068,7.7503
10/11/2020,1.1576,0.2708,0.9706,0.0068,7.7501
10/12/2020,1.1489,0.2708,0.9705,0.0067,7.7497
10/13/2020,1.1487,0.2686,0.9707,0.0067,7.7499
10/14/2020,1.1541,0.2697,0.9708,0.0068,7.7498
10/15/2020,1.1524,0.2696,0.9708,0.0068,7.7502
10/16/2020,1.1572,0.2693,0.9712,0.0068,7.7504
10/17/2020,1.1572,0.2693,0.9712,0.0068,7.7504
10/18/2020,1.1572,0.2693,0.9711,0.0068,7.7500
10/19/2020,1.1598,0.2697,0.9709,0.0068,7.7498
10/20/2020,1.1608,0.2699,0.9707,0.0068,7.7498
10/21/2020,1.1652,0.2700,0.9707,0.0068,7.7498
10/22/2020,1.1594,0.2700,0.9708,0.0068,7.7502
10/23/2020,1.1590,0.2707,0.9707,0.0069,7.7505
10/24/2020,1.1590,0.2707,0.9707,0.0069,7.7505
10/25/2020,1.1590,0.2707,0.9709,0.0069,7.7499
10/26/2020,1.1546,0.2709,0.9710,0.0068,7.7502
10/27/2020,1.1558,0.2711,0.9713,0.0069,7.7501
10/28/2020,1.1518,0.2711,0.9708,0.0068,7.7504
10/29/2020,1.1544,0.2731,0.9708,0.0069,7.7522
10/30/2020,1.1587,0.2711,0.9711,0.0068,7.7534
10/31/2020,1.1587,0.2711,0.9711,0.0068,7.7534
11/01/2020,1.1584,0.2710,0.9709,0.0068,7.7527
11/02/2020,1.1584,0.2712,0.9709,0.0068,7.7510
11/03/2020,1.1611,0.2711,0.9720,0.0069,7.7533
11/04/2020,1.1655,0.2716,0.9723,0.0069,7.7547
11/05/2020,1.1737,0.2717,0.9704,0.0069,7.7544
11/06/2020,1.1726,0.2712,0.9712,0.0069,7.7526
11/07/2020,1.1728,0.2713,0.9714,0.0069,7.7539
11/08/2020,1.1727,0.2713,0.9714,0.0069,7.7533
11/09/2020,1.1694,0.2706,0.9696,0.0069,7.7526
11/10/2020,1.1720,0.2711,0.9711,0.0069,7.7535
11/11/2020,1.1694,0.2725,0.9710,0.0070,7.7543
11/12/2020,1.1725,0.2723,0.9707,0.0070,7.7536
11/13/2020,1.1736,0.2720,0.9703,0.0070,7.7535
11/14/2020,1.1736,0.2721,0.9703,0.0070,7.7535
11/15/2020,1.1736,0.2722,0.9708,0.0070,7.7533
11/16/2020,1.1736,0.2719,0.9722,0.0070,7.7535
11/17/2020,1.1735,0.2718,0.9704,0.0070,7.7529
11/18/2020,1.1735,0.2718,0.9702,0.0070,7.7525
11/19/2020,1.1735,0.2723,0.9708,0.0070,7.7529
11/20/2020,1.1812,0.2716,0.9706,0.0070,7.7524
11/21/2020,1.1812,0.2716,0.9706,0.0070,7.7521
11/22/2020,1.1735,0.2717,0.9708,0.0070,7.7523
11/23/2020,1.1734,0.2719,0.9705,0.0070,7.7523
11/24/2020,1.1733,0.2723,0.9708,0.0070,7.7514
11/25/2020,1.1733,0.2721,0.9710,0.0070,7.7513
11/26/2020,1.1732,0.2717,0.9707,0.0070,7.7506
11/27/2020,1.1784,0.2718,0.9709,0.0070,7.7504
11/28/2020,1.1784,0.2718,0.9709,0.0070,7.7504
11/29/2020,1.1785,0.2718,0.9709,0.0070,7.7509
11/30/2020,1.1782,0.2717,0.9707,0.0070,7.7516
12/01/2020,1.1795,0.2721,0.9704,0.0070,7.7523
12/02/2020,1.1812,0.2720,0.9706,0.0070,7.7518
12/03/2020,1.1847,0.2729,0.9706,0.0071,7.7514
12/04/2020,1.1866,0.2747,0.9708,0.0072,7.7503
12/05/2020,1.1866,0.2747,0.9708,0.0072,7.7501
12/06/2020,1.1866,0.2747,0.9709,0.0072,7.7504
12/07/2020,1.1870,0.2746,0.9708,0.0071,7.7512
12/08/2020,1.1865,0.2745,0.9714,0.0071,7.7511
12/09/2020,1.1847,0.2744,0.9713,0.0071,7.7516
12/10/2020,1.1843,0.2749,0.9705,0.0071,7.7514
12/11/2020,1.1840,0.2750,0.9707,0.0071,7.7513
12/12/2020,1.1840,0.2750,0.9707,0.0071,7.7510
12/13/2020,1.1841,0.2750,0.9705,0.0071,7.7515
12/14/2020,1.1842,0.2757,0.9707,0.0071,7.7520
12/15/2020,1.1841,0.2757,0.9705,0.0071,7.7516
12/16/2020,1.1842,0.2756,0.9707,0.0071,7.7523
12/17/2020,1.1842,0.2754,0.9705,0.0071,7.7523
12/18/2020,1.1859,0.2752,0.9710,0.0071,7.7526
12/19/2020,1.1859,0.2752,0.9710,0.0071,7.7521
12/20/2020,1.1858,0.2751,0.9708,0.0070,7.7526
12/21/2020,1.1837,0.2753,0.9715,0.0070,7.7528
12/22/2020,1.1849,0.2757,0.9715,0.0070,7.7529
12/23/2020,1.1853,0.2755,0.9710,0.0070,7.7524
12/24/2020,1.1874,0.2756,0.9707,0.0070,7.7536
12/25/2020,1.1853,0.2776,0.9705,0.0070,7.7541
12/26/2020,1.1853,0.2757,0.9706,0.0070,7.7538
12/27/2020,1.1853,0.2772,0.9705,0.0070,7.7538
12/28/2020,1.1863,0.2758,0.9711,0.0071,7.7549
12/29/2020,1.1872,0.2756,0.9712,0.0071,7.7541
12/30/2020,1.1884,0.2761,0.9709,0.0071,7.7521
12/31/2020,1.1869,0.2760,0.9712,0.0071,7.7534
01/01/2023,1.1310,0.2544,0.9718,0.0062,7.8011
01/02/2023,1.1263,0.2540,0.9711,0.0061,7.8056
01/03/2023,1.1291,0.2548,0.9709,0.0061,7.8133
01/04/2023,1.1328,0.2546,0.9703,0.0061,7.8160
01/05/2023,1.1341,0.2551,0.9708,0.0061,7.8118
01/06/2023,1.1417,0.2553,0.9696,0.0062,7.8074
01/07/2023,1.1417,0.2554,0.9696,0.0062,7.8077
01/08/2023,1.1443,0.2554,0.9697,0.0062,7.8073
01/09/2023,1.1504,0.2562,0.9713,0.0063,7.8050
01/10/2023,1.1506,0.2565,0.9703,0.0063,7.8087
01/11/2023,1.1493,0.2566,0.9707,0.0063,7.8120
01/12/2023,1.1609,0.2575,0.9712,0.0063,7.8089
01/13/2023,1.1668,0.2582,0.9720,0.0063,7.8210
01/14/2023,1.1668,0.2582,0.9753,0.0063,7.8211
01/15/2023,1.1642,0.2578,0.9741,0.0063,7.8115
01/16/2023,1.1586,0.2572,0.9708,0.0063,7.8102
01/17/2023,1.1546,0.2580,0.9692,0.0063,7.8183
01/18/2023,1.1564,0.2579,0.9716,0.0063,7.8252
01/19/2023,1.1563,0.2579,0.9706,0.0064,7.8297
01/20/2023,1.1549,0.2583,0.9713,0.0064,7.8347
01/21/2023,1.1550,0.2583,0.9713,0.0064,7.8348
01/22/2023,1.1539,0.2581,0.9704,0.0064,7.8270
01/23/2023,1.1562,0.2583,0.9702,0.0064,7.8317
01/24/2023,1.1542,0.2585,0.9709,0.0063,7.8318
01/25/2023,1.1569,0.2586,0.9705,0.0063,7.8292
01/26/2023,1.1628,0.2590,0.9695,0.0064,7.8286
01/27/2023,1.1543,0.2587,0.9709,0.0064,7.8310
01/28/2023,1.1543,0.2588,0.9707,0.0064,7.8302
01/29/2023,1.1607,0.2594,0.9706,0.0064,7.8289
01/30/2023,1.1593,0.2604,0.9713,0.0064,7.8354
01/31/2023,1.1605,0.2607,0.9710,0.0064,7.8403
02/01/2023,1.1677,0.2637,0.9705,0.0064,7.8389
02/02/2023,1.1640,0.2640,0.9710,0.0064,7.8443
02/03/2023,1.1583,0.2618,0.9712,0.0063,7.8477
02/04/2023,1.1583,0.2618,0.9712,0.0063,7.8482
02/05/2023,1.1494,0.2618,0.9623,0.0063,7.8459
02/06/2023,1.1535,0.2616,0.9716,0.0062,7.8468
02/07/2023,1.1582,0.2613,0.9712,0.0063,7.8485
02/08/2023,1.1550,0.2610,0.9712,0.0062,7.8486
02/09/2023,1.1555,0.2606,0.9715,0.0062,7.8496
02/10/2023,1.1528,0.2600,0.9707,0.0062,7.8500
02/11/2023,1.1528,0.2599,0.9712,0.0062,7.8500
02/12/2023,1.1504,0.2600,0.9712,0.0062,7.8498
02/13/2023,1.1507,0.2597,0.9712,0.0062,7.8496
02/14/2023,1.1481,0.2592,0.9710,0.0062,7.8490
02/15/2023,1.1435,0.2585,0.9686,0.0061,7.8466
02/16/2023,1.1419,0.2593,0.9705,0.0061,7.8492
02/17/2023,1.1425,0.2582,0.9708,0.0061,7.8455
02/18/2023,1.1425,0.2582,0.9708,0.0061,7.8461
02/19/2023,1.1405,0.2581,0.9764,0.0061,7.8450
02/20/2023,1.1419,0.2577,0.9707,0.0060,7.8344
02/21/2023,1.1384,0.2569,0.9698,0.0060,7.8449
02/22/2023,1.1360,0.2574,0.9709,0.0060,7.8456
02/23/2023,1.1343,0.2582,0.9710,0.0060,7.8468
02/24/2023,1.1284,0.2560,0.9707,0.0060,7.8494
02/25/2023,1.1284,0.2559,0.9716,0.0060,7.8493
02/26/2023,1.1239,0.2559,0.9714,0.0060,7.8480
02/27/2023,1.1271,0.2561,0.9703,0.0059,7.8448
02/28/2023,1.1288,0.2555,0.9709,0.0059,7.8492
03/01/2023,1.1413,0.2567,0.9708,0.0060,7.8482
03/02/2023,1.1346,0.2564,0.9708,0.0060,7.8493
03/03/2023,1.1362,0.2572,0.9704,0.0061,7.8485
03/04/2023,1.1362,0.2572,0.9705,0.0061,7.8486
03/05/2023,1.1354,0.2572,0.9702,0.0061,7.8495
03/06/2023,1.1294,0.2567,0.9709,0.0060,7.8495
03/07/2023,1.1222,0.2554,0.9712,0.0060,7.8497
03/08/2023,1.1267,0.2554,0.9711,0.0060,7.8497
03/09/2023,1.1248,0.2545,0.9705,0.0059,7.8499
03/10/2023,1.1366,0.2545,0.9759,0.0059,7.8499
03/11/2023,1.1366,0.2545,0.9756,0.0059,7.8498
03/12/2023,1.1349,0.2543,0.9750,0.0059,7.8477
03/13/2023,1.1445,0.2574,0.9702,0.0060,7.8444
03/14/2023,1.1402,0.2582,0.9714,0.0060,7.8486
03/15/2023,1.1391,0.2564,0.9700,0.0060,7.8489
03/16/2023,1.1385,0.2568,0.9703,0.0060,7.8495
03/17/2023,1.1398,0.2563,0.9744,0.0060,7.8498
03/18/2023,1.1398,0.2563,0.9846,0.0060,7.8504
03/19/2023,1.1404,0.2562,0.9845,0.0060,7.8494
03/20/2023,1.1407,0.2570,0.9710,0.0060,7.8430
03/21/2023,1.1413,0.2573,0.9710,0.0060,7.8460
03/22/2023,1.1442,0.2585,0.9707,0.0060,7.8477
03/23/2023,1.1485,0.2586,0.9720,0.0061,7.8492
03/24/2023,1.1430,0.2588,0.9700,0.0061,7.8499
03/25/2023,1.1430,0.2588,0.9700,0.0061,7.8499
03/26/2023,1.1430,0.2590,0.9700,0.0061,7.8497
03/27/2023,1.1405,0.2583,0.9709,0.0061,7.8498
03/28/2023,1.1409,0.2586,0.9722,0.0061,7.8500
03/29/2023,1.1387,0.2569,0.9711,0.0060,7.8495
03/30/2023,1.1419,0.2575,0.9708,0.0061,7.8499
03/31/2023,1.1429,0.2570,0.9716,0.0060,7.8500
04/01/2023,1.1429,0.2570,0.9716,0.0060,7.8500
04/02/2023,1.1409,0.2570,0.9728,0.0060,7.8495
04/03/2023,1.1416,0.2573,0.9699,0.0060,7.8473
04/04/2023,1.1415,0.2576,0.9690,0.0060,7.8496
04/05/2023,1.1403,0.2568,0.9700,0.0060,7.8498
04/06/2023,1.1404,0.2577,0.9718,0.0060,7.8499
04/07/2023,1.1425,0.2581,0.9707,0.0060,7.8497
04/08/2023,1.1425,0.2581,0.9707,0.0060,7.8498
04/09/2023,1.1425,0.2581,0.9707,0.0060,7.8498
04/10/2023,1.1391,0.2571,0.9698,0.0059,7.8497
04/11/2023,1.1387,0.2572,0.9703,0.0059,7.8499
04/12/2023,1.1404,0.2580,0.9707,0.0059,7.8485
04/13/2023,1.1422,0.2577,0.9708,0.0060,7.8498
04/14/2023,1.1424,0.2572,0.9701,0.0060,7.8505
04/15/2023,1.1424,0.2572,0.9749,0.0060,7.8500
04/16/2023,1.1425,0.2572,0.9747,0.0060,7.8493
04/17/2023,1.1404,0.2571,0.9704,0.0059,7.8490
04/18/2023,1.1416,0.2572,0.9705,0.0060,7.8499
04/19/2023,1.1385,0.2567,0.9703,0.0059,7.8492
04/20/2023,1.1402,0.2567,0.9707,0.0059,7.8490
04/21/2023,1.1387,0.2562,0.9715,0.0059,7.8499
04/22/2023,1.1387,0.2562,0.9715,0.0059,7.8499
04/23/2023,1.1374,0.2561,0.9713,0.0059,7.8477
04/24/2023,1.1374,0.2560,0.9738,0.0059,7.8490
04/25/2023,1.1311,0.2558,0.9712,0.0059,7.8496
04/26/2023,1.1309,0.2561,0.9705,0.0059,7.8492
04/27/2023,1.1327,0.2561,0.9708,0.0059,7.8494
04/28/2023,1.1357,0.2552,0.9709,0.0059,7.8499
04/29/2023,1.1357,0.2552,0.9709,0.0059,7.8496
04/30/2023,1.1322,0.2551,0.9835,0.0059,7.8497
05/01/2023,1.1279,0.2553,0.9726,0.0058,7.8494
05/02/2023,1.1322,0.2548,0.9724,0.0059,7.8498
05/03/2023,1.1335,0.2555,0.9707,0.0059,7.8494
05/04/2023,1.1345,0.2562,0.9713,0.0059,7.8482
05/05/2023,1.1359,0.2566,0.9711,0.0060,7.8499
05/06/2023,1.1359,0.2566,0.9680,0.0060,7.8499
05/07/2023,1.1342,0.2565,0.9708,0.0060,7.8470
05/08/2023,1.1340,0.2565,0.9709,0.0059,7.8485
05/09/2023,1.1325,0.2557,0.9704,0.0059,7.8413
05/10/2023,1.1287,0.2553,0.9702,0.0060,7.8314
05/11/2023,1.1259,0.2552,0.9711,0.0059,7.8363
05/12/2023,1.1279,0.2548,0.9707,0.0058,7.8478
05/13/2023,1.1278,0.2546,0.9746,0.0058,7.8474
05/14/2023,1.1250,0.2544,0.9738,0.0058,7.8418
05/15/2023,1.1261,0.2549,0.9705,0.0059,7.8385
05/16/2023,1.1200,0.2545,0.9709,0.0058,7.8381
05/17/2023,1.1172,0.2541,0.9715,0.0059,7.8313
05/18/2023,1.1103,0.2549,0.9703,0.0059,7.8266
05/19/2023,1.1155,0.2554,0.9708,0.0059,7.8171
05/20/2023,1.1154,0.2551,0.9707,0.0059,7.8166
05/21/2023,1.1126,0.2551,0.9727,0.0059,7.8111
05/22/2023,1.1126,0.2550,0.9701,0.0060,7.8217
05/23/2023,1.1126,0.2544,0.9709,0.0059,7.8337
05/24/2023,1.1126,0.2552,0.9762,0.0060,7.8654
05/25/2023,1.1126,0.2565,0.9787,0.0059,7.8928
05/26/2023,1.1086,0.2552,0.9705,0.0059,7.8319
05/27/2023,1.1086,0.2552,0.9705,0.0059,7.8319
05/28/2023,1.1077,0.2552,0.9687,0.0059,7.8322
05/29/2023,1.1077,0.2559,0.9707,0.0059,7.8265
05/30/2023,1.1077,0.2548,0.9661,0.0059,7.7931
05/31/2023,1.1077,0.2534,0.9634,0.0059,7.7711
06/01/2023,1.1038,0.2559,0.9711,0.0060,7.8310
06/02/2023,1.1064,0.2555,0.9708,0.0060,7.8385
06/03/2023,1.1063,0.2555,0.9708,0.0060,7.8386
06/04/2023,1.1062,0.2554,0.9671,0.0060,7.8373
06/05/2023,1.1030,0.2556,0.9726,0.0060,7.8377
06/06/2023,1.1016,0.2552,0.9703,0.0060,7.8432
06/07/2023,1.0997,0.2552,0.9711,0.0060,7.8415
06/08/2023,1.1018,0.2555,0.9708,0.0060,7.8351
06/09/2023,1.0997,0.2555,0.9713,0.0061,7.8391
06/10/2023,1.0997,0.2555,0.9711,0.0061,7.8388
06/11/2023,1.0997,0.2556,0.9711,0.0061,7.8388
06/12/2023,1.0965,0.2550,0.9707,0.0061,7.8345
06/13/2023,1.0929,0.2556,0.9705,0.0062,7.8337
06/14/2023,1.0932,0.2547,0.9707,0.0062,7.8311
06/15/2023,1.0985,0.2552,0.9697,0.0062,7.8221
06/16/2023,1.0975,0.2551,0.9712,0.0061,7.8210
06/17/2023,1.0975,0.2551,0.9712,0.0061,7.8210
06/18/2023,1.0974,0.2551,0.9722,0.0061,7.8209
06/19/2023,1.0915,0.2537,0.9711,0.0061,7.8163
06/20/2023,1.0896,0.2527,0.9709,0.0061,7.8252
06/21/2023,1.0903,0.2530,0.9707,0.0061,7.8282
06/22/2023,1.0907,0.2525,0.9707,0.0060,7.8286
06/23/2023,1.0906,0.2526,0.9709,0.0060,7.8314
06/24/2023,1.0905,0.2526,0.9709,0.0060,7.8300
06/25/2023,1.0906,0.2526,0.9770,0.0060,7.8290
06/26/2023,1.0819,0.2524,0.9712,0.0060,7.8300
06/27/2023,1.0849,0.2528,0.9705,0.0060,7.8336
06/28/2023,1.0812,0.2521,0.9703,0.0060,7.8328
06/29/2023,1.0808,0.2518,0.9716,0.0059,7.8386
06/30/2023,1.0804,0.2515,0.9708,0.0060,7.8369
07/01/2023,1.0804,0.2515,0.9708,0.0060,7.8369
07/02/2023,1.0806,0.2515,0.9772,0.0060,7.8370
07/03/2023,1.0820,0.2519,0.9719,0.0060,7.8360
07/04/2023,1.0855,0.2519,0.9705,0.0060,7.8312
07/05/2023,1.0792,0.2504,0.9708,0.0060,7.8217
07/06/2023,1.0789,0.2496,0.9710,0.0060,7.8225
07/07/2023,1.0841,0.2503,0.9709,0.0060,7.8284
07/08/2023,1.0841,0.2503,0.9708,0.0060,7.8282
07/09/2023,1.0840,0.2502,0.9784,0.0060,7.8282
07/10/2023,1.0825,0.2496,0.9706,0.0060,7.8294
07/11/2023,1.0856,0.2502,0.9691,0.0061,7.8260
07/12/2023,1.0921,0.2521,0.9798,0.0061,7.8257
07/13/2023,1.0938,0.2527,0.9708,0.0062,7.8220
07/14/2023,1.0944,0.2534,0.9714,0.0062,7.8151
07/15/2023,1.0943,0.2534,0.9732,0.0062,7.8148
07/16/2023,1.0944,0.2533,0.9732,0.0062,7.8138
07/17/2023,1.0896,0.2524,0.9713,0.0062,7.8142
07/18/2023,1.0882,0.2520,0.9708,0.0062,7.8134
07/19/2023,1.0805,0.2513,0.9707,0.0062,7.8086
07/20/2023,1.0886,0.2516,0.9709,0.0061,7.8136
07/21/2023,1.0878,0.2495,0.9708,0.0061,7.8188
07/22/2023,1.0877,0.2495,0.9717,0.0061,7.8185
07/23/2023,1.0876,0.2495,0.9715,0.0061,7.8175
07/24/2023,1.0872,0.2496,0.9714,0.0061,7.8131
07/25/2023,1.0947,0.2499,0.9706,0.0061,7.8126
07/26/2023,1.0909,0.2497,0.9698,0.0061,7.8007
07/27/2023,1.0876,0.2491,0.9708,0.0061,7.8028
07/28/2023,1.0911,0.2490,0.9723,0.0061,7.7999
07/29/2023,1.0911,0.2488,0.9748,0.0061,7.7998
07/30/2023,1.0962,0.2488,0.9744,0.0061,7.7971
07/31/2023,1.0952,0.2482,0.9701,0.0061,7.7982
08/01/2023,1.0860,0.2467,0.9706,0.0061,7.7943
08/02/2023,1.0849,0.2466,0.9697,0.0060,7.8016
08/03/2023,1.0897,0.2466,0.9714,0.0060,7.8068
08/04/2023,1.0892,0.2467,0.9707,0.0060,7.8106
08/05/2023,1.0893,0.2467,0.9707,0.0060,7.8106
08/06/2023,1.0938,0.2467,0.9780,0.0060,7.8112
08/07/2023,1.0854,0.2462,0.9714,0.0060,7.8081
08/08/2023,1.0828,0.2456,0.9716,0.0059,7.8148
08/09/2023,1.0849,0.2465,0.9712,0.0060,7.8213
08/10/2023,1.0836,0.2462,0.9712,0.0059,7.8207
08/11/2023,1.0802,0.2450,0.9711,0.0059,7.8177
08/12/2023,1.0803,0.2450,0.9684,0.0059,7.8176
08/13/2023,1.0855,0.2450,0.9674,0.0059,7.8178
08/14/2023,1.0772,0.2449,0.9705,0.0058,7.8192
08/15/2023,1.0743,0.2454,0.9706,0.0059,7.8228
08/16/2023,1.0730,0.2450,0.9709,0.0058,7.8314
08/17/2023,1.0753,0.2453,0.9711,0.0058,7.8300
08/18/2023,1.0756,0.2454,0.9715,0.0058,7.8325
08/19/2023,1.0755,0.2454,0.9734,0.0058,7.8308
08/20/2023,1.0811,0.2455,0.9736,0.0058,7.8332
08/21/2023,1.0872,0.2455,0.9718,0.0058,7.8384
08/22/2023,1.0746,0.2450,0.9710,0.0058,7.8377
08/23/2023,1.0913,0.2461,0.9709,0.0059,7.8414
08/24/2023,1.0775,0.2464,0.9709,0.0059,7.8417
08/25/2023,1.0760,0.2465,0.9712,0.0059,7.8421
08/26/2023,1.0761,0.2465,0.9703,0.0059,7.8440
08/27/2023,1.0838,0.2465,0.9703,0.0059,7.8439
08/28/2023,1.0762,0.2465,0.9708,0.0059,7.8457
08/29/2023,1.0777,0.2465,0.9712,0.0059,7.8472
08/30/2023,1.0771,0.2464,0.9701,0.0059,7.8463
08/31/2023,1.0806,0.2462,0.9707,0.0059,7.8430
09/01/2023,1.0803,0.2461,0.9706,0.0059,7.8440
09/02/2023,1.0802,0.2460,0.9706,0.0059,7.8436
09/03/2023,1.0973,0.2461,0.9665,0.0060,7.8465
09/04/2023,1.0772,0.2458,0.9702,0.0059,7.8349
09/05/2023,1.0735,0.2456,0.9694,0.0059,7.8414
09/06/2023,1.0718,0.2455,0.9717,0.0059,7.8428
09/07/2023,1.0697,0.2446,0.9711,0.0059,7.8381
09/08/2023,1.0677,0.2443,0.9711,0.0059,7.8403
09/09/2023,1.0677,0.2443,0.9711,0.0059,7.8403
09/10/2023,1.0826,0.2443,0.9721,0.0059,7.8404
09/11/2023,1.0746,0.2452,0.9722,0.0059,7.8327
09/12/2023,1.0735,0.2448,0.9705,0.0059,7.8280
09/13/2023,1.0765,0.2452,0.9709,0.0059,7.8262
09/14/2023,1.0759,0.2455,0.9711,0.0059,7.8292
09/15/2023,1.0760,0.2455,0.9709,0.0059,7.8279
09/16/2023,1.0761,0.2455,0.9725,0.0059,7.8277
09/17/2023,1.0825,0.2454,0.9724,0.0059,7.8268
09/18/2023,1.0723,0.2449,0.9708,0.0059,7.8184
09/19/2023,1.0718,0.2442,0.9709,0.0059,7.8208
09/20/2023,1.0735,0.2443,0.9704,0.0059,7.8230
09/21/2023,1.0703,0.2433,0.9703,0.0058,7.8217
09/22/2023,1.0716,0.2432,0.9710,0.0059,7.8207
09/23/2023,1.0717,0.2432,0.9743,0.0059,7.8205
09/24/2023,1.0799,0.2432,0.9742,0.0059,7.8198
09/25/2023,1.0691,0.2433,0.9711,0.0058,7.8168
09/26/2023,1.0697,0.2428,0.9709,0.0058,7.8220
09/27/2023,1.0700,0.2426,0.9701,0.0058,7.8210
09/28/2023,1.0726,0.2441,0.9710,0.0058,7.8300
09/29/2023,1.0735,0.2429,0.9698,0.0058,7.8313
09/30/2023,1.0736,0.2429,0.9687,0.0058,7.8312
10/01/2023,1.0886,0.2429,0.9688,0.0058,7.8327
10/02/2023,1.0905,0.2424,0.9702,0.0058,7.8323
10/03/2023,1.0883,0.2421,0.9707,0.0058,7.8324
10/04/2023,1.0874,0.2423,0.9715,0.0058,7.8294
10/05/2023,1.0875,0.2431,0.9737,0.0058,7.8321
10/06/2023,1.0886,0.2437,0.9752,0.0058,7.8306
10/07/2023,1.0886,0.2437,0.9752,0.0058,7.8319
10/08/2023,1.0894,0.2437,0.9751,0.0058,7.8303
10/09/2023,1.0737,0.2434,0.9709,0.0058,7.8289
10/10/2023,1.0718,0.2437,0.9703,0.0058,7.8203
10/11/2023,1.0713,0.2441,0.9708,0.0058,7.8200
10/12/2023,1.0713,0.2431,0.9711,0.0058,7.8222
10/13/2023,1.0712,0.2430,0.9708,0.0058,7.8247
10/14/2023,1.0711,0.2429,0.9703,0.0058,7.8233
10/15/2023,1.0901,0.2430,0.9704,0.0058,7.8250
10/16/2023,1.0693,0.2427,0.9704,0.0058,7.8170
10/17/2023,1.0700,0.2418,0.9722,0.0058,7.8242
10/18/2023,1.0704,0.2415,0.9711,0.0058,7.8294
10/19/2023,1.0700,0.2418,0.9710,0.0058,7.8236
10/20/2023,1.0693,0.2419,0.9712,0.0058,7.8236
10/21/2023,1.0693,0.2419,0.9728,0.0058,7.8242
10/22/2023,1.0795,0.2419,0.9728,0.0058,7.8237
10/23/2023,1.0696,0.2423,0.9710,0.0058,7.8252
10/24/2023,1.0702,0.2427,0.9708,0.0058,7.8234
10/25/2023,1.0691,0.2418,0.9708,0.0058,7.8224
10/26/2023,1.0690,0.2416,0.9706,0.0058,7.8208
10/27/2023,1.0688,0.2408,0.9701,0.0058,7.8206
10/28/2023,1.0689,0.2408,0.9700,0.0058,7.8208
10/29/2023,1.0911,0.2408,0.9731,0.0058,7.8221
10/30/2023,1.0694,0.2424,0.9715,0.0058,7.8205
10/31/2023,1.0694,0.2414,0.9712,0.0058,7.8231
11/01/2023,1.0691,0.2416,0.9713,0.0058,7.8213
11/02/2023,1.0697,0.2420,0.9724,0.0059,7.8249
11/03/2023,1.0720,0.2438,0.9713,0.0060,7.8255
11/04/2023,1.0721,0.2438,0.9713,0.0060,7.8255
11/05/2023,1.0819,0.2437,0.9786,0.0060,7.8247
11/06/2023,1.0758,0.2435,0.9704,0.0060,7.8215
11/07/2023,1.0743,0.2435,0.9716,0.0060,7.8198
11/08/2023,1.0734,0.2425,0.9701,0.0060,7.8147
11/09/2023,1.0722,0.2420,0.9710,0.0059,7.8086
11/10/2023,1.0713,0.2413,0.9711,0.0059,7.8082
11/11/2023,1.0713,0.2413,0.9744,0.0059,7.8091
11/12/2023,1.0862,0.2414,0.9747,0.0059,7.8109
11/13/2023,1.0711,0.2421,0.9701,0.0059,7.8083
11/14/2023,1.0762,0.2432,0.9706,0.0060,7.8075
11/15/2023,1.0773,0.2441,0.9702,0.0060,7.8058
11/16/2023,1.0774,0.2449,0.9703,0.0060,7.8043
11/17/2023,1.0812,0.2456,0.9703,0.0060,7.7967
11/18/2023,1.0813,0.2456,0.9754,0.0060,7.7972
11/19/2023,1.0854,0.2455,0.9753,0.0060,7.7981
11/20/2023,1.0870,0.2475,0.9711,0.0060,7.7926
11/21/2023,1.0985,0.2484,0.9713,0.0060,7.7966
11/22/2023,1.0897,0.2473,0.9716,0.0060,7.7985
11/23/2023,1.0990,0.2466,0.9703,0.0059,7.7989
11/24/2023,1.0993,0.2462,0.9718,0.0060,7.7961
11/25/2023,1.0993,0.2462,0.9744,0.0060,7.7960
11/26/2023,1.0988,0.2461,0.9739,0.0060,7.7926
11/27/2023,1.0922,0.2470,0.9705,0.0060,7.7890
11/28/2023,1.1019,0.2488,0.9713,0.0060,7.7931
11/29/2023,1.1011,0.2492,0.9714,0.0060,7.8049
11/30/2023,1.1023,0.2490,0.9708,0.0060,7.8107
12/01/2023,1.1046,0.2498,0.9703,0.0060,7.8120
12/02/2023,1.1047,0.2498,0.9704,0.0060,7.8120
12/03/2023,1.1050,0.2499,0.9703,0.0060,7.8161
12/04/2023,1.1026,0.2486,0.9703,0.0060,7.8150
12/05/2023,1.0941,0.2480,0.9710,0.0060,7.8187
12/06/2023,1.0970,0.2479,0.9705,0.0059,7.8104
12/07/2023,1.0926,0.2484,0.9699,0.0059,7.8117
12/08/2023,1.0904,0.2484,0.9704,0.0059,7.8103
12/09/2023,1.0904,0.2484,0.9697,0.0059,7.8103
12/10/2023,1.0943,0.2485,0.9688,0.0059,7.8079
12/11/2023,1.0880,0.2478,0.9699,0.0059,7.8060
12/12/2023,1.0881,0.2480,0.9708,0.0060,7.8090
12/13/2023,1.0890,0.2506,0.9704,0.0060,7.8112
12/14/2023,1.1042,0.2502,0.9710,0.0061,7.8070
12/15/2023,1.1027,0.2490,0.9704,0.0060,7.8087
12/16/2023,1.1027,0.2489,0.9659,0.0060,7.8073
12/17/2023,1.1021,0.2491,0.9654,0.0060,7.8015
12/18/2023,1.0929,0.2483,0.9704,0.0060,7.7957
12/19/2023,1.1019,0.2493,0.9717,0.0060,7.7991
12/20/2023,1.0942,0.2493,0.9711,0.0060,7.8075
12/21/2023,1.0939,0.2503,0.9709,0.0060,7.8132
12/22/2023,1.0952,0.2515,0.9697,0.0060,7.8120
12/23/2023,1.0949,0.2514,0.9705,0.0060,7.8098
12/24/2023,1.1015,0.2512,0.9697,0.0060,7.8136
12/25/2023,1.0944,0.2508,0.9687,0.0060,7.8105
12/26/2023,1.0930,0.2522,0.9684,0.0060,7.8077
12/27/2023,1.0936,0.2531,0.9712,0.0060,7.8104
12/28/2023,1.0990,0.2544,0.9654,0.0061,7.8118
12/29/2023,1.1034,0.2545,0.9706,0.0060,7.8098
12/30/2023,1.1031,0.2545,0.9688,0.0060,7.8100
12/31/2023,1.1031,0.2544,0.9686,0.0060,7.8090
01/01/2024,1.1034,0.2546,0.9680,0.0061,7.8109
01/02/2024,1.1009,0.2530,0.9707,0.0060,7.8153
01/03/2024,1.0979,0.2514,0.9715,0.0060,7.8075
01/04/2024,1.0967,0.2513,0.9711,0.0060,7.8090
01/05/2024,1.1002,0.2526,0.9711,0.0059,7.8124
01/06/2024,1.1000,0.2525,0.9710,0.0059,7.8115
01/07/2024,1.0999,0.2524,0.9737,0.0059,7.8097
01/08/2024,1.0987,0.2519,0.9713,0.0059,7.8067
01/09/2024,1.0989,0.2516,0.9714,0.0059,7.8163
01/10/2024,1.0904,0.2512,0.9708,0.0059,7.8194
01/11/2024,1.1013,0.2517,0.9707,0.0060,7.8183
01/12/2024,1.0996,0.2515,0.9710,0.0060,7.8169
01/13/2024,1.0993,0.2515,0.9718,0.0060,7.8188
01/14/2024,1.0998,0.2515,0.9720,0.0060,7.8211
01/15/2024,1.1006,0.2506,0.9720,0.0059,7.8231
01/16/2024,1.0982,0.2487,0.9696,0.0058,7.8254
01/17/2024,1.0976,0.2479,0.9706,0.0058,7.8220
01/18/2024,1.0977,0.2475,0.9708,0.0058,7.8211
01/19/2024,1.0983,0.2489,0.9699,0.0059,7.8160
01/20/2024,1.0985,0.2489,0.9699,0.0059,7.8165
01/21/2024,1.0984,0.2490,0.9713,0.0059,7.8177
01/22/2024,1.0867,0.2491,0.9710,0.0058,7.8171
01/23/2024,1.1033,0.2490,0.9714,0.0058,7.8220
01/24/2024,1.1025,0.2497,0.9708,0.0059,7.8180
01/25/2024,1.1027,0.2496,0.9707,0.0058,7.8185
01/26/2024,1.1015,0.2500,0.9712,0.0058,7.8179
01/27/2024,1.1016,0.2500,0.9704,0.0058,7.8178
01/28/2024,1.1011,0.2499,0.9700,0.0058,7.8134
01/29/2024,1.1014,0.2504,0.9716,0.0059,7.8139
01/30/2024,1.1004,0.2508,0.9711,0.0059,7.8178
01/31/2024,1.1009,0.2501,0.9725,0.0059,7.8213
02/01/2024,1.1017,0.2502,0.9728,0.0059,7.8201
02/02/2024,1.0981,0.2492,0.9710,0.0058,7.8222
02/03/2024,1.0876,0.2492,0.9710,0.0058,7.8214
02/04/2024,1.0982,0.2492,0.9624,0.0058,7.8215
02/05/2024,1.0987,0.2496,0.9697,0.0059,7.8221
02/06/2024,1.1005,0.2506,0.9702,0.0059,7.8227
02/07/2024,1.0991,0.2492,0.9705,0.0059,7.8189
02/08/2024,1.0991,0.2497,0.9704,0.0059,7.8210
02/09/2024,1.0891,0.2492,0.9710,0.0059,7.8200
02/10/2024,1.0980,0.2492,0.9719,0.0059,7.8202
02/11/2024,1.0950,0.2492,0.9719,0.0059,7.8192
02/12/2024,1.0868,0.2494,0.9706,0.0059,7.8179
02/13/2024,1.0876,0.2480,0.9710,0.0058,7.8194
02/14/2024,1.0893,0.2493,0.9708,0.0059,7.8188
02/15/2024,1.0991,0.2499,0.9714,0.0059,7.8201
02/16/2024,1.0987,0.2495,0.9705,0.0059,7.8219
02/17/2024,1.0987,0.2495,0.9708,0.0059,7.8222
02/18/2024,1.0987,0.2495,0.9707,0.0059,7.8205
02/19/2024,1.0865,0.2490,0.9710,0.0059,7.8201
02/20/2024,1.0876,0.2491,0.9709,0.0059,7.8196
02/21/2024,1.0879,0.2487,0.9707,0.0059,7.8206
02/22/2024,1.0873,0.2486,0.9707,0.0059,7.8224
02/23/2024,1.0870,0.2474,0.9705,0.0059,7.8218
02/24/2024,1.0872,0.2474,0.9715,0.0059,7.8221
02/25/2024,1.0942,0.2474,0.9718,0.0059,7.8238
02/26/2024,1.0871,0.2479,0.9713,0.0059,7.8250
02/27/2024,1.0870,0.2477,0.9711,0.0059,7.8242
02/28/2024,1.0876,0.2472,0.9731,0.0059,7.8282
02/29/2024,1.0891,0.2475,0.9707,0.0059,7.8290
03/01/2024,1.0878,0.2480,0.9713,0.0059,7.8289
03/02/2024,1.0879,0.2479,0.9713,0.0059,7.8288
03/03/2024,1.0947,0.2479,0.9741,0.0059,7.8280
03/04/2024,1.0868,0.2482,0.9707,0.0059,7.8259
03/05/2024,1.0872,0.2480,0.9708,0.0059,7.8245
03/06/2024,1.0871,0.2486,0.9710,0.0059,7.8241
03/07/2024,1.0872,0.2487,0.9709,0.0059,7.8210
03/08/2024,1.0883,0.2489,0.9705,0.0059,7.8207
03/09/2024,1.0883,0.2489,0.9705,0.0059,7.8203
03/10/2024,1.0951,0.2489,0.9718,0.0059,7.8203
03/11/2024,1.0886,0.2493,0.9708,0.0060,7.8191
03/12/2024,1.0893,0.2491,0.9712,0.0060,7.8236
03/13/2024,1.0884,0.2490,0.9710,0.0060,7.8224
03/14/2024,1.0876,0.2479,0.9707,0.0059,7.8231
03/15/2024,1.0870,0.2474,0.9708,0.0059,7.8217
03/16/2024,1.0870,0.2474,0.9705,0.0059,7.8218
03/17/2024,1.0967,0.2474,0.9706,0.0059,7.8226
03/18/2024,1.0863,0.2471,0.9683,0.0059,7.8198
03/19/2024,1.0867,0.2464,0.9708,0.0059,7.8226
03/20/2024,1.0867,0.2463,0.9706,0.0059,7.8225
03/21/2024,1.0863,0.2452,0.9709,0.0059,7.8223
03/22/2024,1.0824,0.2449,0.9719,0.0058,7.8245
03/23/2024,1.0824,0.2449,0.9757,0.0058,7.8245
03/24/2024,1.0885,0.2448,0.9753,0.0058,7.8213
03/25/2024,1.0850,0.2459,0.9710,0.0058,7.8213
03/26/2024,1.0838,0.2453,0.9707,0.0058,7.8227
03/27/2024,1.0826,0.2445,0.9707,0.0058,7.8240
03/28/2024,1.0829,0.2446,0.9713,0.0058,7.8265
03/29/2024,1.0839,0.2450,0.9711,0.0058,7.8272
03/30/2024,1.0839,0.2450,0.9723,0.0058,7.8269
03/31/2024,1.0924,0.2450,0.9721,0.0058,7.8262
04/01/2024,1.0823,0.2442,0.9712,0.0058,7.8272
04/02/2024,1.0824,0.2443,0.9710,0.0058,7.8310
04/03/2024,1.0820,0.2447,0.9713,0.0058,7.8292
04/04/2024,1.0821,0.2442,0.9712,0.0058,7.8286
04/05/2024,1.0826,0.2437,0.9723,0.0058,7.8293
04/06/2024,1.0826,0.2437,0.9723,0.0058,7.8300
04/07/2024,1.1040,0.2437,0.9714,0.0058,7.8297
04/08/2024,1.0831,0.2441,0.9732,0.0058,7.8321
04/09/2024,1.0828,0.2448,0.9708,0.0058,7.8308
04/10/2024,1.0834,0.2430,0.9705,0.0057,7.8358
04/11/2024,1.0831,0.2431,0.9712,0.0057,7.8381
04/12/2024,1.0830,0.2426,0.9714,0.0057,7.8371
04/13/2024,1.0830,0.2426,0.9732,0.0057,7.8374
04/14/2024,1.0912,0.2426,0.9733,0.0057,7.8377
04/15/2024,1.0816,0.2413,0.9713,0.0056,7.8290
04/16/2024,1.0821,0.2409,0.9713,0.0056,7.8319
04/17/2024,1.0817,0.2420,0.9715,0.0057,7.8300
04/18/2024,1.0821,0.2414,0.9710,0.0057,7.8319
04/19/2024,1.0817,0.2407,0.9706,0.0057,7.8310
04/20/2024,1.0818,0.2407,0.9728,0.0057,7.8314
04/21/2024,1.1031,0.2407,0.9730,0.0057,7.8324
04/22/2024,1.0818,0.2404,0.9700,0.0057,7.8355
04/23/2024,1.0814,0.2409,0.9718,0.0057,7.8347
04/24/2024,1.0808,0.2399,0.9704,0.0057,7.8311
04/25/2024,1.0813,0.2406,0.9715,0.0057,7.8280
04/26/2024,1.0804,0.2401,0.9684,0.0057,7.8283
04/27/2024,1.0804,0.2401,0.9684,0.0057,7.8283
04/28/2024,1.0916,0.2401,0.9685,0.0057,7.8280
04/29/2024,1.0810,0.2409,0.9709,0.0057,7.8256
04/30/2024,1.0805,0.2399,0.9708,0.0057,7.8236
05/01/2024,1.0803,0.2405,0.9708,0.0057,7.8225
05/02/2024,1.0792,0.2416,0.9701,0.0057,7.8123
05/03/2024,1.0795,0.2419,0.9710,0.0058,7.8130
05/04/2024,1.0794,0.2419,0.9733,0.0058,7.8123
05/05/2024,1.0794,0.2419,0.9722,0.0058,7.8116
05/06/2024,1.0843,0.2422,0.9712,0.0058,7.8179
05/07/2024,1.1020,0.2416,0.9707,0.0058,7.8211
05/08/2024,1.0820,0.2417,0.9706,0.0057,7.8170
05/09/2024,1.0824,0.2414,0.9704,0.0057,7.8143
05/10/2024,1.0814,0.2409,0.9710,0.0057,7.8148
05/11/2024,1.0814,0.2409,0.9719,0.0057,7.8148
05/12/2024,1.1021,0.2409,0.9702,0.0057,7.8146
05/13/2024,1.0801,0.2412,0.9711,0.0057,7.8129
05/14/2024,1.0800,0.2419,0.9709,0.0057,7.8117
05/15/2024,1.0818,0.2435,0.9711,0.0058,7.8097
05/16/2024,1.0808,0.2428,0.9704,0.0058,7.8015
05/17/2024,1.0801,0.2425,0.9710,0.0058,7.8026
05/18/2024,1.0802,0.2425,0.9710,0.0058,7.8027
05/19/2024,1.1002,0.2424,0.9759,0.0058,7.8020
05/20/2024,1.0780,0.2419,0.9700,0.0057,7.7982
05/21/2024,1.1001,0.2419,0.9707,0.0057,7.8041
05/22/2024,1.0978,0.2420,0.9702,0.0057,7.8050
05/23/2024,1.0960,0.2422,0.9710,0.0057,7.8088
05/24/2024,1.0786,0.2422,0.9714,0.0057,7.8105
05/25/2024,1.0983,0.2422,0.9715,0.0057,7.8092
05/26/2024,1.0985,0.2422,0.9718,0.0057,7.8119
05/27/2024,1.0779,0.2424,0.9706,0.0057,7.8074
05/28/2024,1.0985,0.2426,0.9694,0.0057,7.8102
05/29/2024,1.0986,0.2412,0.9701,0.0057,7.8134
05/30/2024,1.1007,0.2415,0.9708,0.0057,7.8171
05/31/2024,1.1001,0.2407,0.9712,0.0057,7.8185
06/01/2024,1.1004,0.2407,0.9716,0.0057,7.8194
06/02/2024,1.0922,0.2407,0.9717,0.0057,7.8201
06/03/2024,1.0955,0.2419,0.9714,0.0057,7.8198
06/04/2024,1.1005,0.2416,0.9710,0.0057,7.8136
06/05/2024,1.0855,0.2420,0.9706,0.0057,7.8099
06/06/2024,1.0790,0.2421,0.9723,0.0057,7.8094
06/07/2024,1.0780,0.2410,0.9712,0.0057,7.8117
06/08/2024,1.0781,0.2410,0.9712,0.0057,7.8116
06/09/2024,1.0993,0.2410,0.9649,0.0057,7.8130
06/10/2024,1.0993,0.2412,0.9714,0.0057,7.8130
06/11/2024,1.0989,0.2414,0.9697,0.0057,7.8132
06/12/2024,1.0786,0.2422,0.9706,0.0057,7.8098
06/13/2024,1.0770,0.2415,0.9687,0.0057,7.8107
06/14/2024,1.0765,0.2415,0.9710,0.0056,7.8105
06/15/2024,1.0766,0.2415,0.9731,0.0056,7.8105
06/16/2024,1.0987,0.2415,0.9717,0.0056,7.8125
06/17/2024,1.0764,0.2416,0.9712,0.0057,7.8108
06/18/2024,1.0763,0.2415,0.9707,0.0057,7.8073
06/19/2024,1.0757,0.2409,0.9705,0.0057,7.8072
06/20/2024,1.0751,0.2412,0.9710,0.0056,7.8053
06/21/2024,1.0749,0.2411,0.9713,0.0056,7.8051
06/22/2024,1.0749,0.2411,0.9713,0.0056,7.8048
06/23/2024,1.0750,0.2411,0.9733,0.0056,7.8057
06/24/2024,1.0757,0.2413,0.9709,0.0056,7.8084
06/25/2024,1.0754,0.2405,0.9706,0.0056,7.8099
06/26/2024,1.0748,0.2396,0.9707,0.0056,7.8085
06/27/2024,1.0745,0.2401,0.9704,0.0056,7.8096
06/28/2024,1.0746,0.2401,0.9708,0.0057,7.8091
06/29/2024,1.0746,0.2401,0.9708,0.0057,7.8092
06/30/2024,1.0745,0.2401,0.9717,0.0057,7.8096
07/01/2024,1.0748,0.2401,0.9708,0.0057,7.8123
07/02/2024,1.0746,0.2397,0.9709,0.0056,7.8128
07/03/2024,1.0744,0.2393,0.9709,0.0056,7.8108
07/04/2024,1.0747,0.2401,0.9707,0.0057,7.8101
07/05/2024,1.0751,0.2411,0.9728,0.0057,7.8149
07/06/2024,1.0751,0.2411,0.9739,0.0057,7.8144
07/07/2024,1.0749,0.2411,0.9703,0.0057,7.8142
07/08/2024,1.0745,0.2406,0.9704,0.0056,7.8092
07/09/2024,1.0741,0.2402,0.9703,0.0056,7.8116
07/10/2024,1.0736,0.2397,0.9710,0.0056,7.8104
07/11/2024,1.0760,0.2408,0.9710,0.0057,7.8090
07/12/2024,1.0769,0.2400,0.9711,0.0057,7.8082
07/13/2024,1.0769,0.2400,0.9710,0.0057,7.8078
07/14/2024,1.0769,0.2400,0.9737,0.0057,7.8068
07/15/2024,1.0753,0.2396,0.9712,0.0056,7.8066
07/16/2024,1.0933,0.2394,0.9712,0.0056,7.8056
07/17/2024,1.0754,0.2401,0.9714,0.0057,7.8074
07/18/2024,1.0758,0.2392,0.9709,0.0056,7.8100
07/19/2024,1.0744,0.2382,0.9714,0.0056,7.8111
07/20/2024,1.0744,0.2382,0.9717,0.0056,7.8107
07/21/2024,1.0743,0.2380,0.9711,0.0056,7.8103
07/22/2024,1.0733,0.2378,0.9706,0.0056,7.8073
07/23/2024,1.0734,0.2383,0.9715,0.0056,7.8089
07/24/2024,1.0752,0.2385,0.9705,0.0057,7.8087
07/25/2024,1.0795,0.2387,0.9709,0.0057,7.8067
07/26/2024,1.0767,0.2379,0.9712,0.0056,7.8064
07/27/2024,1.0767,0.2379,0.9713,0.0056,7.8065
07/28/2024,1.0768,0.2379,0.9724,0.0056,7.8069
07/29/2024,1.0757,0.2378,0.9704,0.0057,7.8093
07/30/2024,1.0774,0.2381,0.9705,0.0056,7.8126
07/31/2024,1.0823,0.2393,0.9712,0.0057,7.8126
08/01/2024,1.0787,0.2384,0.9716,0.0057,7.8147
08/02/2024,1.0906,0.2395,0.9793,0.0057,7.8076
08/03/2024,1.0906,0.2395,0.9711,0.0057,7.8080
08/04/2024,1.0904,0.2394,0.9792,0.0057,7.8068
08/05/2024,1.0927,0.2383,0.9722,0.0057,7.7882
08/06/2024,1.0931,0.2377,0.9708,0.0057,7.7941
08/07/2024,1.0858,0.2389,0.9710,0.0057,7.7975
08/08/2024,1.0865,0.2404,0.9712,0.0057,7.7963
08/09/2024,1.0881,0.2403,0.9706,0.0057,7.7968
08/10/2024,1.0881,0.2403,0.9717,0.0057,7.7980
08/11/2024,1.0880,0.2403,0.9717,0.0057,7.7979
08/12/2024,1.0859,0.2402,0.9702,0.0057,7.7917
08/13/2024,1.0887,0.2410,0.9710,0.0057,7.7882
08/14/2024,1.0915,0.2416,0.9712,0.0057,7.7921
08/15/2024,1.0880,0.2402,0.9680,0.0057,7.7967
08/16/2024,1.0878,0.2421,0.9743,0.0058,7.7942
08/17/2024,1.0878,0.2421,0.9743,0.0058,7.7945
08/18/2024,1.0879,0.2422,0.9743,0.0058,7.7944
08/19/2024,1.0914,0.2440,0.9703,0.0058,7.7886
08/20/2024,1.0914,0.2441,0.9730,0.0059,7.7889
08/21/2024,1.0924,0.2440,0.9699,0.0058,7.7923
08/22/2024,1.0911,0.2433,0.9702,0.0058,7.7966
08/23/2024,1.0945,0.2451,0.9701,0.0059,7.7963
08/24/2024,1.0945,0.2451,0.9701,0.0059,7.7968
08/25/2024,1.0947,0.2452,0.9783,0.0059,7.7957
08/26/2024,1.0950,0.2450,0.9709,0.0059,7.7969
08/27/2024,1.0953,0.2443,0.9712,0.0059,7.8030
08/28/2024,1.0948,0.2438,0.9708,0.0058,7.8009
08/29/2024,1.0987,0.2446,0.9684,0.0059,7.7977
08/30/2024,1.0994,0.2436,0.9710,0.0058,7.7982
08/31/2024,1.0994,0.2436,0.9696,0.0058,7.7984
09/01/2024,1.0995,0.2440,0.9696,0.0058,7.7989
09/02/2024,1.0954,0.2431,0.9709,0.0058,7.7971
09/03/2024,1.0952,0.2430,0.9712,0.0058,7.7999
09/04/2024,1.0962,0.2430,0.9730,0.0058,7.7967
09/05/2024,1.0989,0.2433,0.9712,0.0058,7.7940
09/06/2024,1.0997,0.2433,0.9710,0.0058,7.7929
09/07/2024,1.0996,0.2433,0.9700,0.0058,7.7951
09/08/2024,1.0997,0.2433,0.9701,0.0058,7.7967
09/09/2024,1.0960,0.2427,0.9706,0.0058,7.7978
09/10/2024,1.0950,0.2424,0.9705,0.0058,7.7976
09/11/2024,1.0952,0.2428,0.9712,0.0058,7.7982
09/12/2024,1.0962,0.2430,0.9705,0.0058,7.8035
09/13/2024,1.0995,0.2441,0.9709,0.0059,7.7996
09/14/2024,1.0995,0.2441,0.9707,0.0059,7.7995
09/15/2024,1.0993,0.2441,0.9695,0.0059,7.7984
09/16/2024,1.0986,0.2445,0.9701,0.0059,7.7928
09/17/2024,1.0988,0.2439,0.9694,0.0059,7.7939
09/18/2024,1.1003,0.2437,0.9705,0.0059,7.7932
09/19/2024,1.1028,0.2441,0.9696,0.0059,7.7944
09/20/2024,1.1049,0.2436,0.9704,0.0058,7.7914
09/21/2024,1.1049,0.2436,0.9703,0.0058,7.7913
09/22/2024,1.1048,0.2436,0.9721,0.0058,7.7917
09/23/2024,1.1043,0.2432,0.9717,0.0058,7.7872
09/24/2024,1.1070,0.2446,0.9703,0.0059,7.7836
09/25/2024,1.1069,0.2432,0.9705,0.0058,7.7844
09/26/2024,1.1096,0.2452,0.9706,0.0059,7.7787
09/27/2024,1.1085,0.2460,0.9707,0.0059,7.7723
09/28/2024,1.1085,0.2460,0.9707,0.0059,7.7723
09/29/2024,1.1086,0.2461,0.9708,0.0059,7.7727
09/30/2024,1.1077,0.2448,0.9720,0.0059,7.7740
10/01/2024,1.1053,0.2435,0.9715,0.0059,7.7721
10/02/2024,1.1028,0.2429,0.9711,0.0059,7.7630
10/03/2024,1.1022,0.2422,0.9699,0.0058,7.7660
10/04/2024,1.1017,0.2406,0.9673,0.0058,7.7670
10/05/2024,1.1017,0.2406,0.9673,0.0058,7.7670
10/06/2024,1.1055,0.2405,0.9672,0.0058,7.7658
10/07/2024,1.1064,0.2417,0.9713,0.0058,7.7673
10/08/2024,1.1015,0.2416,0.9707,0.0058,7.7746
10/09/2024,1.0976,0.2411,0.9705,0.0058,7.7736
10/10/2024,1.0974,0.2412,0.9703,0.0058,7.7702
10/11/2024,1.0996,0.2415,0.9702,0.0058,7.7699
10/12/2024,1.0990,0.2416,0.9696,0.0058,7.7655
10/13/2024,1.0996,0.2415,0.9720,0.0058,7.7623
10/14/2024,1.0954,0.2414,0.9704,0.0057,7.7630
10/15/2024,1.0911,0.2413,0.9707,0.0057,7.7662
10/16/2024,1.0914,0.2417,0.9709,0.0057,7.7705
10/17/2024,1.0913,0.2423,0.9711,0.0057,7.7742
10/18/2024,1.0942,0.2424,0.9709,0.0057,7.7708
10/19/2024,1.0942,0.2424,0.9709,0.0057,7.7708
10/20/2024,1.0941,0.2424,0.9709,0.0057,7.7702
10/21/2024,1.0918,0.2420,0.9712,0.0056,7.7736
10/22/2024,1.0912,0.2426,0.9705,0.0056,7.7730
10/23/2024,1.0903,0.2425,0.9710,0.0056,7.7703
10/24/2024,1.0914,0.2426,0.9708,0.0056,7.7692
10/25/2024,1.0912,0.2422,0.9689,0.0056,7.7703
10/26/2024,1.0912,0.2422,0.9689,0.0056,7.7704
10/27/2024,1.0913,0.2422,0.9689,0.0056,7.7704
10/28/2024,1.0902,0.2427,0.9715,0.0056,7.7714
10/29/2024,1.0899,0.2420,0.9710,0.0056,7.7698
10/30/2024,1.0921,0.2438,0.9700,0.0056,7.7716
10/31/2024,1.0919,0.2441,0.9716,0.0057,7.7751
11/01/2024,1.0921,0.2436,0.9709,0.0056,7.7784
11/02/2024,1.0921,0.2435,0.9722,0.0056,7.7787
11/03/2024,1.0918,0.2435,0.9720,0.0056,7.7811
11/04/2024,1.0949,0.2434,0.9702,0.0057,7.7727
11/05/2024,1.0938,0.2441,0.9707,0.0056,7.7696
11/06/2024,1.0834,0.2406,0.9712,0.0055,7.7762
11/07/2024,1.0880,0.2425,0.9710,0.0056,7.7712
11/08/2024,1.0829,0.2411,0.9705,0.0056,7.7746
11/09/2024,1.0829,0.2411,0.9704,0.0056,7.7745
11/10/2024,1.0830,0.2411,0.9656,0.0056,7.7755
11/11/2024,1.0780,0.2401,0.9709,0.0055,7.7750
11/12/2024,1.0754,0.2397,0.9702,0.0055,7.7777
11/13/2024,1.0771,0.2397,0.9706,0.0055,7.7817
11/14/2024,1.0762,0.2389,0.9708,0.0055,7.7815
11/15/2024,1.0765,0.2397,0.9703,0.0056,7.7856
11/16/2024,1.0765,0.2397,0.9680,0.0056,7.7855
11/17/2024,1.0766,0.2396,0.9682,0.0056,7.7867
11/18/2024,1.0756,0.2398,0.9752,0.0056,7.7835
11/19/2024,1.0752,0.2407,0.9708,0.0056,7.7833
11/20/2024,1.0742,0.2396,0.9707,0.0056,7.7826
11/21/2024,1.0758,0.2393,0.9709,0.0056,7.7834
11/22/2024,1.0748,0.2389,0.9702,0.0055,7.7845
11/23/2024,1.0748,0.2389,0.9712,0.0055,7.7848
11/24/2024,1.0746,0.2389,0.9710,0.0055,7.7824
11/25/2024,1.0741,0.2405,0.9709,0.0056,7.7822
11/26/2024,1.0741,0.2401,0.9738,0.0056,7.7826
11/27/2024,1.0737,0.2396,0.9705,0.0056,7.7812
11/28/2024,1.0745,0.2394,0.9711,0.0056,7.7837
11/29/2024,1.0746,0.2398,0.9700,0.0056,7.7816
11/30/2024,1.0745,0.2398,0.9724,0.0056,7.7819
12/01/2024,1.0746,0.2398,0.9724,0.0056,7.7839
12/02/2024,1.0701,0.2387,0.9713,0.0055,7.7812
12/03/2024,1.0684,0.2394,0.9701,0.0055,7.7831
12/04/2024,1.0717,0.2402,0.9702,0.0055,7.7844
12/05/2024,1.0719,0.2405,0.9701,0.0055,7.7818
12/06/2024,1.0701,0.2400,0.9706,0.0055,7.7797
12/07/2024,1.0701,0.2400,0.9698,0.0055,7.7798
12/08/2024,1.0701,0.2401,0.9698,0.0055,7.7801
12/09/2024,1.0707,0.2401,0.9694,0.0054,7.7750
12/10/2024,1.0724,0.2392,0.9701,0.0054,7.7749
12/11/2024,1.0706,0.2392,0.9722,0.0054,7.7733
12/12/2024,1.0696,0.2394,0.9701,0.0054,7.7750
12/13/2024,1.0686,0.2391,0.9713,0.0054,7.7752
12/14/2024,1.0686,0.2391,0.9726,0.0054,7.7712
12/15/2024,1.0687,0.2392,0.9726,0.0054,7.7751
12/16/2024,1.0674,0.2398,0.9714,0.0054,7.7737
12/17/2024,1.0666,0.2394,0.9710,0.0054,7.7701
12/18/2024,1.0666,0.2380,0.9709,0.0053,7.7716
12/19/2024,1.0649,0.2381,0.9706,0.0054,7.7704
12/20/2024,1.0658,0.2383,0.9716,0.0054,7.7763
12/21/2024,1.0656,0.2383,0.9751,0.0054,7.7753
12/22/2024,1.0654,0.2382,0.9749,0.0054,7.7740
12/23/2024,1.0647,0.2380,0.9698,0.0054,7.7707
12/24/2024,1.0646,0.2376,0.9715,0.0053,7.7673
12/25/2024,1.0642,0.2375,0.9724,0.0053,7.7666
12/26/2024,1.0644,0.2372,0.9726,0.0053,7.7680
12/27/2024,1.0635,0.2365,0.9708,0.0053,7.7622
12/28/2024,1.0635,0.2365,0.9698,0.0053,7.7623
12/29/2024,1.0637,0.2365,0.9700,0.0053,7.7642
12/30/2024,1.0636,0.2366,0.9718,0.0053,7.7636
12/31/2024,1.0644,0.2371,0.9709,0.0053,7.7676
01/01/2025,1.0645,0.2372,0.9711,0.0053,7.7670
01/02/2025,1.0654,0.2365,0.9707,0.0053,7.7771
01/03/2025,1.0621,0.2361,0.9702,0.0053,7.7752
01/04/2025,1.0625,0.2362,0.9724,0.0053,7.7785
01/05/2025,1.0625,0.2362,0.9724,0.0053,7.7830
01/06/2025,1.0618,0.2373,0.9701,0.0053,7.7753
01/07/2025,1.0615,0.2376,0.9706,0.0054,7.7769
01/08/2025,1.0611,0.2363,0.9698,0.0053,7.7797
01/09/2025,1.0614,0.2366,0.9710,0.0053,7.7831
01/10/2025,1.0620,0.2352,0.9711,0.0053,7.7819
01/11/2025,1.0620,0.2352,0.9669,0.0053,7.7857
01/12/2025,1.0620,0.2352,0.9668,0.0053,7.7891
01/13/2025,1.0621,0.2353,0.9703,0.0053,7.7860
01/14/2025,1.0621,0.2362,0.9699,0.0054,7.7870
01/15/2025,1.0620,0.2365,0.9752,0.0054,7.7853
01/16/2025,1.0621,0.2364,0.9702,0.0053,7.7876
01/17/2025,1.0629,0.2367,0.9705,0.0053,7.7859
01/18/2025,1.0629,0.2365,0.9708,0.0053,7.7862
01/19/2025,1.0628,0.2365,0.9707,0.0053,7.7837
01/20/2025,1.0637,0.2394,0.9699,0.0054,7.7807
01/21/2025,1.0629,0.2384,0.9707,0.0054,7.7858
01/22/2025,1.0709,0.2386,0.9707,0.0054,7.7865
01/23/2025,1.0689,0.2385,0.9703,0.0054,7.7896
01/24/2025,1.0751,0.2378,0.9703,0.0054,7.7877
01/25/2025,1.0750,0.2378,0.9724,0.0054,7.7873
01/26/2025,1.0751,0.2378,0.9725,0.0054,7.7881
01/27/2025,1.0741,0.2365,0.9709,0.0054,7.7858
01/28/2025,1.0743,0.2369,0.9697,0.0054,7.7888
01/29/2025,1.0868,0.2371,0.9703,0.0054,7.7920
01/30/2025,1.0844,0.2364,0.9715,0.0054,7.7914
01/31/2025,1.0843,0.2365,0.9712,0.0053,7.7874
02/01/2025,1.0843,0.2365,0.9696,0.0053,7.7925
02/02/2025,1.0846,0.2365,0.9560,0.0053,7.7973
02/03/2025,1.0829,0.2361,0.9797,0.0053,7.7944
02/04/2025,1.0840,0.2366,0.9709,0.0054,7.7887
02/05/2025,1.0709,0.2371,0.9704,0.0054,7.7865
02/06/2025,1.0683,0.2373,0.9707,0.0054,7.7866
02/07/2025,1.0690,0.2372,0.9704,0.0054,7.7906
02/08/2025,1.0690,0.2372,0.9666,0.0053,7.7889
02/09/2025,1.0690,0.2372,0.9667,0.0053,7.7911
02/10/2025,1.0662,0.2369,0.9699,0.0054,7.7887
02/11/2025,1.0663,0.2374,0.9711,0.0054,7.7921
02/12/2025,1.0658,0.2370,0.9708,0.0054,7.7898
02/13/2025,1.0655,0.2387,0.9691,0.0054,7.7878
02/14/2025,1.0679,0.2382,0.9736,0.0054,7.7846
02/15/2025,1.0679,0.2382,0.9738,0.0054,7.7842
02/16/2025,1.0730,0.2382,0.9737,0.0054,7.7835
02/17/2025,1.0711,0.2378,0.9710,0.0054,7.7805
02/18/2025,1.0680,0.2375,0.9700,0.0054,7.7744
02/19/2025,1.0678,0.2374,0.9714,0.0054,7.7778
02/20/2025,1.0717,0.2378,0.9709,0.0054,7.7765
02/21/2025,1.0716,0.2370,0.9703,0.0054,7.7703
02/22/2025,1.0716,0.2370,0.9704,0.0054,7.7697
02/23/2025,1.0715,0.2370,0.9704,0.0054,7.7718
02/24/2025,1.0726,0.2376,0.9711,0.0054,7.7755
02/25/2025,1.0725,0.2369,0.9714,0.0054,7.7736
02/26/2025,1.0706,0.2372,0.9704,0.0054,7.7725
02/27/2025,1.0674,0.2363,0.9715,0.0054,7.7788
02/28/2025,1.0680,0.2363,0.9715,0.0053,7.7787
03/01/2025,1.0680,0.2363,0.9715,0.0053,7.7787
03/02/2025,1.0679,0.2363,0.9689,0.0053,7.7761
03/03/2025,1.0675,0.2363,0.9721,0.0053,7.7766
03/04/2025,1.0698,0.2369,0.9709,0.0053,7.7709
03/05/2025,1.0717,0.2368,0.9722,0.0054,7.7711
03/06/2025,1.0718,0.2364,0.9708,0.0054,7.7720
03/07/2025,1.0742,0.2366,0.9704,0.0054,7.7705
03/08/2025,1.0742,0.2366,0.9697,0.0054,7.7704
03/09/2025,1.0742,0.2366,0.9697,0.0054,7.7731
03/10/2025,1.0700,0.2363,0.9706,0.0053,7.7688
03/11/2025,1.0749,0.2363,0.9710,0.0054,7.7705
03/12/2025,1.0734,0.2360,0.9702,0.0054,7.7695
03/13/2025,1.0738,0.2356,0.9709,0.0053,7.7720
03/14/2025,1.0741,0.2360,0.9719,0.0054,7.7752
03/15/2025,1.0741,0.2360,0.9719,0.0054,7.7748
03/16/2025,1.0739,0.2360,0.9732,0.0054,7.7738
03/17/2025,1.0743,0.2357,0.9706,0.0054,7.7702
03/18/2025,1.0750,0.2355,0.9710,0.0054,7.7711
03/19/2025,1.0746,0.2353,0.9712,0.0053,7.7703
03/20/2025,1.0724,0.2356,0.9712,0.0053,7.7726
03/21/2025,1.0726,0.2357,0.9712,0.0053,7.7752
03/22/2025,1.0725,0.2357,0.9735,0.0053,7.7751
03/23/2025,1.0723,0.2356,0.9733,0.0053,7.7729
03/24/2025,1.0718,0.2354,0.9703,0.0053,7.7742
03/25/2025,1.0714,0.2352,0.9712,0.0053,7.7750
03/26/2025,1.0714,0.2349,0.9703,0.0053,7.7758
03/27/2025,1.0703,0.2347,0.9713,0.0053,7.7763
03/28/2025,1.0714,0.2344,0.9713,0.0053,7.7822
03/29/2025,1.0716,0.2345,0.9715,0.0053,7.7836
03/30/2025,1.0709,0.2343,0.9812,0.0053,7.7789
03/31/2025,1.0726,0.2339,0.9711,0.0053,7.7809
04/01/2025,1.0703,0.2342,0.9703,0.0053,7.7826
04/02/2025,1.0710,0.2341,0.9712,0.0053,7.7845
04/03/2025,1.0657,0.2353,0.9707,0.0054,7.7759
04/04/2025,1.0677,0.2343,0.9747,0.0053,7.7747
04/05/2025,1.0653,0.2343,0.9704,0.0053,7.7747
04/06/2025,1.0680,0.2343,0.9707,0.0053,7.7805
04/07/2025,1.0625,0.2354,0.9703,0.0053,7.7681
04/08/2025,1.0590,0.2345,0.9706,0.0052,7.7730
04/09/2025,1.0560,0.2381,0.9747,0.0054,7.7658
04/10/2025,1.0607,0.2366,0.9701,0.0053,7.7582
04/11/2025,1.0637,0.2396,0.9707,0.0055,7.7566
04/12/2025,1.0636,0.2396,0.9729,0.0055,7.7558
04/13/2025,1.0635,0.2396,0.9728,0.0055,7.7549
04/14/2025,1.0606,0.2396,0.9710,0.0055,7.7566
04/15/2025,1.0606,0.2386,0.9699,0.0054,7.7575
04/16/2025,1.0624,0.2396,0.9717,0.0055,7.7621
04/17/2025,1.0641,0.2387,0.9716,0.0055,7.7637
04/18/2025,1.0641,0.2387,0.9716,0.0055,7.7637
04/19/2025,1.0641,0.2387,0.9716,0.0055,7.7637
04/20/2025,1.0639,0.2383,0.9709,0.0055,7.7620
04/21/2025,1.0629,0.2391,0.9711,0.0055,7.7598
04/22/2025,,0.2381,0.9710,0.0054,7.7581