date,gdp($),gdp_deflator_index
4/4/2019,688922,96.92423106
5/4/2019,688922,96.92423106
6/4/2019,688922,96.92423106
7/4/2019,688922,96.92423106
8/4/2019,688922,96.92423106
9/4/2019,688922,96.92423106
10/4/2019,688922,96.92423106
11/4/2019,688922,96.92423106
12/4/2019,688922,96.92423106
13/4/2019,688922,96.92423106
14/4/2019,688922,96.92423106
15/4/2019,688922,96.92423106
16/4/2019,688922,96.92423106
17/4/2019,688922,96.92423106
18/4/2019,688922,96.92423106
19/4/2019,688922,96.92423106
20/4/2019,688922,96.92423106
21/4/2019,688922,96.92423106
22/4/2019,688922,96.92423106
23/4/2019,688922,96.92423106
24/4/2019,688922,96.92423106
25/4/2019,688922,96.92423106
26/4/2019,688922,96.92423106
27/4/2019,688922,96.92423106
28/4/2019,688922,96.92423106
29/4/2019,688922,96.92423106
30/4/2019,688922,96.92423106
1/5/2019,688922,96.92423106
2/5/2019,688922,96.92423106
3/5/2019,688922,96.92423106
4/5/2019,688922,96.92423106
5/5/2019,688922,96.92423106
6/5/2019,688922,96.92423106
7/5/2019,688922,96.92423106
8/5/2019,688922,96.92423106
9/5/2019,688922,96.92423106
10/5/2019,688922,96.92423106
11/5/2019,688922,96.92423106
12/5/2019,688922,96.92423106
13/5/2019,688922,96.92423106
14/5/2019,688922,96.92423106
15/5/2019,688922,96.92423106
16/5/2019,688922,96.92423106
17/5/2019,688922,96.92423106
18/5/2019,688922,96.92423106
19/5/2019,688922,96.92423106
20/5/2019,688922,96.92423106
21/5/2019,688922,96.92423106
22/5/2019,688922,96.92423106
23/5/2019,688922,96.92423106
24/5/2019,688922,96.92423106
25/5/2019,688922,96.92423106
26/5/2019,688922,96.92423106
27/5/2019,688922,96.92423106
28/5/2019,688922,96.92423106
29/5/2019,688922,96.92423106
30/5/2019,688922,96.92423106
31/5/2019,688922,96.92423106
1/6/2019,688922,96.92423106
2/6/2019,688922,96.92423106
3/6/2019,688922,96.92423106
4/6/2019,688922,96.92423106
5/6/2019,688922,96.92423106
6/6/2019,688922,96.92423106
7/6/2019,688922,96.92423106
8/6/2019,688922,96.92423106
9/6/2019,688922,96.92423106
10/6/2019,688922,96.92423106
11/6/2019,688922,96.92423106
12/6/2019,688922,96.92423106
13/6/2019,688922,96.92423106
14/6/2019,688922,96.92423106
15/6/2019,688922,96.92423106
16/6/2019,688922,96.92423106
17/6/2019,688922,96.92423106
18/6/2019,688922,96.92423106
19/6/2019,688922,96.92423106
20/6/2019,688922,96.92423106
21/6/2019,688922,96.92423106
22/6/2019,688922,96.92423106
23/6/2019,688922,96.92423106
24/6/2019,688922,96.92423106
25/6/2019,688922,96.92423106
26/6/2019,688922,96.92423106
27/6/2019,688922,96.92423106
28/6/2019,688922,96.92423106
29/6/2019,688922,96.92423106
30/6/2019,688922,96.92423106
1/7/2019,714029,97.72443111
2/7/2019,714029,97.72443111
3/7/2019,714029,97.72443111
4/7/2019,714029,97.72443111
5/7/2019,714029,97.72443111
6/7/2019,714029,97.72443111
7/7/2019,714029,97.72443111
8/7/2019,714029,97.72443111
9/7/2019,714029,97.72443111
10/7/2019,714029,97.72443111
11/7/2019,714029,97.72443111
12/7/2019,714029,97.72443111
13/7/2019,714029,97.72443111
14/7/2019,714029,97.72443111
15/7/2019,714029,97.72443111
16/7/2019,714029,97.72443111
17/7/2019,714029,97.72443111
18/7/2019,714029,97.72443111
19/7/2019,714029,97.72443111
20/7/2019,714029,97.72443111
21/7/2019,714029,97.72443111
22/7/2019,714029,97.72443111
23/7/2019,714029,97.72443111
24/7/2019,714029,97.72443111
25/7/2019,714029,97.72443111
26/7/2019,714029,97.72443111
27/7/2019,714029,97.72443111
28/7/2019,714029,97.72443111
29/7/2019,714029,97.72443111
30/7/2019,714029,97.72443111
31/7/2019,714029,97.72443111
1/8/2019,714029,97.72443111
2/8/2019,714029,97.72443111
3/8/2019,714029,97.72443111
4/8/2019,714029,97.72443111
5/8/2019,714029,97.72443111
6/8/2019,714029,97.72443111
7/8/2019,714029,97.72443111
8/8/2019,714029,97.72443111
9/8/2019,714029,97.72443111
10/8/2019,714029,97.72443111
11/8/2019,714029,97.72443111
12/8/2019,714029,97.72443111
13/8/2019,714029,97.72443111
14/8/2019,714029,97.72443111
15/8/2019,714029,97.72443111
16/8/2019,714029,97.72443111
17/8/2019,714029,97.72443111
18/8/2019,714029,97.72443111
19/8/2019,714029,97.72443111
20/8/2019,714029,97.72443111
21/8/2019,714029,97.72443111
22/8/2019,714029,97.72443111
23/8/2019,714029,97.72443111
24/8/2019,714029,97.72443111
25/8/2019,714029,97.72443111
26/8/2019,714029,97.72443111
27/8/2019,714029,97.72443111
28/8/2019,714029,97.72443111
29/8/2019,714029,97.72443111
30/8/2019,714029,97.72443111
31/8/2019,714029,97.72443111
1/9/2019,714029,97.72443111
2/9/2019,714029,97.72443111
3/9/2019,714029,97.72443111
4/9/2019,714029,97.72443111
5/9/2019,714029,97.72443111
6/9/2019,714029,97.72443111
7/9/2019,714029,97.72443111
8/9/2019,714029,97.72443111
9/9/2019,714029,97.72443111
10/9/2019,714029,97.72443111
11/9/2019,714029,97.72443111
12/9/2019,714029,97.72443111
13/9/2019,714029,97.72443111
14/9/2019,714029,97.72443111
15/9/2019,714029,97.72443111
16/9/2019,714029,97.72443111
17/9/2019,714029,97.72443111
18/9/2019,714029,97.72443111
19/9/2019,714029,97.72443111
20/9/2019,714029,97.72443111
21/9/2019,714029,97.72443111
22/9/2019,714029,97.72443111
23/9/2019,714029,97.72443111
24/9/2019,714029,97.72443111
25/9/2019,714029,97.72443111
26/9/2019,714029,97.72443111
27/9/2019,714029,97.72443111
28/9/2019,714029,97.72443111
29/9/2019,714029,97.72443111
30/9/2019,714029,97.72443111
1/10/2019,739470,97.72443111
2/10/2019,739470,97.72443111
3/10/2019,739470,97.72443111
4/10/2019,739470,97.72443111
5/10/2019,739470,97.72443111
6/10/2019,739470,97.72443111
7/10/2019,739470,97.72443111
8/10/2019,739470,97.72443111
9/10/2019,739470,97.72443111
10/10/2019,739470,97.72443111
11/10/2019,739470,97.72443111
12/10/2019,739470,97.72443111
13/10/2019,739470,97.72443111
14/10/2019,739470,97.72443111
15/10/2019,739470,97.72443111
16/10/2019,739470,97.72443111
17/10/2019,739470,97.72443111
18/10/2019,739470,97.72443111
19/10/2019,739470,97.72443111
20/10/2019,739470,97.72443111
21/10/2019,739470,97.72443111
22/10/2019,739470,97.72443111
23/10/2019,739470,97.72443111
24/10/2019,739470,97.72443111
25/10/2019,739470,97.72443111
26/10/2019,739470,97.72443111
27/10/2019,739470,97.72443111
28/10/2019,739470,97.72443111
29/10/2019,739470,97.72443111
30/10/2019,739470,97.72443111
31/10/2019,739470,97.72443111
1/11/2019,739470,97.72443111
2/11/2019,739470,97.72443111
3/11/2019,739470,97.72443111
4/11/2019,739470,97.72443111
5/11/2019,739470,97.72443111
6/11/2019,739470,97.72443111
7/11/2019,739470,97.72443111
8/11/2019,739470,97.72443111
9/11/2019,739470,97.72443111
10/11/2019,739470,97.72443111
11/11/2019,739470,97.72443111
12/11/2019,739470,97.72443111
13/11/2019,739470,97.72443111
14/11/2019,739470,97.72443111
15/11/2019,739470,97.72443111
16/11/2019,739470,97.72443111
17/11/2019,739470,97.72443111
18/11/2019,739470,97.72443111
19/11/2019,739470,97.72443111
20/11/2019,739470,97.72443111
21/11/2019,739470,97.72443111
22/11/2019,739470,97.72443111
23/11/2019,739470,97.72443111
24/11/2019,739470,97.72443111
25/11/2019,739470,97.72443111
26/11/2019,739470,97.72443111
27/11/2019,739470,97.72443111
28/11/2019,739470,97.72443111
29/11/2019,739470,97.72443111
30/11/2019,739470,97.72443111
1/12/2019,739470,97.72443111
2/12/2019,739470,97.72443111
3/12/2019,739470,97.72443111
4/12/2019,739470,97.72443111
5/12/2019,739470,97.72443111
6/12/2019,739470,97.72443111
7/12/2019,739470,97.72443111
8/12/2019,739470,97.72443111
9/12/2019,739470,97.72443111
10/12/2019,739470,97.72443111
11/12/2019,739470,97.72443111
12/12/2019,739470,97.72443111
13/12/2019,739470,97.72443111
14/12/2019,739470,97.72443111
15/12/2019,739470,97.72443111
16/12/2019,739470,97.72443111
17/12/2019,739470,97.72443111
18/12/2019,739470,97.72443111
19/12/2019,739470,97.72443111
20/12/2019,739470,97.72443111
21/12/2019,739470,97.72443111
22/12/2019,739470,97.72443111
23/12/2019,739470,97.72443111
24/12/2019,739470,97.72443111
25/12/2019,739470,97.72443111
26/12/2019,739470,97.72443111
27/12/2019,739470,97.72443111
28/12/2019,739470,97.72443111
29/12/2019,739470,97.72443111
30/12/2019,739470,97.72443111
31/12/2019,739470,97.72443111
1/1/2020,654083,98.52463116
2/1/2020,654083,98.52463116
3/1/2020,654083,98.52463116
4/1/2020,654083,98.52463116
5/1/2020,654083,98.52463116
6/1/2020,654083,98.52463116
7/1/2020,654083,98.52463116
8/1/2020,654083,98.52463116
9/1/2020,654083,98.52463116
10/1/2020,654083,98.52463116
11/1/2020,654083,98.52463116
12/1/2020,654083,98.52463116
13/1/2020,654083,98.52463116
14/1/2020,654083,98.52463116
15/1/2020,654083,98.52463116
16/1/2020,654083,98.52463116
17/1/2020,654083,98.52463116
18/1/2020,654083,98.52463116
19/1/2020,654083,98.52463116
20/1/2020,654083,98.52463116
21/1/2020,654083,98.52463116
22/1/2020,654083,98.52463116
23/1/2020,654083,98.52463116
24/1/2020,654083,98.52463116
25/1/2020,654083,98.52463116
26/1/2020,654083,98.52463116
27/1/2020,654083,98.52463116
28/1/2020,654083,98.52463116
29/1/2020,654083,98.52463116
30/1/2020,654083,98.52463116
31/1/2020,654083,98.52463116
1/2/2020,654083,98.52463116
2/2/2020,654083,98.52463116
3/2/2020,654083,98.52463116
4/2/2020,654083,98.52463116
5/2/2020,654083,98.52463116
6/2/2020,654083,98.52463116
7/2/2020,654083,98.52463116
8/2/2020,654083,98.52463116
9/2/2020,654083,98.52463116
10/2/2020,654083,98.52463116
11/2/2020,654083,98.52463116
12/2/2020,654083,98.52463116
13/2/2020,654083,98.52463116
14/2/2020,654083,98.52463116
15/2/2020,654083,98.52463116
16/2/2020,654083,98.52463116
17/2/2020,654083,98.52463116
18/2/2020,654083,98.52463116
19/2/2020,654083,98.52463116
20/2/2020,654083,98.52463116
21/2/2020,654083,98.52463116
22/2/2020,654083,98.52463116
23/2/2020,654083,98.52463116
24/2/2020,654083,98.52463116
25/2/2020,654083,98.52463116
26/2/2020,654083,98.52463116
27/2/2020,654083,98.52463116
28/2/2020,654083,98.52463116
29/2/2020,654083,98.52463116
1/3/2020,654083,98.52463116
2/3/2020,654083,98.52463116
3/3/2020,654083,98.52463116
4/3/2020,654083,98.52463116
5/3/2020,654083,98.52463116
6/3/2020,654083,98.52463116
7/3/2020,654083,98.52463116
8/3/2020,654083,98.52463116
9/3/2020,654083,98.52463116
10/3/2020,654083,98.52463116
11/3/2020,654083,98.52463116
12/3/2020,654083,98.52463116
13/3/2020,654083,98.52463116
14/3/2020,654083,98.52463116
15/3/2020,654083,98.52463116
16/3/2020,654083,98.52463116
17/3/2020,654083,98.52463116
18/3/2020,654083,98.52463116
19/3/2020,654083,98.52463116
20/3/2020,654083,98.52463116
21/3/2020,654083,98.52463116
22/3/2020,654083,98.52463116
23/3/2020,654083,98.52463116
24/3/2020,654083,98.52463116
25/3/2020,654083,98.52463116
26/3/2020,654083,98.52463116
27/3/2020,654083,98.52463116
28/3/2020,654083,98.52463116
29/3/2020,654083,98.52463116
30/3/2020,654083,98.52463116
31/3/2020,654083,98.52463116
1/4/2020,627597,97.42435609
2/4/2020,627597,97.42435609
3/4/2020,627597,97.42435609
4/4/2020,627597,97.42435609
5/4/2020,627597,97.42435609
6/4/2020,627597,97.42435609
7/4/2020,627597,97.42435609
8/4/2020,627597,97.42435609
9/4/2020,627597,97.42435609
10/4/2020,627597,97.42435609
11/4/2020,627597,97.42435609
12/4/2020,627597,97.42435609
13/4/2020,627597,97.42435609
14/4/2020,627597,97.42435609
15/4/2020,627597,97.42435609
16/4/2020,627597,97.42435609
17/4/2020,627597,97.42435609
18/4/2020,627597,97.42435609
19/4/2020,627597,97.42435609
20/4/2020,627597,97.42435609
21/4/2020,627597,97.42435609
22/4/2020,627597,97.42435609
23/4/2020,627597,97.42435609
24/4/2020,627597,97.42435609
25/4/2020,627597,97.42435609
26/4/2020,627597,97.42435609
27/4/2020,627597,97.42435609
28/4/2020,627597,97.42435609
29/4/2020,627597,97.42435609
30/4/2020,627597,97.42435609
1/5/2020,627597,97.42435609
2/5/2020,627597,97.42435609
3/5/2020,627597,97.42435609
4/5/2020,627597,97.42435609
5/5/2020,627597,97.42435609
6/5/2020,627597,97.42435609
7/5/2020,627597,97.42435609
8/5/2020,627597,97.42435609
9/5/2020,627597,97.42435609
10/5/2020,627597,97.42435609
11/5/2020,627597,97.42435609
12/5/2020,627597,97.42435609
13/5/2020,627597,97.42435609
14/5/2020,627597,97.42435609
15/5/2020,627597,97.42435609
16/5/2020,627597,97.42435609
17/5/2020,627597,97.42435609
18/5/2020,627597,97.42435609
19/5/2020,627597,97.42435609
20/5/2020,627597,97.42435609
21/5/2020,627597,97.42435609
22/5/2020,627597,97.42435609
23/5/2020,627597,97.42435609
24/5/2020,627597,97.42435609
25/5/2020,627597,97.42435609
26/5/2020,627597,97.42435609
27/5/2020,627597,97.42435609
28/5/2020,627597,97.42435609
29/5/2020,627597,97.42435609
30/5/2020,627597,97.42435609
31/5/2020,627597,97.42435609
1/6/2020,627597,97.42435609
2/6/2020,627597,97.42435609
3/6/2020,627597,97.42435609
4/6/2020,627597,97.42435609
5/6/2020,627597,97.42435609
6/6/2020,627597,97.42435609
7/6/2020,627597,97.42435609
8/6/2020,627597,97.42435609
9/6/2020,627597,97.42435609
10/6/2020,627597,97.42435609
11/6/2020,627597,97.42435609
12/6/2020,627597,97.42435609
13/6/2020,627597,97.42435609
14/6/2020,627597,97.42435609
15/6/2020,627597,97.42435609
16/6/2020,627597,97.42435609
17/6/2020,627597,97.42435609
18/6/2020,627597,97.42435609
19/6/2020,627597,97.42435609
20/6/2020,627597,97.42435609
21/6/2020,627597,97.42435609
22/6/2020,627597,97.42435609
23/6/2020,627597,97.42435609
24/6/2020,627597,97.42435609
25/6/2020,627597,97.42435609
26/6/2020,627597,97.42435609
27/6/2020,627597,97.42435609
28/6/2020,627597,97.42435609
29/6/2020,627597,97.42435609
30/6/2020,627597,97.42435609
1/7/2020,687240,97.92448112
2/7/2020,687240,97.92448112
3/7/2020,687240,97.92448112
4/7/2020,687240,97.92448112
5/7/2020,687240,97.92448112
6/7/2020,687240,97.92448112
7/7/2020,687240,97.92448112
8/7/2020,687240,97.92448112
9/7/2020,687240,97.92448112
10/7/2020,687240,97.92448112
11/7/2020,687240,97.92448112
12/7/2020,687240,97.92448112
13/7/2020,687240,97.92448112
14/7/2020,687240,97.92448112
15/7/2020,687240,97.92448112
16/7/2020,687240,97.92448112
17/7/2020,687240,97.92448112
18/7/2020,687240,97.92448112
19/7/2020,687240,97.92448112
20/7/2020,687240,97.92448112
21/7/2020,687240,97.92448112
22/7/2020,687240,97.92448112
23/7/2020,687240,97.92448112
24/7/2020,687240,97.92448112
25/7/2020,687240,97.92448112
26/7/2020,687240,97.92448112
27/7/2020,687240,97.92448112
28/7/2020,687240,97.92448112
29/7/2020,687240,97.92448112
30/7/2020,687240,97.92448112
31/7/2020,687240,97.92448112
1/8/2020,687240,97.92448112
2/8/2020,687240,97.92448112
3/8/2020,687240,97.92448112
4/8/2020,687240,97.92448112
5/8/2020,687240,97.92448112
6/8/2020,687240,97.92448112
7/8/2020,687240,97.92448112
8/8/2020,687240,97.92448112
9/8/2020,687240,97.92448112
10/8/2020,687240,97.92448112
11/8/2020,687240,97.92448112
12/8/2020,687240,97.92448112
13/8/2020,687240,97.92448112
14/8/2020,687240,97.92448112
15/8/2020,687240,97.92448112
16/8/2020,687240,97.92448112
17/8/2020,687240,97.92448112
18/8/2020,687240,97.92448112
19/8/2020,687240,97.92448112
20/8/2020,687240,97.92448112
21/8/2020,687240,97.92448112
22/8/2020,687240,97.92448112
23/8/2020,687240,97.92448112
24/8/2020,687240,97.92448112
25/8/2020,687240,97.92448112
26/8/2020,687240,97.92448112
27/8/2020,687240,97.92448112
28/8/2020,687240,97.92448112
29/8/2020,687240,97.92448112
30/8/2020,687240,97.92448112
31/8/2020,687240,97.92448112
1/9/2020,687240,97.92448112
2/9/2020,687240,97.92448112
3/9/2020,687240,97.92448112
4/9/2020,687240,97.92448112
5/9/2020,687240,97.92448112
6/9/2020,687240,97.92448112
7/9/2020,687240,97.92448112
8/9/2020,687240,97.92448112
9/9/2020,687240,97.92448112
10/9/2020,687240,97.92448112
11/9/2020,687240,97.92448112
12/9/2020,687240,97.92448112
13/9/2020,687240,97.92448112
14/9/2020,687240,97.92448112
15/9/2020,687240,97.92448112
16/9/2020,687240,97.92448112
17/9/2020,687240,97.92448112
18/9/2020,687240,97.92448112
19/9/2020,687240,97.92448112
20/9/2020,687240,97.92448112
21/9/2020,687240,97.92448112
22/9/2020,687240,97.92448112
23/9/2020,687240,97.92448112
24/9/2020,687240,97.92448112
25/9/2020,687240,97.92448112
26/9/2020,687240,97.92448112
27/9/2020,687240,97.92448112
28/9/2020,687240,97.92448112
29/9/2020,687240,97.92448112
30/9/2020,687240,97.92448112
1/10/2020,706873,96.92423106
2/10/2020,706873,96.92423106
3/10/2020,706873,96.92423106
4/10/2020,706873,96.92423106
5/10/2020,706873,96.92423106
6/10/2020,706873,96.92423106
7/10/2020,706873,96.92423106
8/10/2020,706873,96.92423106
9/10/2020,706873,96.92423106
10/10/2020,706873,96.92423106
11/10/2020,706873,96.92423106
12/10/2020,706873,96.92423106
13/10/2020,706873,96.92423106
14/10/2020,706873,96.92423106
15/10/2020,706873,96.92423106
16/10/2020,706873,96.92423106
17/10/2020,706873,96.92423106
18/10/2020,706873,96.92423106
19/10/2020,706873,96.92423106
20/10/2020,706873,96.92423106
21/10/2020,706873,96.92423106
22/10/2020,706873,96.92423106
23/10/2020,706873,96.92423106
24/10/2020,706873,96.92423106
25/10/2020,706873,96.92423106
26/10/2020,706873,96.92423106
27/10/2020,706873,96.92423106
28/10/2020,706873,96.92423106
29/10/2020,706873,96.92423106
30/10/2020,706873,96.92423106
31/10/2020,706873,96.92423106
1/11/2020,706873,96.92423106
2/11/2020,706873,96.92423106
3/11/2020,706873,96.92423106
4/11/2020,706873,96.92423106
5/11/2020,706873,96.92423106
6/11/2020,706873,96.92423106
7/11/2020,706873,96.92423106
8/11/2020,706873,96.92423106
9/11/2020,706873,96.92423106
10/11/2020,706873,96.92423106
11/11/2020,706873,96.92423106
12/11/2020,706873,96.92423106
13/11/2020,706873,96.92423106
14/11/2020,706873,96.92423106
15/11/2020,706873,96.92423106
16/11/2020,706873,96.92423106
17/11/2020,706873,96.92423106
18/11/2020,706873,96.92423106
19/11/2020,706873,96.92423106
20/11/2020,706873,96.92423106
21/11/2020,706873,96.92423106
22/11/2020,706873,96.92423106
23/11/2020,706873,96.92423106
24/11/2020,706873,96.92423106
25/11/2020,706873,96.92423106
26/11/2020,706873,96.92423106
27/11/2020,706873,96.92423106
28/11/2020,706873,96.92423106
29/11/2020,706873,96.92423106
30/11/2020,706873,96.92423106
1/12/2020,706873,96.92423106
2/12/2020,706873,96.92423106
3/12/2020,706873,96.92423106
4/12/2020,706873,96.92423106
5/12/2020,706873,96.92423106
6/12/2020,706873,96.92423106
7/12/2020,706873,96.92423106
8/12/2020,706873,96.92423106
9/12/2020,706873,96.92423106
10/12/2020,706873,96.92423106
11/12/2020,706873,96.92423106
12/12/2020,706873,96.92423106
13/12/2020,706873,96.92423106
14/12/2020,706873,96.92423106
15/12/2020,706873,96.92423106
16/12/2020,706873,96.92423106
17/12/2020,706873,96.92423106
18/12/2020,706873,96.92423106
19/12/2020,706873,96.92423106
20/12/2020,706873,96.92423106
21/12/2020,706873,96.92423106
22/12/2020,706873,96.92423106
23/12/2020,706873,96.92423106
24/12/2020,706873,96.92423106
25/12/2020,706873,96.92423106
26/12/2020,706873,96.92423106
27/12/2020,706873,96.92423106
28/12/2020,706873,96.92423106
29/12/2020,706873,96.92423106
30/12/2020,706873,96.92423106
31/12/2020,706873,96.92423106
1/1/2021,705090,98.12453113
2/1/2021,705090,98.12453113
3/1/2021,705090,98.12453113
4/1/2021,705090,98.12453113
5/1/2021,705090,98.12453113
6/1/2021,705090,98.12453113
7/1/2021,705090,98.12453113
8/1/2021,705090,98.12453113
9/1/2021,705090,98.12453113
10/1/2021,705090,98.12453113
11/1/2021,705090,98.12453113
12/1/2021,705090,98.12453113
13/1/2021,705090,98.12453113
14/1/2021,705090,98.12453113
15/1/2021,705090,98.12453113
16/1/2021,705090,98.12453113
17/1/2021,705090,98.12453113
18/1/2021,705090,98.12453113
19/1/2021,705090,98.12453113
20/1/2021,705090,98.12453113
21/1/2021,705090,98.12453113
22/1/2021,705090,98.12453113
23/1/2021,705090,98.12453113
24/1/2021,705090,98.12453113
25/1/2021,705090,98.12453113
26/1/2021,705090,98.12453113
27/1/2021,705090,98.12453113
28/1/2021,705090,98.12453113
29/1/2021,705090,98.12453113
30/1/2021,705090,98.12453113
31/1/2021,705090,98.12453113
1/2/2021,705090,98.12453113
2/2/2021,705090,98.12453113
3/2/2021,705090,98.12453113
4/2/2021,705090,98.12453113
5/2/2021,705090,98.12453113
6/2/2021,705090,98.12453113
7/2/2021,705090,98.12453113
8/2/2021,705090,98.12453113
9/2/2021,705090,98.12453113
10/2/2021,705090,98.12453113
11/2/2021,705090,98.12453113
12/2/2021,705090,98.12453113
13/2/2021,705090,98.12453113
14/2/2021,705090,98.12453113
15/2/2021,705090,98.12453113
16/2/2021,705090,98.12453113
17/2/2021,705090,98.12453113
18/2/2021,705090,98.12453113
19/2/2021,705090,98.12453113
20/2/2021,705090,98.12453113
21/2/2021,705090,98.12453113
22/2/2021,705090,98.12453113
23/2/2021,705090,98.12453113
24/2/2021,705090,98.12453113
25/2/2021,705090,98.12453113
26/2/2021,705090,98.12453113
27/2/2021,705090,98.12453113
28/2/2021,705090,98.12453113
1/3/2021,705090,98.12453113
2/3/2021,705090,98.12453113
3/3/2021,705090,98.12453113
4/3/2021,705090,98.12453113
5/3/2021,705090,98.12453113
6/3/2021,705090,98.12453113
7/3/2021,705090,98.12453113
8/3/2021,705090,98.12453113
9/3/2021,705090,98.12453113
10/3/2021,705090,98.12453113
11/3/2021,705090,98.12453113
12/3/2021,705090,98.12453113
13/3/2021,705090,98.12453113
14/3/2021,705090,98.12453113
15/3/2021,705090,98.12453113
16/3/2021,705090,98.12453113
17/3/2021,705090,98.12453113
18/3/2021,705090,98.12453113
19/3/2021,705090,98.12453113
20/3/2021,705090,98.12453113
21/3/2021,705090,98.12453113
22/3/2021,705090,98.12453113
23/3/2021,705090,98.12453113
24/3/2021,705090,98.12453113
25/3/2021,705090,98.12453113
26/3/2021,705090,98.12453113
27/3/2021,705090,98.12453113
28/3/2021,705090,98.12453113
29/3/2021,705090,98.12453113
30/3/2021,705090,98.12453113
31/3/2021,705090,98.12453113
1/4/2021,678833,98.02450613
2/4/2021,678833,98.02450613
3/4/2021,678833,98.02450613
4/4/2021,678833,98.02450613
5/4/2021,678833,98.02450613
6/4/2021,678833,98.02450613
7/4/2021,678833,98.02450613
8/4/2021,678833,98.02450613
9/4/2021,678833,98.02450613
10/4/2021,678833,98.02450613
11/4/2021,678833,98.02450613
12/4/2021,678833,98.02450613
13/4/2021,678833,98.02450613
14/4/2021,678833,98.02450613
15/4/2021,678833,98.02450613
16/4/2021,678833,98.02450613
17/4/2021,678833,98.02450613
18/4/2021,678833,98.02450613
19/4/2021,678833,98.02450613
20/4/2021,678833,98.02450613
21/4/2021,678833,98.02450613
22/4/2021,678833,98.02450613
23/4/2021,678833,98.02450613
24/4/2021,678833,98.02450613
25/4/2021,678833,98.02450613
26/4/2021,678833,98.02450613
27/4/2021,678833,98.02450613
28/4/2021,678833,98.02450613
29/4/2021,678833,98.02450613
30/4/2021,678833,98.02450613
1/5/2021,678833,98.02450613
2/5/2021,678833,98.02450613
3/5/2021,678833,98.02450613
4/5/2021,678833,98.02450613
5/5/2021,678833,98.02450613
6/5/2021,678833,98.02450613
7/5/2021,678833,98.02450613
8/5/2021,678833,98.02450613
9/5/2021,678833,98.02450613
10/5/2021,678833,98.02450613
11/5/2021,678833,98.02450613
12/5/2021,678833,98.02450613
13/5/2021,678833,98.02450613
14/5/2021,678833,98.02450613
15/5/2021,678833,98.02450613
16/5/2021,678833,98.02450613
17/5/2021,678833,98.02450613
18/5/2021,678833,98.02450613
19/5/2021,678833,98.02450613
20/5/2021,678833,98.02450613
21/5/2021,678833,98.02450613
22/5/2021,678833,98.02450613
23/5/2021,678833,98.02450613
24/5/2021,678833,98.02450613
25/5/2021,678833,98.02450613
26/5/2021,678833,98.02450613
27/5/2021,678833,98.02450613
28/5/2021,678833,98.02450613
29/5/2021,678833,98.02450613
30/5/2021,678833,98.02450613
31/5/2021,678833,98.02450613
1/6/2021,678833,98.02450613
2/6/2021,678833,98.02450613
3/6/2021,678833,98.02450613
4/6/2021,678833,98.02450613
5/6/2021,678833,98.02450613
6/6/2021,678833,98.02450613
7/6/2021,678833,98.02450613
8/6/2021,678833,98.02450613
9/6/2021,678833,98.02450613
10/6/2021,678833,98.02450613
11/6/2021,678833,98.02450613
12/6/2021,678833,98.02450613
13/6/2021,678833,98.02450613
14/6/2021,678833,98.02450613
15/6/2021,678833,98.02450613
16/6/2021,678833,98.02450613
17/6/2021,678833,98.02450613
18/6/2021,678833,98.02450613
19/6/2021,678833,98.02450613
20/6/2021,678833,98.02450613
21/6/2021,678833,98.02450613
22/6/2021,678833,98.02450613
23/6/2021,678833,98.02450613
24/6/2021,678833,98.02450613
25/6/2021,678833,98.02450613
26/6/2021,678833,98.02450613
27/6/2021,678833,98.02450613
28/6/2021,678833,98.02450613
29/6/2021,678833,98.02450613
30/6/2021,678833,98.02450613
1/7/2021,730502,98.62465616
2/7/2021,730502,98.62465616
3/7/2021,730502,98.62465616
4/7/2021,730502,98.62465616
5/7/2021,730502,98.62465616
6/7/2021,730502,98.62465616
7/7/2021,730502,98.62465616
8/7/2021,730502,98.62465616
9/7/2021,730502,98.62465616
10/7/2021,730502,98.62465616
11/7/2021,730502,98.62465616
12/7/2021,730502,98.62465616
13/7/2021,730502,98.62465616
14/7/2021,730502,98.62465616
15/7/2021,730502,98.62465616
16/7/2021,730502,98.62465616
17/7/2021,730502,98.62465616
18/7/2021,730502,98.62465616
19/7/2021,730502,98.62465616
20/7/2021,730502,98.62465616
21/7/2021,730502,98.62465616
22/7/2021,730502,98.62465616
23/7/2021,730502,98.62465616
24/7/2021,730502,98.62465616
25/7/2021,730502,98.62465616
26/7/2021,730502,98.62465616
27/7/2021,730502,98.62465616
28/7/2021,730502,98.62465616
29/7/2021,730502,98.62465616
30/7/2021,730502,98.62465616
31/7/2021,730502,98.62465616
1/8/2021,730502,98.62465616
2/8/2021,730502,98.62465616
3/8/2021,730502,98.62465616
4/8/2021,730502,98.62465616
5/8/2021,730502,98.62465616
6/8/2021,730502,98.62465616
7/8/2021,730502,98.62465616
8/8/2021,730502,98.62465616
9/8/2021,730502,98.62465616
10/8/2021,730502,98.62465616
11/8/2021,730502,98.62465616
12/8/2021,730502,98.62465616
13/8/2021,730502,98.62465616
14/8/2021,730502,98.62465616
15/8/2021,730502,98.62465616
16/8/2021,730502,98.62465616
17/8/2021,730502,98.62465616
18/8/2021,730502,98.62465616
19/8/2021,730502,98.62465616
20/8/2021,730502,98.62465616
21/8/2021,730502,98.62465616
22/8/2021,730502,98.62465616
23/8/2021,730502,98.62465616
24/8/2021,730502,98.62465616
25/8/2021,730502,98.62465616
26/8/2021,730502,98.62465616
27/8/2021,730502,98.62465616
28/8/2021,730502,98.62465616
29/8/2021,730502,98.62465616
30/8/2021,730502,98.62465616
31/8/2021,730502,98.62465616
1/9/2021,730502,98.62465616
2/9/2021,730502,98.62465616
3/9/2021,730502,98.62465616
4/9/2021,730502,98.62465616
5/9/2021,730502,98.62465616
6/9/2021,730502,98.62465616
7/9/2021,730502,98.62465616
8/9/2021,730502,98.62465616
9/9/2021,730502,98.62465616
10/9/2021,730502,98.62465616
11/9/2021,730502,98.62465616
12/9/2021,730502,98.62465616
13/9/2021,730502,98.62465616
14/9/2021,730502,98.62465616
15/9/2021,730502,98.62465616
16/9/2021,730502,98.62465616
17/9/2021,730502,98.62465616
18/9/2021,730502,98.62465616
19/9/2021,730502,98.62465616
20/9/2021,730502,98.62465616
21/9/2021,730502,98.62465616
22/9/2021,730502,98.62465616
23/9/2021,730502,98.62465616
24/9/2021,730502,98.62465616
25/9/2021,730502,98.62465616
26/9/2021,730502,98.62465616
27/9/2021,730502,98.62465616
28/9/2021,730502,98.62465616
29/9/2021,730502,98.62465616
30/9/2021,730502,98.62465616
1/10/2021,753548,98.62465616
2/10/2021,753548,98.62465616
3/10/2021,753548,98.62465616
4/10/2021,753548,98.62465616
5/10/2021,753548,98.62465616
6/10/2021,753548,98.62465616
7/10/2021,753548,98.62465616
8/10/2021,753548,98.62465616
9/10/2021,753548,98.62465616
10/10/2021,753548,98.62465616
11/10/2021,753548,98.62465616
12/10/2021,753548,98.62465616
13/10/2021,753548,98.62465616
14/10/2021,753548,98.62465616
15/10/2021,753548,98.62465616
16/10/2021,753548,98.62465616
17/10/2021,753548,98.62465616
18/10/2021,753548,98.62465616
19/10/2021,753548,98.62465616
20/10/2021,753548,98.62465616
21/10/2021,753548,98.62465616
22/10/2021,753548,98.62465616
23/10/2021,753548,98.62465616
24/10/2021,753548,98.62465616
25/10/2021,753548,98.62465616
26/10/2021,753548,98.62465616
27/10/2021,753548,98.62465616
28/10/2021,753548,98.62465616
29/10/2021,753548,98.62465616
30/10/2021,753548,98.62465616
31/10/2021,753548,98.62465616
1/11/2021,753548,98.62465616
2/11/2021,753548,98.62465616
3/11/2021,753548,98.62465616
4/11/2021,753548,98.62465616
5/11/2021,753548,98.62465616
6/11/2021,753548,98.62465616
7/11/2021,753548,98.62465616
8/11/2021,753548,98.62465616
9/11/2021,753548,98.62465616
10/11/2021,753548,98.62465616
11/11/2021,753548,98.62465616
12/11/2021,753548,98.62465616
13/11/2021,753548,98.62465616
14/11/2021,753548,98.62465616
15/11/2021,753548,98.62465616
16/11/2021,753548,98.62465616
17/11/2021,753548,98.62465616
18/11/2021,753548,98.62465616
19/11/2021,753548,98.62465616
20/11/2021,753548,98.62465616
21/11/2021,753548,98.62465616
22/11/2021,753548,98.62465616
23/11/2021,753548,98.62465616
24/11/2021,753548,98.62465616
25/11/2021,753548,98.62465616
26/11/2021,753548,98.62465616
27/11/2021,753548,98.62465616
28/11/2021,753548,98.62465616
29/11/2021,753548,98.62465616
30/11/2021,753548,98.62465616
1/12/2021,753548,98.62465616
2/12/2021,753548,98.62465616
3/12/2021,753548,98.62465616
4/12/2021,753548,98.62465616
5/12/2021,753548,98.62465616
6/12/2021,753548,98.62465616
7/12/2021,753548,98.62465616
8/12/2021,753548,98.62465616
9/12/2021,753548,98.62465616
10/12/2021,753548,98.62465616
11/12/2021,753548,98.62465616
12/12/2021,753548,98.62465616
13/12/2021,753548,98.62465616
14/12/2021,753548,98.62465616
15/12/2021,753548,98.62465616
16/12/2021,753548,98.62465616
17/12/2021,753548,98.62465616
18/12/2021,753548,98.62465616
19/12/2021,753548,98.62465616
20/12/2021,753548,98.62465616
21/12/2021,753548,98.62465616
22/12/2021,753548,98.62465616
23/12/2021,753548,98.62465616
24/12/2021,753548,98.62465616
25/12/2021,753548,98.62465616
26/12/2021,753548,98.62465616
27/12/2021,753548,98.62465616
28/12/2021,753548,98.62465616
29/12/2021,753548,98.62465616
30/12/2021,753548,98.62465616
31/12/2021,753548,98.62465616
1/1/2022,684815,99.2248062
2/1/2022,684815,99.2248062
3/1/2022,684815,99.2248062
4/1/2022,684815,99.2248062
5/1/2022,684815,99.2248062
6/1/2022,684815,99.2248062
7/1/2022,684815,99.2248062
8/1/2022,684815,99.2248062
9/1/2022,684815,99.2248062
10/1/2022,684815,99.2248062
11/1/2022,684815,99.2248062
12/1/2022,684815,99.2248062
13/1/2022,684815,99.2248062
14/1/2022,684815,99.2248062
15/1/2022,684815,99.2248062
16/1/2022,684815,99.2248062
17/1/2022,684815,99.2248062
18/1/2022,684815,99.2248062
19/1/2022,684815,99.2248062
20/1/2022,684815,99.2248062
21/1/2022,684815,99.2248062
22/1/2022,684815,99.2248062
23/1/2022,684815,99.2248062
24/1/2022,684815,99.2248062
25/1/2022,684815,99.2248062
26/1/2022,684815,99.2248062
27/1/2022,684815,99.2248062
28/1/2022,684815,99.2248062
29/1/2022,684815,99.2248062
30/1/2022,684815,99.2248062
31/1/2022,684815,99.2248062
1/2/2022,684815,99.2248062
2/2/2022,684815,99.2248062
3/2/2022,684815,99.2248062
4/2/2022,684815,99.2248062
5/2/2022,684815,99.2248062
6/2/2022,684815,99.2248062
7/2/2022,684815,99.2248062
8/2/2022,684815,99.2248062
9/2/2022,684815,99.2248062
10/2/2022,684815,99.2248062
11/2/2022,684815,99.2248062
12/2/2022,684815,99.2248062
13/2/2022,684815,99.2248062
14/2/2022,684815,99.2248062
15/2/2022,684815,99.2248062
16/2/2022,684815,99.2248062
17/2/2022,684815,99.2248062
18/2/2022,684815,99.2248062
19/2/2022,684815,99.2248062
20/2/2022,684815,99.2248062
21/2/2022,684815,99.2248062
22/2/2022,684815,99.2248062
23/2/2022,684815,99.2248062
24/2/2022,684815,99.2248062
25/2/2022,684815,99.2248062
26/2/2022,684815,99.2248062
27/2/2022,684815,99.2248062
28/2/2022,684815,99.2248062
1/3/2022,684815,99.2248062
2/3/2022,684815,99.2248062
3/3/2022,684815,99.2248062
4/3/2022,684815,99.2248062
5/3/2022,684815,99.2248062
6/3/2022,684815,99.2248062
7/3/2022,684815,99.2248062
8/3/2022,684815,99.2248062
9/3/2022,684815,99.2248062
10/3/2022,684815,99.2248062
11/3/2022,684815,99.2248062
12/3/2022,684815,99.2248062
13/3/2022,684815,99.2248062
14/3/2022,684815,99.2248062
15/3/2022,684815,99.2248062
16/3/2022,684815,99.2248062
17/3/2022,684815,99.2248062
18/3/2022,684815,99.2248062
19/3/2022,684815,99.2248062
20/3/2022,684815,99.2248062
21/3/2022,684815,99.2248062
22/3/2022,684815,99.2248062
23/3/2022,684815,99.2248062
24/3/2022,684815,99.2248062
25/3/2022,684815,99.2248062
26/3/2022,684815,99.2248062
27/3/2022,684815,99.2248062
28/3/2022,684815,99.2248062
29/3/2022,684815,99.2248062
30/3/2022,684815,99.2248062
31/3/2022,684815,99.2248062
1/4/2022,674632,98.82470618
2/4/2022,674632,98.82470618
3/4/2022,674632,98.82470618
4/4/2022,674632,98.82470618
5/4/2022,674632,98.82470618
6/4/2022,674632,98.82470618
7/4/2022,674632,98.82470618
8/4/2022,674632,98.82470618
9/4/2022,674632,98.82470618
10/4/2022,674632,98.82470618
11/4/2022,674632,98.82470618
12/4/2022,674632,98.82470618
13/4/2022,674632,98.82470618
14/4/2022,674632,98.82470618
15/4/2022,674632,98.82470618
16/4/2022,674632,98.82470618
17/4/2022,674632,98.82470618
18/4/2022,674632,98.82470618
19/4/2022,674632,98.82470618
20/4/2022,674632,98.82470618
21/4/2022,674632,98.82470618
22/4/2022,674632,98.82470618
23/4/2022,674632,98.82470618
24/4/2022,674632,98.82470618
25/4/2022,674632,98.82470618
26/4/2022,674632,98.82470618
27/4/2022,674632,98.82470618
28/4/2022,674632,98.82470618
29/4/2022,674632,98.82470618
30/4/2022,674632,98.82470618
1/5/2022,674632,98.82470618
2/5/2022,674632,98.82470618
3/5/2022,674632,98.82470618
4/5/2022,674632,98.82470618
5/5/2022,674632,98.82470618
6/5/2022,674632,98.82470618
7/5/2022,674632,98.82470618
8/5/2022,674632,98.82470618
9/5/2022,674632,98.82470618
10/5/2022,674632,98.82470618
11/5/2022,674632,98.82470618
12/5/2022,674632,98.82470618
13/5/2022,674632,98.82470618
14/5/2022,674632,98.82470618
15/5/2022,674632,98.82470618
16/5/2022,674632,98.82470618
17/5/2022,674632,98.82470618
18/5/2022,674632,98.82470618
19/5/2022,674632,98.82470618
20/5/2022,674632,98.82470618
21/5/2022,674632,98.82470618
22/5/2022,674632,98.82470618
23/5/2022,674632,98.82470618
24/5/2022,674632,98.82470618
25/5/2022,674632,98.82470618
26/5/2022,674632,98.82470618
27/5/2022,674632,98.82470618
28/5/2022,674632,98.82470618
29/5/2022,674632,98.82470618
30/5/2022,674632,98.82470618
31/5/2022,674632,98.82470618
1/6/2022,674632,98.82470618
2/6/2022,674632,98.82470618
3/6/2022,674632,98.82470618
4/6/2022,674632,98.82470618
5/6/2022,674632,98.82470618
6/6/2022,674632,98.82470618
7/6/2022,674632,98.82470618
8/6/2022,674632,98.82470618
9/6/2022,674632,98.82470618
10/6/2022,674632,98.82470618
11/6/2022,674632,98.82470618
12/6/2022,674632,98.82470618
13/6/2022,674632,98.82470618
14/6/2022,674632,98.82470618
15/6/2022,674632,98.82470618
16/6/2022,674632,98.82470618
17/6/2022,674632,98.82470618
18/6/2022,674632,98.82470618
19/6/2022,674632,98.82470618
20/6/2022,674632,98.82470618
21/6/2022,674632,98.82470618
22/6/2022,674632,98.82470618
23/6/2022,674632,98.82470618
24/6/2022,674632,98.82470618
25/6/2022,674632,98.82470618
26/6/2022,674632,98.82470618
27/6/2022,674632,98.82470618
28/6/2022,674632,98.82470618
29/6/2022,674632,98.82470618
30/6/2022,674632,98.82470618
1/7/2022,717535,101.8254564
2/7/2022,717535,101.8254564
3/7/2022,717535,101.8254564
4/7/2022,717535,101.8254564
5/7/2022,717535,101.8254564
6/7/2022,717535,101.8254564
7/7/2022,717535,101.8254564
8/7/2022,717535,101.8254564
9/7/2022,717535,101.8254564
10/7/2022,717535,101.8254564
11/7/2022,717535,101.8254564
12/7/2022,717535,101.8254564
13/7/2022,717535,101.8254564
14/7/2022,717535,101.8254564
15/7/2022,717535,101.8254564
16/7/2022,717535,101.8254564
17/7/2022,717535,101.8254564
18/7/2022,717535,101.8254564
19/7/2022,717535,101.8254564
20/7/2022,717535,101.8254564
21/7/2022,717535,101.8254564
22/7/2022,717535,101.8254564
23/7/2022,717535,101.8254564
24/7/2022,717535,101.8254564
25/7/2022,717535,101.8254564
26/7/2022,717535,101.8254564
27/7/2022,717535,101.8254564
28/7/2022,717535,101.8254564
29/7/2022,717535,101.8254564
30/7/2022,717535,101.8254564
31/7/2022,717535,101.8254564
1/8/2022,717535,101.8254564
2/8/2022,717535,101.8254564
3/8/2022,717535,101.8254564
4/8/2022,717535,101.8254564
5/8/2022,717535,101.8254564
6/8/2022,717535,101.8254564
7/8/2022,717535,101.8254564
8/8/2022,717535,101.8254564
9/8/2022,717535,101.8254564
10/8/2022,717535,101.8254564
11/8/2022,717535,101.8254564
12/8/2022,717535,101.8254564
13/8/2022,717535,101.8254564
14/8/2022,717535,101.8254564
15/8/2022,717535,101.8254564
16/8/2022,717535,101.8254564
17/8/2022,717535,101.8254564
18/8/2022,717535,101.8254564
19/8/2022,717535,101.8254564
20/8/2022,717535,101.8254564
21/8/2022,717535,101.8254564
22/8/2022,717535,101.8254564
23/8/2022,717535,101.8254564
24/8/2022,717535,101.8254564
25/8/2022,717535,101.8254564
26/8/2022,717535,101.8254564
27/8/2022,717535,101.8254564
28/8/2022,717535,101.8254564
29/8/2022,717535,101.8254564
30/8/2022,717535,101.8254564
31/8/2022,717535,101.8254564
1/9/2022,717535,101.8254564
2/9/2022,717535,101.8254564
3/9/2022,717535,101.8254564
4/9/2022,717535,101.8254564
5/9/2022,717535,101.8254564
6/9/2022,717535,101.8254564
7/9/2022,717535,101.8254564
8/9/2022,717535,101.8254564
9/9/2022,717535,101.8254564
10/9/2022,717535,101.8254564
11/9/2022,717535,101.8254564
12/9/2022,717535,101.8254564
13/9/2022,717535,101.8254564
14/9/2022,717535,101.8254564
15/9/2022,717535,101.8254564
16/9/2022,717535,101.8254564
17/9/2022,717535,101.8254564
18/9/2022,717535,101.8254564
19/9/2022,717535,101.8254564
20/9/2022,717535,101.8254564
21/9/2022,717535,101.8254564
22/9/2022,717535,101.8254564
23/9/2022,717535,101.8254564
24/9/2022,717535,101.8254564
25/9/2022,717535,101.8254564
26/9/2022,717535,101.8254564
27/9/2022,717535,101.8254564
28/9/2022,717535,101.8254564
29/9/2022,717535,101.8254564
30/9/2022,717535,101.8254564
1/10/2022,731987,100.1250313
2/10/2022,731987,100.1250313
3/10/2022,731987,100.1250313
4/10/2022,731987,100.1250313
5/10/2022,731987,100.1250313
6/10/2022,731987,100.1250313
7/10/2022,731987,100.1250313
8/10/2022,731987,100.1250313
9/10/2022,731987,100.1250313
10/10/2022,731987,100.1250313
11/10/2022,731987,100.1250313
12/10/2022,731987,100.1250313
13/10/2022,731987,100.1250313
14/10/2022,731987,100.1250313
15/10/2022,731987,100.1250313
16/10/2022,731987,100.1250313
17/10/2022,731987,100.1250313
18/10/2022,731987,100.1250313
19/10/2022,731987,100.1250313
20/10/2022,731987,100.1250313
21/10/2022,731987,100.1250313
22/10/2022,731987,100.1250313
23/10/2022,731987,100.1250313
24/10/2022,731987,100.1250313
25/10/2022,731987,100.1250313
26/10/2022,731987,100.1250313
27/10/2022,731987,100.1250313
28/10/2022,731987,100.1250313
29/10/2022,731987,100.1250313
30/10/2022,731987,100.1250313
31/10/2022,731987,100.1250313
1/11/2022,731987,100.1250313
2/11/2022,731987,100.1250313
3/11/2022,731987,100.1250313
4/11/2022,731987,100.1250313
5/11/2022,731987,100.1250313
6/11/2022,731987,100.1250313
7/11/2022,731987,100.1250313
8/11/2022,731987,100.1250313
9/11/2022,731987,100.1250313
10/11/2022,731987,100.1250313
11/11/2022,731987,100.1250313
12/11/2022,731987,100.1250313
13/11/2022,731987,100.1250313
14/11/2022,731987,100.1250313
15/11/2022,731987,100.1250313
16/11/2022,731987,100.1250313
17/11/2022,731987,100.1250313
18/11/2022,731987,100.1250313
19/11/2022,731987,100.1250313
20/11/2022,731987,100.1250313
21/11/2022,731987,100.1250313
22/11/2022,731987,100.1250313
23/11/2022,731987,100.1250313
24/11/2022,731987,100.1250313
25/11/2022,731987,100.1250313
26/11/2022,731987,100.1250313
27/11/2022,731987,100.1250313
28/11/2022,731987,100.1250313
29/11/2022,731987,100.1250313
30/11/2022,731987,100.1250313
1/12/2022,731987,100.1250313
2/12/2022,731987,100.1250313
3/12/2022,731987,100.1250313
4/12/2022,731987,100.1250313
5/12/2022,731987,100.1250313
6/12/2022,731987,100.1250313
7/12/2022,731987,100.1250313
8/12/2022,731987,100.1250313
9/12/2022,731987,100.1250313
10/12/2022,731987,100.1250313
11/12/2022,731987,100.1250313
12/12/2022,731987,100.1250313
13/12/2022,731987,100.1250313
14/12/2022,731987,100.1250313
15/12/2022,731987,100.1250313
16/12/2022,731987,100.1250313
17/12/2022,731987,100.1250313
18/12/2022,731987,100.1250313
19/12/2022,731987,100.1250313
20/12/2022,731987,100.1250313
21/12/2022,731987,100.1250313
22/12/2022,731987,100.1250313
23/12/2022,731987,100.1250313
24/12/2022,731987,100.1250313
25/12/2022,731987,100.1250313
26/12/2022,731987,100.1250313
27/12/2022,731987,100.1250313
28/12/2022,731987,100.1250313
29/12/2022,731987,100.1250313
30/12/2022,731987,100.1250313
31/12/2022,731987,100.1250313
1/1/2023,718986,101.4253563
2/1/2023,718986,101.4253563
3/1/2023,718986,101.4253563
4/1/2023,718986,101.4253563
5/1/2023,718986,101.4253563
6/1/2023,718986,101.4253563
7/1/2023,718986,101.4253563
8/1/2023,718986,101.4253563
9/1/2023,718986,101.4253563
10/1/2023,718986,101.4253563
11/1/2023,718986,101.4253563
12/1/2023,718986,101.4253563
13/1/2023,718986,101.4253563
14/1/2023,718986,101.4253563
15/1/2023,718986,101.4253563
16/1/2023,718986,101.4253563
17/1/2023,718986,101.4253563
18/1/2023,718986,101.4253563
19/1/2023,718986,101.4253563
20/1/2023,718986,101.4253563
21/1/2023,718986,101.4253563
22/1/2023,718986,101.4253563
23/1/2023,718986,101.4253563
24/1/2023,718986,101.4253563
25/1/2023,718986,101.4253563
26/1/2023,718986,101.4253563
27/1/2023,718986,101.4253563
28/1/2023,718986,101.4253563
29/1/2023,718986,101.4253563
30/1/2023,718986,101.4253563
31/1/2023,718986,101.4253563
1/2/2023,718986,101.4253563
2/2/2023,718986,101.4253563
3/2/2023,718986,101.4253563
4/2/2023,718986,101.4253563
5/2/2023,718986,101.4253563
6/2/2023,718986,101.4253563
7/2/2023,718986,101.4253563
8/2/2023,718986,101.4253563
9/2/2023,718986,101.4253563
10/2/2023,718986,101.4253563
11/2/2023,718986,101.4253563
12/2/2023,718986,101.4253563
13/2/2023,718986,101.4253563
14/2/2023,718986,101.4253563
15/2/2023,718986,101.4253563
16/2/2023,718986,101.4253563
17/2/2023,718986,101.4253563
18/2/2023,718986,101.4253563
19/2/2023,718986,101.4253563
20/2/2023,718986,101.4253563
21/2/2023,718986,101.4253563
22/2/2023,718986,101.4253563
23/2/2023,718986,101.4253563
24/2/2023,718986,101.4253563
25/2/2023,718986,101.4253563
26/2/2023,718986,101.4253563
27/2/2023,718986,101.4253563
28/2/2023,718986,101.4253563
1/3/2023,718986,101.4253563
2/3/2023,718986,101.4253563
3/3/2023,718986,101.4253563
4/3/2023,718986,101.4253563
5/3/2023,718986,101.4253563
6/3/2023,718986,101.4253563
7/3/2023,718986,101.4253563
8/3/2023,718986,101.4253563
9/3/2023,718986,101.4253563
10/3/2023,718986,101.4253563
11/3/2023,718986,101.4253563
12/3/2023,718986,101.4253563
13/3/2023,718986,101.4253563
14/3/2023,718986,101.4253563
15/3/2023,718986,101.4253563
16/3/2023,718986,101.4253563
17/3/2023,718986,101.4253563
18/3/2023,718986,101.4253563
19/3/2023,718986,101.4253563
20/3/2023,718986,101.4253563
21/3/2023,718986,101.4253563
22/3/2023,718986,101.4253563
23/3/2023,718986,101.4253563
24/3/2023,718986,101.4253563
25/3/2023,718986,101.4253563
26/3/2023,718986,101.4253563
27/3/2023,718986,101.4253563
28/3/2023,718986,101.4253563
29/3/2023,718986,101.4253563
30/3/2023,718986,101.4253563
31/3/2023,718986,101.4253563
1/4/2023,704211,101.5253813
2/4/2023,704211,101.5253813
3/4/2023,704211,101.5253813
4/4/2023,704211,101.5253813
5/4/2023,704211,101.5253813
6/4/2023,704211,101.5253813
7/4/2023,704211,101.5253813
8/4/2023,704211,101.5253813
9/4/2023,704211,101.5253813
10/4/2023,704211,101.5253813
11/4/2023,704211,101.5253813
12/4/2023,704211,101.5253813
13/4/2023,704211,101.5253813
14/4/2023,704211,101.5253813
15/4/2023,704211,101.5253813
16/4/2023,704211,101.5253813
17/4/2023,704211,101.5253813
18/4/2023,704211,101.5253813
19/4/2023,704211,101.5253813
20/4/2023,704211,101.5253813
21/4/2023,704211,101.5253813
22/4/2023,704211,101.5253813
23/4/2023,704211,101.5253813
24/4/2023,704211,101.5253813
25/4/2023,704211,101.5253813
26/4/2023,704211,101.5253813
27/4/2023,704211,101.5253813
28/4/2023,704211,101.5253813
29/4/2023,704211,101.5253813
30/4/2023,704211,101.5253813
1/5/2023,704211,101.5253813
2/5/2023,704211,101.5253813
3/5/2023,704211,101.5253813
4/5/2023,704211,101.5253813
5/5/2023,704211,101.5253813
6/5/2023,704211,101.5253813
7/5/2023,704211,101.5253813
8/5/2023,704211,101.5253813
9/5/2023,704211,101.5253813
10/5/2023,704211,101.5253813
11/5/2023,704211,101.5253813
12/5/2023,704211,101.5253813
13/5/2023,704211,101.5253813
14/5/2023,704211,101.5253813
15/5/2023,704211,101.5253813
16/5/2023,704211,101.5253813
17/5/2023,704211,101.5253813
18/5/2023,704211,101.5253813
19/5/2023,704211,101.5253813
20/5/2023,704211,101.5253813
21/5/2023,704211,101.5253813
22/5/2023,704211,101.5253813
23/5/2023,704211,101.5253813
24/5/2023,704211,101.5253813
25/5/2023,704211,101.5253813
26/5/2023,704211,101.5253813
27/5/2023,704211,101.5253813
28/5/2023,704211,101.5253813
29/5/2023,704211,101.5253813
30/5/2023,704211,101.5253813
31/5/2023,704211,101.5253813
1/6/2023,704211,101.5253813
2/6/2023,704211,101.5253813
3/6/2023,704211,101.5253813
4/6/2023,704211,101.5253813
5/6/2023,704211,101.5253813
6/6/2023,704211,101.5253813
7/6/2023,704211,101.5253813
8/6/2023,704211,101.5253813
9/6/2023,704211,101.5253813
10/6/2023,704211,101.5253813
11/6/2023,704211,101.5253813
12/6/2023,704211,101.5253813
13/6/2023,704211,101.5253813
14/6/2023,704211,101.5253813
15/6/2023,704211,101.5253813
16/6/2023,704211,101.5253813
17/6/2023,704211,101.5253813
18/6/2023,704211,101.5253813
19/6/2023,704211,101.5253813
20/6/2023,704211,101.5253813
21/6/2023,704211,101.5253813
22/6/2023,704211,101.5253813
23/6/2023,704211,101.5253813
24/6/2023,704211,101.5253813
25/6/2023,704211,101.5253813
26/6/2023,704211,101.5253813
27/6/2023,704211,101.5253813
28/6/2023,704211,101.5253813
29/6/2023,704211,101.5253813
30/6/2023,704211,101.5253813
1/7/2023,766343,104.4261065
2/7/2023,766343,104.4261065
3/7/2023,766343,104.4261065
4/7/2023,766343,104.4261065
5/7/2023,766343,104.4261065
6/7/2023,766343,104.4261065
7/7/2023,766343,104.4261065
8/7/2023,766343,104.4261065
9/7/2023,766343,104.4261065
10/7/2023,766343,104.4261065
11/7/2023,766343,104.4261065
12/7/2023,766343,104.4261065
13/7/2023,766343,104.4261065
14/7/2023,766343,104.4261065
15/7/2023,766343,104.4261065
16/7/2023,766343,104.4261065
17/7/2023,766343,104.4261065
18/7/2023,766343,104.4261065
19/7/2023,766343,104.4261065
20/7/2023,766343,104.4261065
21/7/2023,766343,104.4261065
22/7/2023,766343,104.4261065
23/7/2023,766343,104.4261065
24/7/2023,766343,104.4261065
25/7/2023,766343,104.4261065
26/7/2023,766343,104.4261065
27/7/2023,766343,104.4261065
28/7/2023,766343,104.4261065
29/7/2023,766343,104.4261065
30/7/2023,766343,104.4261065
31/7/2023,766343,104.4261065
1/8/2023,766343,104.4261065
2/8/2023,766343,104.4261065
3/8/2023,766343,104.4261065
4/8/2023,766343,104.4261065
5/8/2023,766343,104.4261065
6/8/2023,766343,104.4261065
7/8/2023,766343,104.4261065
8/8/2023,766343,104.4261065
9/8/2023,766343,104.4261065
10/8/2023,766343,104.4261065
11/8/2023,766343,104.4261065
12/8/2023,766343,104.4261065
13/8/2023,766343,104.4261065
14/8/2023,766343,104.4261065
15/8/2023,766343,104.4261065
16/8/2023,766343,104.4261065
17/8/2023,766343,104.4261065
18/8/2023,766343,104.4261065
19/8/2023,766343,104.4261065
20/8/2023,766343,104.4261065
21/8/2023,766343,104.4261065
22/8/2023,766343,104.4261065
23/8/2023,766343,104.4261065
24/8/2023,766343,104.4261065
25/8/2023,766343,104.4261065
26/8/2023,766343,104.4261065
27/8/2023,766343,104.4261065
28/8/2023,766343,104.4261065
29/8/2023,766343,104.4261065
30/8/2023,766343,104.4261065
31/8/2023,766343,104.4261065
1/9/2023,766343,104.4261065
2/9/2023,766343,104.4261065
3/9/2023,766343,104.4261065
4/9/2023,766343,104.4261065
5/9/2023,766343,104.4261065
6/9/2023,766343,104.4261065
7/9/2023,766343,104.4261065
8/9/2023,766343,104.4261065
9/9/2023,766343,104.4261065
10/9/2023,766343,104.4261065
11/9/2023,766343,104.4261065
12/9/2023,766343,104.4261065
13/9/2023,766343,104.4261065
14/9/2023,766343,104.4261065
15/9/2023,766343,104.4261065
16/9/2023,766343,104.4261065
17/9/2023,766343,104.4261065
18/9/2023,766343,104.4261065
19/9/2023,766343,104.4261065
20/9/2023,766343,104.4261065
21/9/2023,766343,104.4261065
22/9/2023,766343,104.4261065
23/9/2023,766343,104.4261065
24/9/2023,766343,104.4261065
25/9/2023,766343,104.4261065
26/9/2023,766343,104.4261065
27/9/2023,766343,104.4261065
28/9/2023,766343,104.4261065
29/9/2023,766343,104.4261065
30/9/2023,766343,104.4261065
1/10/2023,794051,104.1260315
2/10/2023,794051,104.1260315
3/10/2023,794051,104.1260315
4/10/2023,794051,104.1260315
5/10/2023,794051,104.1260315
6/10/2023,794051,104.1260315
7/10/2023,794051,104.1260315
8/10/2023,794051,104.1260315
9/10/2023,794051,104.1260315
10/10/2023,794051,104.1260315
11/10/2023,794051,104.1260315
12/10/2023,794051,104.1260315
13/10/2023,794051,104.1260315
14/10/2023,794051,104.1260315
15/10/2023,794051,104.1260315
16/10/2023,794051,104.1260315
17/10/2023,794051,104.1260315
18/10/2023,794051,104.1260315
19/10/2023,794051,104.1260315
20/10/2023,794051,104.1260315
21/10/2023,794051,104.1260315
22/10/2023,794051,104.1260315
23/10/2023,794051,104.1260315
24/10/2023,794051,104.1260315
25/10/2023,794051,104.1260315
26/10/2023,794051,104.1260315
27/10/2023,794051,104.1260315
28/10/2023,794051,104.1260315
29/10/2023,794051,104.1260315
30/10/2023,794051,104.1260315
31/10/2023,794051,104.1260315
1/11/2023,794051,104.1260315
2/11/2023,794051,104.1260315
3/11/2023,794051,104.1260315
4/11/2023,794051,104.1260315
5/11/2023,794051,104.1260315
6/11/2023,794051,104.1260315
7/11/2023,794051,104.1260315
8/11/2023,794051,104.1260315
9/11/2023,794051,104.1260315
10/11/2023,794051,104.1260315
11/11/2023,794051,104.1260315
12/11/2023,794051,104.1260315
13/11/2023,794051,104.1260315
14/11/2023,794051,104.1260315
15/11/2023,794051,104.1260315
16/11/2023,794051,104.1260315
17/11/2023,794051,104.1260315
18/11/2023,794051,104.1260315
19/11/2023,794051,104.1260315
20/11/2023,794051,104.1260315
21/11/2023,794051,104.1260315
22/11/2023,794051,104.1260315
23/11/2023,794051,104.1260315
24/11/2023,794051,104.1260315
25/11/2023,794051,104.1260315
26/11/2023,794051,104.1260315
27/11/2023,794051,104.1260315
28/11/2023,794051,104.1260315
29/11/2023,794051,104.1260315
30/11/2023,794051,104.1260315
1/12/2023,794051,104.1260315
2/12/2023,794051,104.1260315
3/12/2023,794051,104.1260315
4/12/2023,794051,104.1260315
5/12/2023,794051,104.1260315
6/12/2023,794051,104.1260315
7/12/2023,794051,104.1260315
8/12/2023,794051,104.1260315
9/12/2023,794051,104.1260315
10/12/2023,794051,104.1260315
11/12/2023,794051,104.1260315
12/12/2023,794051,104.1260315
13/12/2023,794051,104.1260315
14/12/2023,794051,104.1260315
15/12/2023,794051,104.1260315
16/12/2023,794051,104.1260315
17/12/2023,794051,104.1260315
18/12/2023,794051,104.1260315
19/12/2023,794051,104.1260315
20/12/2023,794051,104.1260315
21/12/2023,794051,104.1260315
22/12/2023,794051,104.1260315
23/12/2023,794051,104.1260315
24/12/2023,794051,104.1260315
25/12/2023,794051,104.1260315
26/12/2023,794051,104.1260315
27/12/2023,794051,104.1260315
28/12/2023,794051,104.1260315
29/12/2023,794051,104.1260315
30/12/2023,794051,104.1260315
31/12/2023,794051,104.1260315
1/1/2024,766387,105.2263066
2/1/2024,766387,105.2263066
3/1/2024,766387,105.2263066
4/1/2024,766387,105.2263066
5/1/2024,766387,105.2263066
6/1/2024,766387,105.2263066
7/1/2024,766387,105.2263066
8/1/2024,766387,105.2263066
9/1/2024,766387,105.2263066
10/1/2024,766387,105.2263066
11/1/2024,766387,105.2263066
12/1/2024,766387,105.2263066
13/1/2024,766387,105.2263066
14/1/2024,766387,105.2263066
15/1/2024,766387,105.2263066
16/1/2024,766387,105.2263066
17/1/2024,766387,105.2263066
18/1/2024,766387,105.2263066
19/1/2024,766387,105.2263066
20/1/2024,766387,105.2263066
21/1/2024,766387,105.2263066
22/1/2024,766387,105.2263066
23/1/2024,766387,105.2263066
24/1/2024,766387,105.2263066
25/1/2024,766387,105.2263066
26/1/2024,766387,105.2263066
27/1/2024,766387,105.2263066
28/1/2024,766387,105.2263066
29/1/2024,766387,105.2263066
30/1/2024,766387,105.2263066
31/1/2024,766387,105.2263066
1/2/2024,766387,105.2263066
2/2/2024,766387,105.2263066
3/2/2024,766387,105.2263066
4/2/2024,766387,105.2263066
5/2/2024,766387,105.2263066
6/2/2024,766387,105.2263066
7/2/2024,766387,105.2263066
8/2/2024,766387,105.2263066
9/2/2024,766387,105.2263066
10/2/2024,766387,105.2263066
11/2/2024,766387,105.2263066
12/2/2024,766387,105.2263066
13/2/2024,766387,105.2263066
14/2/2024,766387,105.2263066
15/2/2024,766387,105.2263066
16/2/2024,766387,105.2263066
17/2/2024,766387,105.2263066
18/2/2024,766387,105.2263066
19/2/2024,766387,105.2263066
20/2/2024,766387,105.2263066
21/2/2024,766387,105.2263066
22/2/2024,766387,105.2263066
23/2/2024,766387,105.2263066
24/2/2024,766387,105.2263066
25/2/2024,766387,105.2263066
26/2/2024,766387,105.2263066
27/2/2024,766387,105.2263066
28/2/2024,766387,105.2263066
29/2/2024,766387,105.2263066
1/3/2024,766387,105.2263066
2/3/2024,766387,105.2263066
3/3/2024,766387,105.2263066
4/3/2024,766387,105.2263066
5/3/2024,766387,105.2263066
6/3/2024,766387,105.2263066
7/3/2024,766387,105.2263066
8/3/2024,766387,105.2263066
9/3/2024,766387,105.2263066
10/3/2024,766387,105.2263066
11/3/2024,766387,105.2263066
12/3/2024,766387,105.2263066
13/3/2024,766387,105.2263066
14/3/2024,766387,105.2263066
15/3/2024,766387,105.2263066
16/3/2024,766387,105.2263066
17/3/2024,766387,105.2263066
18/3/2024,766387,105.2263066
19/3/2024,766387,105.2263066
20/3/2024,766387,105.2263066
21/3/2024,766387,105.2263066
22/3/2024,766387,105.2263066
23/3/2024,766387,105.2263066
24/3/2024,766387,105.2263066
25/3/2024,766387,105.2263066
26/3/2024,766387,105.2263066
27/3/2024,766387,105.2263066
28/3/2024,766387,105.2263066
29/3/2024,766387,105.2263066
30/3/2024,766387,105.2263066
31/3/2024,766387,105.2263066
1/4/2024,757073,105.9264816
2/4/2024,757073,105.9264816
3/4/2024,757073,105.9264816
4/4/2024,757073,105.9264816
5/4/2024,757073,105.9264816
6/4/2024,757073,105.9264816
7/4/2024,757073,105.9264816
8/4/2024,757073,105.9264816
9/4/2024,757073,105.9264816
10/4/2024,757073,105.9264816
11/4/2024,757073,105.9264816
12/4/2024,757073,105.9264816
13/4/2024,757073,105.9264816
14/4/2024,757073,105.9264816
15/4/2024,757073,105.9264816
16/4/2024,757073,105.9264816
17/4/2024,757073,105.9264816
18/4/2024,757073,105.9264816
19/4/2024,757073,105.9264816
20/4/2024,757073,105.9264816
21/4/2024,757073,105.9264816
22/4/2024,757073,105.9264816
23/4/2024,757073,105.9264816
24/4/2024,757073,105.9264816
25/4/2024,757073,105.9264816
26/4/2024,757073,105.9264816
27/4/2024,757073,105.9264816
28/4/2024,757073,105.9264816
29/4/2024,757073,105.9264816
30/4/2024,757073,105.9264816
1/5/2024,757073,105.9264816
2/5/2024,757073,105.9264816
3/5/2024,757073,105.9264816
4/5/2024,757073,105.9264816
5/5/2024,757073,105.9264816
6/5/2024,757073,105.9264816
7/5/2024,757073,105.9264816
8/5/2024,757073,105.9264816
9/5/2024,757073,105.9264816
10/5/2024,757073,105.9264816
11/5/2024,757073,105.9264816
12/5/2024,757073,105.9264816
13/5/2024,757073,105.9264816
14/5/2024,757073,105.9264816
15/5/2024,757073,105.9264816
16/5/2024,757073,105.9264816
17/5/2024,757073,105.9264816
18/5/2024,757073,105.9264816
19/5/2024,757073,105.9264816
20/5/2024,757073,105.9264816
21/5/2024,757073,105.9264816
22/5/2024,757073,105.9264816
23/5/2024,757073,105.9264816
24/5/2024,757073,105.9264816
25/5/2024,757073,105.9264816
26/5/2024,757073,105.9264816
27/5/2024,757073,105.9264816
28/5/2024,757073,105.9264816
29/5/2024,757073,105.9264816
30/5/2024,757073,105.9264816
31/5/2024,757073,105.9264816
1/6/2024,757073,105.9264816
2/6/2024,757073,105.9264816
3/6/2024,757073,105.9264816
4/6/2024,757073,105.9264816
5/6/2024,757073,105.9264816
6/6/2024,757073,105.9264816
7/6/2024,757073,105.9264816
8/6/2024,757073,105.9264816
9/6/2024,757073,105.9264816
10/6/2024,757073,105.9264816
11/6/2024,757073,105.9264816
12/6/2024,757073,105.9264816
13/6/2024,757073,105.9264816
14/6/2024,757073,105.9264816
15/6/2024,757073,105.9264816
16/6/2024,757073,105.9264816
17/6/2024,757073,105.9264816
18/6/2024,757073,105.9264816
19/6/2024,757073,105.9264816
20/6/2024,757073,105.9264816
21/6/2024,757073,105.9264816
22/6/2024,757073,105.9264816
23/6/2024,757073,105.9264816
24/6/2024,757073,105.9264816
25/6/2024,757073,105.9264816
26/6/2024,757073,105.9264816
27/6/2024,757073,105.9264816
28/6/2024,757073,105.9264816
29/6/2024,757073,105.9264816
30/6/2024,757073,105.9264816
1/7/2024,817028,109.2273068
2/7/2024,817028,109.2273068
3/7/2024,817028,109.2273068
4/7/2024,817028,109.2273068
5/7/2024,817028,109.2273068
6/7/2024,817028,109.2273068
7/7/2024,817028,109.2273068
8/7/2024,817028,109.2273068
9/7/2024,817028,109.2273068
10/7/2024,817028,109.2273068
11/7/2024,817028,109.2273068
12/7/2024,817028,109.2273068
13/7/2024,817028,109.2273068
14/7/2024,817028,109.2273068
15/7/2024,817028,109.2273068
16/7/2024,817028,109.2273068
17/7/2024,817028,109.2273068
18/7/2024,817028,109.2273068
19/7/2024,817028,109.2273068
20/7/2024,817028,109.2273068
21/7/2024,817028,109.2273068
22/7/2024,817028,109.2273068
23/7/2024,817028,109.2273068
24/7/2024,817028,109.2273068
25/7/2024,817028,109.2273068
26/7/2024,817028,109.2273068
27/7/2024,817028,109.2273068
28/7/2024,817028,109.2273068
29/7/2024,817028,109.2273068
30/7/2024,817028,109.2273068
31/7/2024,817028,109.2273068
1/8/2024,817028,109.2273068
2/8/2024,817028,109.2273068
3/8/2024,817028,109.2273068
4/8/2024,817028,109.2273068
5/8/2024,817028,109.2273068
6/8/2024,817028,109.2273068
7/8/2024,817028,109.2273068
8/8/2024,817028,109.2273068
9/8/2024,817028,109.2273068
10/8/2024,817028,109.2273068
11/8/2024,817028,109.2273068
12/8/2024,817028,109.2273068
13/8/2024,817028,109.2273068
14/8/2024,817028,109.2273068
15/8/2024,817028,109.2273068
16/8/2024,817028,109.2273068
17/8/2024,817028,109.2273068
18/8/2024,817028,109.2273068
19/8/2024,817028,109.2273068
20/8/2024,817028,109.2273068
21/8/2024,817028,109.2273068
22/8/2024,817028,109.2273068
23/8/2024,817028,109.2273068
24/8/2024,817028,109.2273068
25/8/2024,817028,109.2273068
26/8/2024,817028,109.2273068
27/8/2024,817028,109.2273068
28/8/2024,817028,109.2273068
29/8/2024,817028,109.2273068
30/8/2024,817028,109.2273068
31/8/2024,817028,109.2273068
1/9/2024,817028,109.2273068
2/9/2024,817028,109.2273068
3/9/2024,817028,109.2273068
4/9/2024,817028,109.2273068
5/9/2024,817028,109.2273068
6/9/2024,817028,109.2273068
7/9/2024,817028,109.2273068
8/9/2024,817028,109.2273068
9/9/2024,817028,109.2273068
10/9/2024,817028,109.2273068
11/9/2024,817028,109.2273068
12/9/2024,817028,109.2273068
13/9/2024,817028,109.2273068
14/9/2024,817028,109.2273068
15/9/2024,817028,109.2273068
16/9/2024,817028,109.2273068
17/9/2024,817028,109.2273068
18/9/2024,817028,109.2273068
19/9/2024,817028,109.2273068
20/9/2024,817028,109.2273068
21/9/2024,817028,109.2273068
22/9/2024,817028,109.2273068
23/9/2024,817028,109.2273068
24/9/2024,817028,109.2273068
25/9/2024,817028,109.2273068
26/9/2024,817028,109.2273068
27/9/2024,817028,109.2273068
28/9/2024,817028,109.2273068
29/9/2024,817028,109.2273068
30/9/2024,817028,109.2273068
1/10/2024,836505,107.1267817
2/10/2024,836505,107.1267817
3/10/2024,836505,107.1267817
4/10/2024,836505,107.1267817
5/10/2024,836505,107.1267817
6/10/2024,836505,107.1267817
7/10/2024,836505,107.1267817
8/10/2024,836505,107.1267817
9/10/2024,836505,107.1267817
10/10/2024,836505,107.1267817
11/10/2024,836505,107.1267817
12/10/2024,836505,107.1267817
13/10/2024,836505,107.1267817
14/10/2024,836505,107.1267817
15/10/2024,836505,107.1267817
16/10/2024,836505,107.1267817
17/10/2024,836505,107.1267817
18/10/2024,836505,107.1267817
19/10/2024,836505,107.1267817
20/10/2024,836505,107.1267817
21/10/2024,836505,107.1267817
22/10/2024,836505,107.1267817
23/10/2024,836505,107.1267817
24/10/2024,836505,107.1267817
25/10/2024,836505,107.1267817
26/10/2024,836505,107.1267817
27/10/2024,836505,107.1267817
28/10/2024,836505,107.1267817
29/10/2024,836505,107.1267817
30/10/2024,836505,107.1267817
31/10/2024,836505,107.1267817
1/11/2024,836505,107.1267817
2/11/2024,836505,107.1267817
3/11/2024,836505,107.1267817
4/11/2024,836505,107.1267817
5/11/2024,836505,107.1267817
6/11/2024,836505,107.1267817
7/11/2024,836505,107.1267817
8/11/2024,836505,107.1267817
9/11/2024,836505,107.1267817
10/11/2024,836505,107.1267817
11/11/2024,836505,107.1267817
12/11/2024,836505,107.1267817
13/11/2024,836505,107.1267817
14/11/2024,836505,107.1267817
15/11/2024,836505,107.1267817
16/11/2024,836505,107.1267817
17/11/2024,836505,107.1267817
18/11/2024,836505,107.1267817
19/11/2024,836505,107.1267817
20/11/2024,836505,107.1267817
21/11/2024,836505,107.1267817
22/11/2024,836505,107.1267817
23/11/2024,836505,107.1267817
24/11/2024,836505,107.1267817
25/11/2024,836505,107.1267817
26/11/2024,836505,107.1267817
27/11/2024,836505,107.1267817
28/11/2024,836505,107.1267817
29/11/2024,836505,107.1267817
30/11/2024,836505,107.1267817
1/12/2024,836505,107.1267817
2/12/2024,836505,107.1267817
3/12/2024,836505,107.1267817
4/12/2024,836505,107.1267817
5/12/2024,836505,107.1267817
6/12/2024,836505,107.1267817
7/12/2024,836505,107.1267817
8/12/2024,836505,107.1267817
9/12/2024,836505,107.1267817
10/12/2024,836505,107.1267817
11/12/2024,836505,107.1267817
12/12/2024,836505,107.1267817
13/12/2024,836505,107.1267817
14/12/2024,836505,107.1267817
15/12/2024,836505,107.1267817
16/12/2024,836505,107.1267817
17/12/2024,836505,107.1267817
18/12/2024,836505,107.1267817
19/12/2024,836505,107.1267817
20/12/2024,836505,107.1267817
21/12/2024,836505,107.1267817
22/12/2024,836505,107.1267817
23/12/2024,836505,107.1267817
24/12/2024,836505,107.1267817
25/12/2024,836505,107.1267817
26/12/2024,836505,107.1267817
27/12/2024,836505,107.1267817
28/12/2024,836505,107.1267817
29/12/2024,836505,107.1267817
30/12/2024,836505,107.1267817
31/12/2024,836505,107.1267817
1/1/2025,?,?
2/1/2025,?,?
3/1/2025,?,?
4/1/2025,?,?
5/1/2025,?,?
6/1/2025,?,?
7/1/2025,?,?
8/1/2025,?,?
9/1/2025,?,?
10/1/2025,?,?
11/1/2025,?,?
12/1/2025,?,?
13/1/2025,?,?
14/1/2025,?,?
15/1/2025,?,?
16/1/2025,?,?
17/1/2025,?,?
18/1/2025,?,?
19/1/2025,?,?
20/1/2025,?,?
21/1/2025,?,?
22/1/2025,?,?
23/1/2025,?,?
24/1/2025,?,?
25/1/2025,?,?
26/1/2025,?,?
27/1/2025,?,?
28/1/2025,?,?
29/1/2025,?,?
30/1/2025,?,?
31/1/2025,?,?
1/2/2025,?,?
2/2/2025,?,?
3/2/2025,?,?
4/2/2025,?,?
5/2/2025,?,?
6/2/2025,?,?
7/2/2025,?,?
8/2/2025,?,?
9/2/2025,?,?
10/2/2025,?,?
11/2/2025,?,?
12/2/2025,?,?
13/2/2025,?,?
14/2/2025,?,?
15/2/2025,?,?
16/2/2025,?,?
17/2/2025,?,?
18/2/2025,?,?
19/2/2025,?,?
20/2/2025,?,?
21/2/2025,?,?
22/2/2025,?,?
23/2/2025,?,?
24/2/2025,?,?
25/2/2025,?,?
26/2/2025,?,?
27/2/2025,?,?
28/2/2025,?,?
1/3/2025,?,?
2/3/2025,?,?
3/3/2025,?,?
4/3/2025,?,?
5/3/2025,?,?
6/3/2025,?,?
7/3/2025,?,?
8/3/2025,?,?
9/3/2025,?,?
10/3/2025,?,?
11/3/2025,?,?
12/3/2025,?,?
13/3/2025,?,?
14/3/2025,?,?
15/3/2025,?,?
16/3/2025,?,?
17/3/2025,?,?
18/3/2025,?,?
19/3/2025,?,?
20/3/2025,?,?
21/3/2025,?,?
22/3/2025,?,?
23/3/2025,?,?
24/3/2025,?,?
25/3/2025,?,?
26/3/2025,?,?
27/3/2025,?,?
28/3/2025,?,?
29/3/2025,?,?
30/3/2025,?,?
31/3/2025,?,?
1/4/2025,?,?
2/4/2025,?,?
3/4/2025,?,?
4/4/2025,?,?
5/4/2025,?,?
6/4/2025,?,?
7/4/2025,?,?
8/4/2025,?,?
9/4/2025,?,?
10/4/2025,?,?
11/4/2025,?,?
12/4/2025,?,?
13/4/2025,?,?
14/4/2025,?,?
15/4/2025,?,?
16/4/2025,?,?
17/4/2025,?,?
18/4/2025,?,?
19/4/2025,?,?
20/4/2025,?,?
21/4/2025,?,?
22/4/2025,?,?