Date,average oil price
04/04/2019,62.315
04/05/2019,62.605
04/06/2019,63.0
04/07/2019,63.0
04/08/2019,63.835
04/09/2019,64.2125
04/10/2019,64.395
04/11/2019,63.965
04/12/2019,63.9775
04/13/2019,63.0
04/14/2019,63.0
04/15/2019,63.5075
04/16/2019,63.745000000000005
04/17/2019,64.0875
04/18/2019,63.8425
04/19/2019,63.0
04/20/2019,63.0
04/21/2019,63.0
04/22/2019,64.905
04/23/2019,66.15999999999998
04/24/2019,66.0375
04/25/2019,65.55
04/26/2019,63.972500000000004
04/27/2019,63.0
04/28/2019,63.0
04/29/2019,63.15
04/30/2019,63.885000000000005
05/01/2019,63.425000000000004
05/02/2019,62.5125
05/03/2019,61.8275
05/04/2019,59.73
05/05/2019,59.73
05/06/2019,61.6675
05/07/2019,61.68
05/08/2019,61.75
05/09/2019,61.712500000000006
05/10/2019,61.802499999999995
05/11/2019,59.73
05/12/2019,59.73
05/13/2019,61.66499999999999
05/14/2019,61.36
05/15/2019,61.645
05/16/2019,62.6375
05/17/2019,63.01
05/18/2019,59.73
05/19/2019,59.73
05/20/2019,63.072500000000005
05/21/2019,63.14
05/22/2019,61.225
05/23/2019,59.489999999999995
05/24/2019,58.36
05/25/2019,59.73
05/26/2019,59.73
05/27/2019,59.73
05/28/2019,58.945
05/29/2019,58.474999999999994
05/30/2019,57.935
05/31/2019,54.905
06/01/2019,54.34
06/02/2019,54.34
06/03/2019,53.352500000000006
06/04/2019,53.145
06/05/2019,52.137499999999996
06/06/2019,52.18000000000001
06/07/2019,53.5075
06/08/2019,54.34
06/09/2019,54.34
06/10/2019,53.8475
06/11/2019,53.4125
06/12/2019,51.987500000000004
06/13/2019,51.93000000000001
06/14/2019,52.3425
06/15/2019,54.34
06/16/2019,54.34
06/17/2019,52.1875
06/18/2019,52.915
06/19/2019,53.887499999999996
06/20/2019,55.474999999999994
06/21/2019,57.35666666666666
06/22/2019,54.34
06/23/2019,54.34
06/24/2019,57.6475
06/25/2019,57.9025
06/26/2019,59.2
06/27/2019,59.260000000000005
06/28/2019,58.81
06/29/2019,54.34
06/30/2019,54.34
07/01/2019,59.245000000000005
07/02/2019,57.7275
07/03/2019,56.8375
07/04/2019,56.47
07/05/2019,57.25
07/06/2019,56.47
07/07/2019,56.47
07/08/2019,57.7975
07/09/2019,57.945
07/10/2019,59.4275
07/11/2019,60.42999999999999
07/12/2019,60.335
07/13/2019,56.47
07/14/2019,56.47
07/15/2019,59.9875
07/16/2019,58.5025
07/17/2019,57.21750000000001
07/18/2019,55.985
07/19/2019,55.675
07/20/2019,56.47
07/21/2019,56.47
07/22/2019,56.25
07/23/2019,56.660000000000004
07/24/2019,56.519999999999996
07/25/2019,56.18
07/26/2019,56.095
07/27/2019,56.47
07/28/2019,56.47
07/29/2019,56.495
07/30/2019,57.6375
07/31/2019,58.3875
08/01/2019,55.845000000000006
08/02/2019,55.1
08/03/2019,53.63
08/04/2019,53.63
08/05/2019,54.975
08/06/2019,54.3225
08/07/2019,52.2
08/08/2019,52.4675
08/09/2019,53.667500000000004
08/10/2019,53.63
08/11/2019,53.63
08/12/2019,54.4875
08/13/2019,55.877500000000005
08/14/2019,55.6975
08/15/2019,54.6175
08/16/2019,54.885
08/17/2019,53.63
08/18/2019,53.63
08/19/2019,55.605
08/20/2019,56.08
08/21/2019,56.120000000000005
08/22/2019,55.65
08/23/2019,54.59
08/24/2019,53.63
08/25/2019,53.63
08/26/2019,53.7775
08/27/2019,54.525
08/28/2019,55.895
08/29/2019,56.227500000000006
08/30/2019,55.75
08/31/2019,53.63
09/01/2019,55.14
09/02/2019,55.14
09/03/2019,54.255
09/04/2019,55.15
09/05/2019,56.44
09/06/2019,56.1225
09/07/2019,55.14
09/08/2019,55.14
09/09/2019,57.3475
09/10/2019,57.8475
09/11/2019,56.8875
09/12/2019,55.34
09/13/2019,55.03
09/14/2019,55.14
09/15/2019,55.14
09/16/2019,61.6325
09/17/2019,60.587500000000006
09/18/2019,58.504999999999995
09/19/2019,58.47
09/20/2019,58.4075
09/21/2019,55.14
09/22/2019,55.14
09/23/2019,58.6625
09/24/2019,57.7275
09/25/2019,56.44
09/26/2019,56.3375
09/27/2019,55.982499999999995
09/28/2019,55.14
09/29/2019,55.14
09/30/2019,55.29
10/01/2019,53.947500000000005
10/02/2019,53.307500000000005
10/03/2019,52.205
10/04/2019,52.622499999999995
10/05/2019,53.14
10/06/2019,53.14
10/07/2019,53.0225
10/08/2019,52.63
10/09/2019,52.8025
10/10/2019,52.897499999999994
10/11/2019,54.28750000000001
10/12/2019,53.14
10/13/2019,53.14
10/14/2019,54.040000000000006
10/15/2019,53.125
10/16/2019,53.1325
10/17/2019,53.425
10/18/2019,53.96
10/19/2019,53.14
10/20/2019,53.14
10/21/2019,53.440000000000005
10/22/2019,53.817499999999995
10/23/2019,55.22
10/24/2019,56.012499999999996
10/25/2019,56.2675
10/26/2019,53.14
10/27/2019,53.14
10/28/2019,56.239999999999995
10/29/2019,55.465
10/30/2019,55.185
10/31/2019,54.595000000000006
11/01/2019,55.1875
11/02/2019,54.96
11/03/2019,54.96
11/04/2019,56.552499999999995
11/05/2019,56.897499999999994
11/06/2019,56.8925
11/07/2019,56.9125
11/08/2019,56.88999999999999
11/09/2019,54.96
11/10/2019,57.0725
11/11/2019,56.822500000000005
11/12/2019,56.964999999999996
11/13/2019,56.91
11/14/2019,57.144999999999996
11/15/2019,57.2575
11/16/2019,54.96
11/17/2019,54.96
11/18/2019,57.3925
11/19/2019,56.065
11/20/2019,56.06999999999999
11/21/2019,57.949999999999996
11/22/2019,58.080000000000005
11/23/2019,54.96
11/24/2019,54.96
11/25/2019,57.822500000000005
11/26/2019,58.162499999999994
11/27/2019,58.1425
11/28/2019,54.96
11/29/2019,56.65500000000001
11/30/2019,54.96
12/01/2019,58.41
12/02/2019,55.88000000000001
12/03/2019,56.0525
12/04/2019,57.449999999999996
12/05/2019,58.5025
12/06/2019,58.7675
12/07/2019,58.41
12/08/2019,58.41
12/09/2019,58.902499999999996
12/10/2019,59.050000000000004
12/11/2019,58.787499999999994
12/12/2019,59.1325
12/13/2019,59.795
12/14/2019,58.41
12/15/2019,58.41
12/16/2019,60.032500000000006
12/17/2019,60.565
12/18/2019,60.745
12/19/2019,61.085
12/20/2019,60.553333333333335
12/21/2019,58.41
12/22/2019,58.41
12/23/2019,60.45
12/24/2019,60.8425
12/25/2019,58.41
12/26/2019,61.442499999999995
12/27/2019,61.665
12/28/2019,58.41
12/29/2019,58.41
12/30/2019,61.705000000000005
12/31/2019,61.3125
01/01/2020,56.55
01/02/2020,61.254999999999995
01/03/2020,62.3625
01/04/2020,56.55
01/05/2020,56.55
01/06/2020,63.584999999999994
01/07/2020,62.7175
01/08/2020,61.81250000000001
01/09/2020,59.63
01/10/2020,59.32
01/11/2020,56.55
01/12/2020,56.55
01/13/2020,58.575
01/14/2020,58.175
01/15/2020,57.932500000000005
01/16/2020,58.2625
01/17/2020,58.595
01/18/2020,56.55
01/19/2020,56.55
01/20/2020,56.55
01/21/2020,58.730000000000004
01/22/2020,57.01
01/23/2020,55.685
01/24/2020,54.919999999999995
01/25/2020,56.55
01/26/2020,56.55
01/27/2020,53.17
01/28/2020,53.2475
01/29/2020,53.62
01/30/2020,52.5225
01/31/2020,52.2025
02/01/2020,49.66
02/02/2020,49.66
02/03/2020,50.7225
02/04/2020,50.1025
02/05/2020,50.402499999999996
02/06/2020,51.14
02/07/2020,50.75
02/08/2020,49.66
02/09/2020,49.66
02/10/2020,49.900000000000006
02/11/2020,49.955
02/12/2020,50.7025
02/13/2020,51.425
02/14/2020,51.805
02/15/2020,49.66
02/16/2020,49.66
02/17/2020,49.66
02/18/2020,51.72
02/19/2020,52.75
02/20/2020,53.75
02/21/2020,53.223333333333336
02/22/2020,49.66
02/23/2020,49.66
02/24/2020,51.78
02/25/2020,50.745
02/26/2020,49.3875
02/27/2020,47.595
02/28/2020,45.5325
02/29/2020,49.66
03/01/2020,31.01
03/02/2020,45.332499999999996
03/03/2020,47.5075
03/04/2020,47.195
03/05/2020,46.5625
03/06/2020,43.7
03/07/2020,31.01
03/08/2020,31.01
03/09/2020,31.555
03/10/2020,32.4875
03/11/2020,34.1275
03/12/2020,32.055
03/13/2020,31.675
03/14/2020,31.01
03/15/2020,31.01
03/16/2020,31.075000000000003
03/17/2020,28.1425
03/18/2020,23.6475
03/19/2020,24.147499999999997
03/20/2020,23.627499999999998
03/21/2020,31.01
03/22/2020,31.01
03/23/2020,22.687499999999996
03/24/2020,24.032500000000002
03/25/2020,24.252499999999998
03/26/2020,23.47
03/27/2020,22.279999999999998
03/28/2020,31.01
03/29/2020,31.01
03/30/2020,20.305
03/31/2020,20.6525
04/01/2020,20.464999999999996
04/02/2020,23.672500000000003
04/03/2020,26.45
04/04/2020,15.18
04/05/2020,15.18
04/06/2020,26.4225
04/07/2020,25.1875
04/08/2020,24.895
04/09/2020,24.9925
04/10/2020,15.18
04/11/2020,15.18
04/12/2020,15.18
04/13/2020,23.445
04/14/2020,21.375
04/15/2020,20.17
04/16/2020,19.9925
04/17/2020,18.95
04/18/2020,15.18
04/19/2020,15.18
04/20/2020,-15.0425
04/21/2020,-1.7174999999999998
04/22/2020,13.406666666666666
04/23/2020,15.5775
04/24/2020,16.8325
04/25/2020,15.18
04/26/2020,15.18
04/27/2020,14.62
04/28/2020,12.265
04/29/2020,14.465
04/30/2020,17.3425
05/01/2020,19.3425
05/02/2020,18.02
05/03/2020,18.02
05/04/2020,19.7425
05/05/2020,23.104999999999997
05/06/2020,24.5425
05/07/2020,24.33
05/08/2020,24.085
05/09/2020,18.02
05/10/2020,18.02
05/11/2020,24.47
05/12/2020,25.18
05/13/2020,25.457500000000003
05/14/2020,26.564999999999998
05/15/2020,28.5575
05/16/2020,18.02
05/17/2020,18.02
05/18/2020,31.05
05/19/2020,32.527499999999996
05/20/2020,33.635000000000005
05/21/2020,33.8425
05/22/2020,32.980000000000004
05/23/2020,18.02
05/24/2020,18.02
05/25/2020,18.02
05/26/2020,33.735
05/27/2020,33.255
05/28/2020,32.790000000000006
05/29/2020,34.325
05/30/2020,18.02
05/31/2020,18.02
06/01/2020,35.205000000000005
06/02/2020,36.1775
06/03/2020,37.0525
06/04/2020,37.0425
06/05/2020,38.4025
06/06/2020,33.81
06/07/2020,33.81
06/08/2020,39.0
06/09/2020,38.332499999999996
06/10/2020,38.934999999999995
06/11/2020,37.4825
06/12/2020,35.997499999999995
06/13/2020,33.81
06/14/2020,33.81
06/15/2020,36.192499999999995
06/16/2020,37.7175
06/17/2020,37.9625
06/18/2020,38.165000000000006
06/19/2020,39.3725
06/20/2020,33.81
06/21/2020,33.81
06/22/2020,39.865
06/23/2020,41.0
06/24/2020,38.9625
06/25/2020,38.269999999999996
06/26/2020,38.68
06/27/2020,33.81
06/28/2020,33.81
06/29/2020,38.7625
06/30/2020,39.46
07/01/2020,39.8225
07/02/2020,40.157500000000006
07/03/2020,37.44
07/04/2020,37.44
07/05/2020,37.44
07/06/2020,40.5425
07/07/2020,40.5375
07/08/2020,40.69
07/09/2020,40.1875
07/10/2020,39.86
07/11/2020,37.44
07/12/2020,37.44
07/13/2020,40.16
07/14/2020,39.8825
07/15/2020,40.772499999999994
07/16/2020,40.855000000000004
07/17/2020,40.557500000000005
07/18/2020,37.44
07/19/2020,37.44
07/20/2020,40.5475
07/21/2020,41.412499999999994
07/22/2020,41.690000000000005
07/23/2020,41.5525
07/24/2020,41.17
07/25/2020,37.44
07/26/2020,37.44
07/27/2020,41.29
07/28/2020,41.3675
07/29/2020,41.225
07/30/2020,40.337500000000006
07/31/2020,40.205
08/01/2020,39.37
08/02/2020,39.37
08/03/2020,40.55500000000001
08/04/2020,41.175
08/05/2020,42.185
08/06/2020,42.099999999999994
08/07/2020,41.6175
08/08/2020,39.37
08/09/2020,39.37
08/10/2020,41.735
08/11/2020,42.0025
08/12/2020,42.18
08/13/2020,42.435
08/14/2020,42.1325
08/15/2020,39.37
08/16/2020,39.37
08/17/2020,42.474999999999994
08/18/2020,42.69500000000001
08/19/2020,42.730000000000004
08/20/2020,42.402499999999996
08/21/2020,42.25333333333334
08/22/2020,39.37
08/23/2020,39.37
08/24/2020,42.555
08/25/2020,42.8975
08/26/2020,43.39
08/27/2020,43.087500000000006
08/28/2020,43.015
08/29/2020,39.37
08/30/2020,39.37
08/31/2020,42.9125
09/01/2020,42.935
09/02/2020,42.2425
09/03/2020,41.2525
09/04/2020,40.56
09/05/2020,36.82
09/06/2020,36.82
09/07/2020,36.82
09/08/2020,37.99
09/09/2020,37.3625
09/10/2020,37.5525
09/11/2020,37.207499999999996
09/12/2020,36.82
09/13/2020,36.82
09/14/2020,37.269999999999996
09/15/2020,37.7975
09/16/2020,39.3
09/17/2020,40.45
09/18/2020,40.9675
09/19/2020,36.82
09/20/2020,36.82
09/21/2020,40.055
09/22/2020,39.5625
09/23/2020,39.98
09/24/2020,39.85
09/25/2020,40.1875
09/26/2020,36.82
09/27/2020,36.82
09/28/2020,40.3125
09/29/2020,39.745000000000005
09/30/2020,39.6075
10/01/2020,39.175
10/02/2020,37.7325
10/03/2020,36.39
10/04/2020,36.39
10/05/2020,38.235
10/06/2020,39.995000000000005
10/07/2020,39.8525
10/08/2020,40.5675
10/09/2020,40.94
10/10/2020,36.39
10/11/2020,36.39
10/12/2020,39.83
10/13/2020,39.9025
10/14/2020,40.552499999999995
10/15/2020,40.65
10/16/2020,40.7225
10/17/2020,36.39
10/18/2020,36.39
10/19/2020,40.82
10/20/2020,41.015
10/21/2020,39.905
10/22/2020,40.352500000000006
10/23/2020,40.237500000000004
10/24/2020,36.39
10/25/2020,39.352500000000006
10/26/2020,38.663333333333334
10/27/2020,39.125
10/28/2020,38.085
10/29/2020,36.56
10/30/2020,35.917500000000004
10/31/2020,36.39
11/01/2020,38.25
11/02/2020,35.71000000000001
11/03/2020,37.394999999999996
11/04/2020,38.4525
11/05/2020,38.895
11/06/2020,37.837500000000006
11/07/2020,38.25
11/08/2020,38.25
11/09/2020,39.03
11/10/2020,40.629999999999995
11/11/2020,41.905
11/12/2020,41.4125
11/13/2020,40.5175
11/14/2020,38.25
11/15/2020,38.25
11/16/2020,40.9375
11/17/2020,41.2825
11/18/2020,41.677499999999995
11/19/2020,41.60249999999999
11/20/2020,41.9875
11/21/2020,38.25
11/22/2020,38.25
11/23/2020,42.7925
11/24/2020,43.942499999999995
11/25/2020,45.379999999999995
11/26/2020,38.25
11/27/2020,45.5175
11/28/2020,38.25
11/29/2020,38.25
11/30/2020,45.22500000000001
12/01/2020,44.8625
12/02/2020,44.875
12/03/2020,45.2825
12/04/2020,46.0475
12/05/2020,43.92
12/06/2020,43.92
12/07/2020,45.9525
12/08/2020,45.582499999999996
12/09/2020,45.5775
12/10/2020,46.432500000000005
12/11/2020,46.7925
12/12/2020,43.92
12/13/2020,43.92
12/14/2020,46.7125
12/15/2020,47.22
12/16/2020,47.63250000000001
12/17/2020,48.1525
12/18/2020,48.7275
12/19/2020,43.92
12/20/2020,43.92
12/21/2020,47.7675
12/22/2020,46.81
12/23/2020,47.3925
12/24/2020,48.125
12/25/2020,43.92
12/26/2020,43.92
12/27/2020,43.92
12/28/2020,48.0775
12/29/2020,47.9375
12/30/2020,48.2
12/31/2020,48.305
01/01/2021,49.47
01/02/2021,49.47
01/03/2021,49.47
01/04/2021,48.2575
01/05/2021,48.6875
01/06/2021,50.217499999999994
01/07/2021,50.75749999999999
01/08/2021,51.682500000000005
01/09/2021,49.47
01/10/2021,49.47
01/11/2021,52.2575
01/12/2021,52.7275
01/13/2021,53.182500000000005
01/14/2021,53.1
01/15/2021,52.955
01/16/2021,49.47
01/17/2021,49.47
01/18/2021,49.47
01/19/2021,52.467499999999994
01/20/2021,53.302499999999995
01/21/2021,53.096666666666664
01/22/2021,52.4925
01/23/2021,49.47
01/24/2021,49.47
01/25/2021,52.427499999999995
01/26/2021,52.76499999999999
01/27/2021,52.69
01/28/2021,52.652499999999996
01/29/2021,52.3825
01/30/2021,49.47
01/31/2021,49.47
02/01/2021,52.730000000000004
02/02/2021,54.2375
02/03/2021,55.47
02/04/2021,56.0175
02/05/2021,56.7575
02/06/2021,56.44
02/07/2021,56.44
02/08/2021,57.542500000000004
02/09/2021,58.09
02/10/2021,58.53
02/11/2021,58.2975
02/12/2021,58.66
02/13/2021,56.44
02/14/2021,56.44
02/15/2021,56.44
02/16/2021,60.0775
02/17/2021,60.635
02/18/2021,61.0625
02/19/2021,59.58
02/20/2021,56.44
02/21/2021,56.44
02/22/2021,60.2575
02/23/2021,61.17
02/24/2021,62.247499999999995
02/25/2021,63.345000000000006
02/26/2021,62.4675
02/27/2021,56.44
02/28/2021,56.44
03/01/2021,61.3675
03/02/2021,60.1425
03/03/2021,60.515
03/04/2021,62.5725
03/05/2021,65.1225
03/06/2021,60.43
03/07/2021,60.43
03/08/2021,66.07000000000001
03/09/2021,64.5875
03/10/2021,64.0925
03/11/2021,65.3675
03/12/2021,65.805
03/13/2021,60.43
03/14/2021,60.43
03/15/2021,65.37
03/16/2021,64.84
03/17/2021,64.5725
03/18/2021,61.86
03/19/2021,60.41
03/20/2021,60.43
03/21/2021,60.43
03/22/2021,61.3475
03/23/2021,57.504999999999995
03/24/2021,59.3025
03/25/2021,59.415
03/26/2021,59.7825
03/27/2021,60.43
03/28/2021,60.43
03/29/2021,60.917500000000004
03/30/2021,61.18
03/31/2021,59.9075
04/01/2021,60.3875
04/02/2021,61.45
04/03/2021,59.87
04/04/2021,59.87
04/05/2021,59.82
04/06/2021,59.4125
04/07/2021,59.2975
04/08/2021,59.4675
04/09/2021,59.5325
04/10/2021,59.87
04/11/2021,59.87
04/12/2021,59.6375
04/13/2021,60.0125
04/14/2021,61.8525
04/15/2021,63.0975
04/16/2021,63.290000000000006
04/17/2021,59.87
04/18/2021,59.87
04/19/2021,63.155
04/20/2021,62.915
04/21/2021,61.589999999999996
04/22/2021,61.254999999999995
04/23/2021,61.8675
04/24/2021,59.87
04/25/2021,59.87
04/26/2021,61.735
04/27/2021,62.529999999999994
04/28/2021,63.525000000000006
04/29/2021,64.4575
04/30/2021,64.12249999999999
05/01/2021,62.8
05/02/2021,62.8
05/03/2021,63.93
05/04/2021,65.1925
05/05/2021,65.94
05/06/2021,65.115
05/07/2021,64.735
05/08/2021,62.8
05/09/2021,62.8
05/10/2021,65.0475
05/11/2021,64.84
05/12/2021,65.785
05/13/2021,64.6175
05/14/2021,64.5375
05/15/2021,62.8
05/16/2021,62.8
05/17/2021,65.7575
05/18/2021,65.735
05/19/2021,63.985
05/20/2021,62.822500000000005
05/21/2021,63.06999999999999
05/22/2021,62.8
05/23/2021,62.8
05/24/2021,64.9225
05/25/2021,66.0025
05/26/2021,65.9825
05/27/2021,66.35
05/28/2021,66.74
05/29/2021,62.8
05/30/2021,62.8
05/31/2021,62.8
06/01/2021,67.42
06/02/2021,68.4
06/03/2021,68.78999999999999
06/04/2021,69.155
06/05/2021,68.58
06/06/2021,68.58
06/07/2021,69.42
06/08/2021,69.52000000000001
06/09/2021,70.0125
06/10/2021,69.845
06/11/2021,70.4825
06/12/2021,68.58
06/13/2021,68.58
06/14/2021,70.99000000000001
06/15/2021,71.645
06/16/2021,72.30000000000001
06/17/2021,71.19
06/18/2021,71.26750000000001
06/19/2021,68.58
06/20/2021,68.58
06/21/2021,72.57249999999999
06/22/2021,73.34
06/23/2021,73.66499999999999
06/24/2021,73.1275
06/25/2021,73.6
06/26/2021,68.58
06/27/2021,68.58
06/28/2021,73.49249999999999
06/29/2021,72.88499999999999
06/30/2021,73.475
07/01/2021,74.58500000000001
07/02/2021,75.05250000000001
07/03/2021,70.12
07/04/2021,70.12
07/05/2021,70.12
07/06/2021,74.66
07/07/2021,72.995
07/08/2021,72.2825
07/09/2021,73.82499999999999
07/10/2021,70.12
07/11/2021,70.12
07/12/2021,74.23249999999999
07/13/2021,74.6575
07/14/2021,73.9875
07/15/2021,72.2425
07/16/2021,71.5
07/17/2021,70.12
07/18/2021,70.12
07/19/2021,68.8025
07/20/2021,66.72
07/21/2021,70.4
07/22/2021,71.0075
07/23/2021,71.8425
07/24/2021,70.12
07/25/2021,70.12
07/26/2021,2420.83
07/27/2021,71.8175
07/28/2021,72.17
07/29/2021,72.9925
07/30/2021,73.6275
07/31/2021,70.12
08/01/2021,65.68
08/02/2021,72.41
08/03/2021,70.78
08/04/2021,69.26250000000002
08/05/2021,68.545
08/06/2021,68.87
08/07/2021,65.68
08/08/2021,65.68
08/09/2021,66.85750000000002
08/10/2021,67.56750000000001
08/11/2021,68.4675
08/12/2021,69.1375
08/13/2021,68.5825
08/14/2021,65.68
08/15/2021,65.68
08/16/2021,67.325
08/17/2021,66.9975
08/18/2021,65.95250000000001
08/19/2021,63.9175
08/20/2021,61.985
08/21/2021,65.68
08/22/2021,65.68
08/23/2021,63.8475
08/24/2021,66.57
08/25/2021,67.8675
08/26/2021,67.685
08/27/2021,68.2725
08/28/2021,65.68
08/29/2021,65.68
08/30/2021,68.94
08/31/2021,68.785
09/01/2021,68.36500000000001
09/02/2021,69.1525
09/03/2021,69.6675
09/04/2021,69.09
09/05/2021,69.09
09/06/2021,69.09
09/07/2021,68.6525
09/08/2021,68.92
09/09/2021,68.745
09/10/2021,68.84
09/11/2021,69.09
09/12/2021,69.09
09/13/2021,70.1475
09/14/2021,70.5775
09/15/2021,71.78
09/16/2021,72.44250000000001
09/17/2021,72.1175
09/18/2021,69.09
09/19/2021,69.09
09/20/2021,70.9125
09/21/2021,69.09
09/22/2021,72.275
09/23/2021,72.5975
09/24/2021,73.575
09/25/2021,69.09
09/26/2021,69.09
09/27/2021,74.82000000000001
09/28/2021,75.405
09/29/2021,74.66000000000001
09/30/2021,74.7325
10/01/2021,75.2775
10/02/2021,78.51
10/03/2021,78.51
10/04/2021,76.7975
10/05/2021,78.365
10/06/2021,78.27
10/07/2021,77.2875
10/08/2021,79.2175
10/09/2021,78.51
10/10/2021,78.51
10/11/2021,80.4675
10/12/2021,80.555
10/13/2021,80.36000000000001
10/14/2021,81.00750000000001
10/15/2021,81.94500000000001
10/16/2021,78.51
10/17/2021,78.51
10/18/2021,82.67500000000001
10/19/2021,82.715
10/20/2021,82.61666666666666
10/21/2021,82.69
10/22/2021,83.0925
10/23/2021,78.51
10/24/2021,78.51
10/25/2021,84.125
10/26/2021,84.06
10/27/2021,83.38499999999999
10/28/2021,82.18249999999999
10/29/2021,82.92
10/30/2021,78.51
10/31/2021,78.51
11/01/2021,83.74
11/02/2021,83.71
11/03/2021,81.6725
11/04/2021,80.1525
11/05/2021,80.36749999999999
11/06/2021,76.45
11/07/2021,76.45
11/08/2021,81.6575
11/09/2021,83.1925
11/10/2021,82.91
11/11/2021,81.3575
11/12/2021,80.8675
11/13/2021,76.45
11/14/2021,76.45
11/15/2021,80.5075
11/16/2021,80.875
11/17/2021,79.355
11/18/2021,78.425
11/19/2021,75.94
11/20/2021,76.45
11/21/2021,76.45
11/22/2021,76.06
11/23/2021,77.28
11/24/2021,78.525
11/25/2021,76.45
11/26/2021,73.13
11/27/2021,76.45
11/28/2021,76.45
11/29/2021,70.0975
11/30/2021,67.97
12/01/2021,66.72999999999999
12/02/2021,65.53
12/03/2021,67.14250000000001
12/04/2021,70.56
12/05/2021,70.56
12/06/2021,68.13999999999999
12/07/2021,71.155
12/08/2021,72.025
12/09/2021,71.81
12/10/2021,71.235
12/11/2021,70.56
12/12/2021,70.56
12/13/2021,71.745
12/14/2021,70.875
12/15/2021,70.57
12/16/2021,71.8775
12/17/2021,71.24000000000001
12/18/2021,70.56
12/19/2021,70.56
12/20/2021,70.56
12/21/2021,70.41666666666667
12/22/2021,71.98500000000001
12/23/2021,73.33500000000001
12/24/2021,70.56
12/25/2021,70.56
12/26/2021,70.56
12/27/2021,74.4425
12/28/2021,76.1025
12/29/2021,76.325
12/30/2021,76.735
12/31/2021,75.975
01/01/2022,80.33
01/02/2022,80.33
01/03/2022,75.61249999999998
01/04/2022,76.5925
01/05/2022,77.5675
01/06/2022,78.41
01/07/2022,79.3825
01/08/2022,80.33
01/09/2022,80.33
01/10/2022,78.655
01/11/2022,79.9
01/12/2022,82.08500000000001
01/13/2022,82.3
01/14/2022,82.88
01/15/2022,80.33
01/16/2022,80.33
01/17/2022,80.33
01/18/2022,85.00750000000001
01/19/2022,86.8525
01/20/2022,85.61999999999999
01/21/2022,84.51750000000001
01/22/2022,80.33
01/23/2022,80.33
01/24/2022,84.10749999999999
01/25/2022,84.58749999999999
01/26/2022,86.3975
01/27/2022,87.14
01/28/2022,87.36749999999999
01/29/2022,80.33
01/30/2022,80.33
01/31/2022,87.57
02/01/2022,87.94000000000001
02/02/2022,88.335
02/03/2022,88.8475
02/04/2022,91.435
02/05/2022,89.41
02/06/2022,89.41
02/07/2022,91.655
02/08/2022,90.305
02/09/2022,89.625
02/10/2022,90.16499999999999
02/11/2022,91.7325
02/12/2022,89.41
02/13/2022,89.41
02/14/2022,94.32499999999999
02/15/2022,93.21000000000001
02/16/2022,92.68
02/17/2022,91.63499999999999
02/18/2022,90.9325
02/19/2022,89.41
02/20/2022,89.41
02/21/2022,89.41
02/22/2022,91.7225
02/23/2022,92.065
02/24/2022,97.4775
02/25/2022,89.41
02/26/2022,89.41
02/27/2022,89.41
02/28/2022,95.2325
03/01/2022,100.3425
03/02/2022,108.7625
03/03/2022,110.44
03/04/2022,111.69999999999999
03/05/2022,107.07
03/06/2022,107.07
03/07/2022,120.545
03/08/2022,122.625
03/09/2022,115.995
03/10/2022,109.07749999999999
03/11/2022,107.5425
03/12/2022,107.07
03/13/2022,107.07
03/14/2022,105.63499999999999
03/15/2022,98.66
03/16/2022,95.875
03/17/2022,99.4675
03/18/2022,104.2775
03/19/2022,107.07
03/20/2022,107.07
03/21/2022,108.355
03/22/2022,109.90333333333335
03/23/2022,111.8875
03/24/2022,113.52250000000001
03/25/2022,112.06500000000001
03/26/2022,107.07
03/27/2022,107.07
03/28/2022,108.86999999999999
03/29/2022,103.53750000000001
03/30/2022,106.595
03/31/2022,103.86749999999999
04/01/2022,99.95750000000001
04/02/2022,103.34
04/03/2022,103.34
04/04/2022,101.135
04/05/2022,102.7575
04/06/2022,99.33250000000001
04/07/2022,96.475
04/08/2022,97.3425
04/09/2022,103.34
04/10/2022,103.34
04/11/2022,95.93
04/12/2022,98.0
04/13/2022,102.38999999999999
04/14/2022,105.215
04/15/2022,103.34
04/16/2022,103.34
04/17/2022,103.34
04/18/2022,107.7075
04/19/2022,105.33749999999999
04/20/2022,102.00999999999999
04/21/2022,103.4675
04/22/2022,102.82
04/23/2022,103.34
04/24/2022,103.34
04/25/2022,99.225
04/26/2022,100.05499999999999
04/27/2022,101.60499999999999
04/28/2022,103.28999999999999
04/29/2022,105.39750000000001
04/30/2022,103.34
05/01/2022,108.29
05/02/2022,103.94500000000001
05/03/2022,103.8725
05/04/2022,105.7325
05/05/2022,108.4175
05/06/2022,109.2
05/07/2022,108.29
05/08/2022,108.29
05/09/2022,106.595
05/10/2022,101.37
05/11/2022,102.405
05/12/2022,105.4375
05/13/2022,108.5425
05/14/2022,108.29
05/15/2022,108.29
05/16/2022,111.96249999999999
05/17/2022,113.4025
05/18/2022,111.7825
05/19/2022,109.7875
05/20/2022,110.66
05/21/2022,108.29
05/22/2022,108.29
05/23/2022,110.46000000000001
05/24/2022,110.0775
05/25/2022,110.42
05/26/2022,112.4575
05/27/2022,114.39500000000001
05/28/2022,108.29
05/29/2022,108.29
05/30/2022,108.29
05/31/2022,115.99000000000001
06/01/2022,115.7525
06/02/2022,115.08749999999999
06/03/2022,118.0325
06/04/2022,113.77
06/05/2022,113.77
06/06/2022,119.4075
06/07/2022,119.03999999999999
06/08/2022,121.07749999999999
06/09/2022,121.88250000000001
06/10/2022,120.79249999999999
06/11/2022,113.77
06/12/2022,113.77
06/13/2022,120.32
06/14/2022,120.07500000000002
06/15/2022,117.125
06/16/2022,115.96749999999999
06/17/2022,113.0925
06/18/2022,113.77
06/19/2022,113.77
06/20/2022,113.77
06/21/2022,109.05499999999999
06/22/2022,106.78500000000001
06/23/2022,104.5175
06/24/2022,105.94749999999999
06/25/2022,113.77
06/26/2022,113.77
06/27/2022,108.19
06/28/2022,110.8975
06/29/2022,111.21499999999999
06/30/2022,107.755
07/01/2022,107.06250000000001
07/02/2022,100.84
07/03/2022,100.84
07/04/2022,100.84
07/05/2022,104.26
07/06/2022,98.9525
07/07/2022,100.505
07/08/2022,103.4675
07/09/2022,100.84
07/10/2022,100.84
07/11/2022,103.6975
07/12/2022,99.5975
07/13/2022,95.90499999999999
07/14/2022,94.9375
07/15/2022,96.83999999999999
07/16/2022,100.84
07/17/2022,100.84
07/18/2022,99.6875
07/19/2022,102.6875
07/20/2022,99.58666666666666
07/21/2022,97.705
07/22/2022,95.8625
07/23/2022,100.84
07/24/2022,100.84
07/25/2022,95.4275
07/26/2022,96.2375
07/27/2022,96.44000000000001
07/28/2022,97.58
07/29/2022,98.48249999999999
07/30/2022,100.84
07/31/2022,100.84
08/01/2022,95.8425
08/02/2022,94.375
08/03/2022,92.87
08/04/2022,89.7475
08/05/2022,88.68249999999999
08/06/2022,93.76
08/07/2022,93.76
08/08/2022,89.405
08/09/2022,90.69250000000001
08/10/2022,90.625
08/11/2022,93.0625
08/12/2022,93.0075
08/13/2022,93.76
08/14/2022,93.76
08/15/2022,90.0625
08/16/2022,87.6775
08/17/2022,87.5675
08/18/2022,89.1075
08/19/2022,90.3175
08/20/2022,93.76
08/21/2022,93.76
08/22/2022,89.32000000000001
08/23/2022,92.20249999999999
08/24/2022,94.2275
08/25/2022,93.98
08/26/2022,92.8025
08/27/2022,93.76
08/28/2022,93.76
08/29/2022,94.9175
08/30/2022,94.18750000000001
08/31/2022,90.72749999999999
09/01/2022,87.7825
09/02/2022,87.35999999999999
09/03/2022,84.62
09/04/2022,84.62
09/05/2022,84.62
09/06/2022,87.6075
09/07/2022,84.5
09/08/2022,82.6825
09/09/2022,84.85000000000001
09/10/2022,84.62
09/11/2022,84.62
09/12/2022,87.03999999999999
09/13/2022,87.44250000000001
09/14/2022,88.1225
09/15/2022,86.93
09/16/2022,85.2425
09/17/2022,84.62
09/18/2022,84.62
09/19/2022,84.7575
09/20/2022,84.36333333333333
09/21/2022,84.1075
09/22/2022,83.7525
09/23/2022,81.0775
09/24/2022,84.62
09/25/2022,84.62
09/26/2022,78.125
09/27/2022,77.73
09/28/2022,79.7875
09/29/2022,81.6225
09/30/2022,80.76750000000001
10/01/2022,86.61
10/02/2022,86.61
10/03/2022,82.39999999999999
10/04/2022,85.0
10/05/2022,86.98
10/06/2022,88.18
10/07/2022,90.72749999999999
10/08/2022,86.61
10/09/2022,86.61
10/10/2022,92.18500000000002
10/11/2022,89.89249999999998
10/12/2022,88.05
10/13/2022,87.8575
10/14/2022,87.42
10/15/2022,86.61
10/16/2022,86.61
10/17/2022,85.6925
10/18/2022,84.2725
10/19/2022,84.54499999999999
10/20/2022,85.27333333333333
10/21/2022,84.79499999999999
10/22/2022,86.61
10/23/2022,86.61
10/24/2022,84.5725
10/25/2022,84.815
10/26/2022,86.36249999999998
10/27/2022,88.615
10/28/2022,88.09
10/29/2022,86.61
10/30/2022,86.61
10/31/2022,87.19749999999999
11/01/2022,87.54249999999999
11/02/2022,89.17750000000001
11/03/2022,88.73249999999999
11/04/2022,90.3425
11/05/2022,84.43
11/06/2022,84.43
11/07/2022,91.8925
11/08/2022,90.37
11/09/2022,87.3125
11/10/2022,86.05999999999999
11/11/2022,87.90499999999999
11/12/2022,84.43
11/13/2022,84.43
11/14/2022,87.45749999999998
11/15/2022,86.2175
11/16/2022,85.995
11/17/2022,83.315
11/18/2022,80.505
11/19/2022,84.43
11/20/2022,84.43
11/21/2022,79.0025
11/22/2022,80.8725
11/23/2022,79.47749999999999
11/24/2022,84.43
11/25/2022,77.47749999999999
11/26/2022,84.43
11/27/2022,84.43
11/28/2022,76.24
11/29/2022,77.66499999999999
11/30/2022,79.805
12/01/2022,81.2525
12/02/2022,80.765
12/03/2022,76.45
12/04/2022,76.45
12/05/2022,79.11250000000001
12/06/2022,75.68
12/07/2022,73.37
12/08/2022,72.565
12/09/2022,71.4675
12/10/2022,76.45
12/11/2022,76.45
12/12/2022,72.28750000000001
12/13/2022,74.57750000000001
12/14/2022,76.33500000000001
12/15/2022,76.64249999999998
12/16/2022,75.17
12/17/2022,76.45
12/18/2022,76.45
12/19/2022,74.96
12/20/2022,75.87
12/21/2022,77.1825
12/22/2022,78.21000000000001
12/23/2022,79.0275
12/24/2022,76.45
12/25/2022,76.45
12/26/2022,76.45
12/27/2022,79.935
12/28/2022,79.0225
12/29/2022,78.25500000000001
12/30/2022,79.35249999999999
12/31/2022,76.45
01/01/2023,75.71
01/02/2023,75.71
01/03/2023,78.88
01/04/2023,75.0275
01/05/2023,73.54
01/06/2023,74.1125
01/07/2023,75.71
01/08/2023,75.71
01/09/2023,74.615
01/10/2023,74.945
01/11/2023,76.0925
01/12/2023,78.07750000000001
01/13/2023,79.0625
01/14/2023,75.71
01/15/2023,75.71
01/16/2023,75.71
01/17/2023,79.9975
01/18/2023,80.4025
01/19/2023,79.6375
01/20/2023,81.15
01/21/2023,75.71
01/22/2023,75.71
01/23/2023,81.79
01/24/2023,80.89500000000001
01/25/2023,80.27250000000001
01/26/2023,80.8825
01/27/2023,80.59
01/28/2023,75.71
01/29/2023,75.71
01/30/2023,78.945
01/31/2023,78.1325
02/01/2023,77.8075
02/02/2023,76.195
02/03/2023,75.09
02/04/2023,74.32
02/05/2023,74.32
02/06/2023,73.5325
02/07/2023,75.895
02/08/2023,77.91749999999999
02/09/2023,77.9725
02/10/2023,78.7975
02/11/2023,74.32
02/12/2023,74.32
02/13/2023,79.7675
02/14/2023,78.8175
02/15/2023,78.4625
02/16/2023,78.63499999999999
02/17/2023,76.9725
02/18/2023,74.32
02/19/2023,74.32
02/20/2023,74.32
02/21/2023,76.64250000000001
02/22/2023,75.12
02/23/2023,74.78999999999999
02/24/2023,75.66749999999999
02/25/2023,74.32
02/26/2023,74.32
02/27/2023,75.9775
02/28/2023,76.545
03/01/2023,77.1425
03/02/2023,77.935
03/03/2023,78.36
03/04/2023,72.09
03/05/2023,72.09
03/06/2023,79.82499999999999
03/07/2023,79.015
03/08/2023,76.95750000000001
03/09/2023,76.44500000000001
03/10/2023,76.06
03/11/2023,72.09
03/12/2023,72.09
03/13/2023,76.69
03/14/2023,72.9025
03/15/2023,69.33500000000001
03/16/2023,67.9525
03/17/2023,67.4575
03/18/2023,72.09
03/19/2023,72.09
03/20/2023,66.51750000000001
03/21/2023,68.77
03/22/2023,70.1525
03/23/2023,70.1725
03/24/2023,68.99
03/25/2023,72.09
03/26/2023,72.09
03/27/2023,71.1025
03/28/2023,73.05
03/29/2023,73.4225
03/30/2023,73.6175
03/31/2023,74.9
04/01/2023,77.23
04/02/2023,77.23
04/03/2023,80.0875
04/04/2023,80.69
04/05/2023,80.64250000000001
04/06/2023,80.41499999999999
04/07/2023,80.7
04/08/2023,77.23
04/09/2023,77.23
04/10/2023,80.26249999999999
04/11/2023,80.595
04/12/2023,82.385
04/13/2023,82.74
04/14/2023,82.43249999999999
04/15/2023,77.23
04/16/2023,77.23
04/17/2023,81.6125
04/18/2023,80.8175
04/19/2023,79.985
04/20/2023,77.17
04/21/2023,77.555
04/22/2023,77.23
04/23/2023,77.23
04/24/2023,78.1625
04/25/2023,77.79499999999999
04/26/2023,75.8525
04/27/2023,74.6125
04/28/2023,75.61500000000001
04/29/2023,77.23
04/30/2023,77.23
05/01/2023,75.89750000000001
05/02/2023,73.7325
05/03/2023,69.9725
05/04/2023,67.24999999999999
05/05/2023,70.06
05/06/2023,70.14
05/07/2023,70.14
05/08/2023,72.3
05/09/2023,72.89750000000001
05/10/2023,72.95
05/11/2023,71.8425
05/12/2023,70.7925
05/13/2023,70.14
05/14/2023,70.14
05/15/2023,70.57749999999999
05/16/2023,71.1075
05/17/2023,71.6525
05/18/2023,72.2125
05/19/2023,71.98
05/20/2023,70.14
05/21/2023,70.14
05/22/2023,71.78
05/23/2023,72.625
05/24/2023,73.9925
05/25/2023,72.845
05/26/2023,72.1375
05/27/2023,70.14
05/28/2023,70.14
05/29/2023,70.14
05/30/2023,71.3175
05/31/2023,68.5975
06/01/2023,69.04249999999999
06/02/2023,71.055
06/03/2023,68.59
06/04/2023,68.59
06/05/2023,73.34
06/06/2023,71.5325
06/07/2023,72.0675
06/08/2023,71.52
06/09/2023,70.7475
06/10/2023,68.59
06/11/2023,68.59
06/12/2023,68.6525
06/13/2023,68.45499999999998
06/14/2023,69.03
06/15/2023,69.5475
06/16/2023,71.08500000000001
06/17/2023,68.59
06/18/2023,68.59
06/19/2023,68.59
06/20/2023,71.315
06/21/2023,71.7225
06/22/2023,70.8625
06/23/2023,68.9125
06/24/2023,68.59
06/25/2023,68.59
06/26/2023,69.37
06/27/2023,68.705
06/28/2023,68.5925
06/29/2023,69.65
06/30/2023,70.25250000000001
07/01/2023,74.07
07/02/2023,74.07
07/03/2023,70.42999999999999
07/04/2023,74.07
07/05/2023,70.97749999999999
07/06/2023,71.545
07/07/2023,72.705
07/08/2023,74.07
07/09/2023,74.07
07/10/2023,73.4225
07/11/2023,73.975
07/12/2023,75.35
07/13/2023,76.335
07/14/2023,76.25250000000001
07/15/2023,74.07
07/16/2023,74.07
07/17/2023,74.7775
07/18/2023,74.94500000000001
07/19/2023,75.78999999999999
07/20/2023,75.43333333333334
07/21/2023,76.4475
07/22/2023,74.07
07/23/2023,74.07
07/24/2023,77.85749999999999
07/25/2023,79.1825
07/26/2023,79.0975
07/27/2023,79.6075
07/28/2023,80.07
07/29/2023,74.07
07/30/2023,74.07
07/31/2023,81.1575
08/01/2023,81.48500000000001
08/02/2023,80.7825
08/03/2023,80.4525
08/04/2023,82.325
08/05/2023,79.78
08/06/2023,79.78
08/07/2023,82.4
08/08/2023,82.10499999999999
08/09/2023,83.64750000000001
08/10/2023,83.6325
08/11/2023,82.9975
08/12/2023,79.78
08/13/2023,79.78
08/14/2023,82.63
08/15/2023,81.7025
08/16/2023,80.25
08/17/2023,79.92999999999999
08/18/2023,80.6175
08/19/2023,79.78
08/20/2023,79.78
08/21/2023,81.35
08/22/2023,79.83
08/23/2023,79.005
08/24/2023,78.6325
08/25/2023,79.32749999999999
08/26/2023,79.78
08/27/2023,79.78
08/28/2023,80.16
08/29/2023,80.47749999999999
08/30/2023,81.46
08/31/2023,82.6275
09/01/2023,84.64750000000001
09/02/2023,87.96
09/03/2023,87.96
09/04/2023,87.96
09/05/2023,86.435
09/06/2023,87.0775
09/07/2023,87.1475
09/08/2023,87.095
09/09/2023,87.96
09/10/2023,87.96
09/11/2023,87.39500000000001
09/12/2023,88.18249999999999
09/13/2023,88.80749999999999
09/14/2023,89.6075
09/15/2023,90.47999999999999
09/16/2023,87.96
09/17/2023,87.96
09/18/2023,91.46000000000001
09/19/2023,92.0625
09/20/2023,89.89666666666666
09/21/2023,89.55250000000001
09/22/2023,90.07
09/23/2023,87.96
09/24/2023,87.96
09/25/2023,90.02250000000001
09/26/2023,89.7975
09/27/2023,92.19749999999999
09/28/2023,92.9625
09/29/2023,91.4975
09/30/2023,87.96
10/01/2023,84.65
10/02/2023,89.9875
10/03/2023,88.985
10/04/2023,86.85249999999999
10/05/2023,83.455
10/06/2023,82.495
10/07/2023,84.65
10/08/2023,84.65
10/09/2023,85.75750000000001
10/10/2023,86.075
10/11/2023,84.77
10/12/2023,83.4375
10/13/2023,85.565
10/14/2023,84.65
10/15/2023,84.65
10/16/2023,87.26
10/17/2023,86.7425
10/18/2023,88.2925
10/19/2023,88.24000000000001
10/20/2023,88.48666666666668
10/21/2023,84.65
10/22/2023,84.65
10/23/2023,86.785
10/24/2023,84.7775
10/25/2023,84.1925
10/26/2023,84.18
10/27/2023,84.51
10/28/2023,84.65
10/29/2023,84.65
10/30/2023,83.62
10/31/2023,81.9325
11/01/2023,81.4
11/02/2023,81.615
11/03/2023,81.67
11/04/2023,77.46
11/05/2023,77.46
11/06/2023,81.1925
11/07/2023,79.13000000000001
11/08/2023,76.22999999999999
11/09/2023,75.925
11/10/2023,76.4525
11/11/2023,77.46
11/12/2023,77.46
11/13/2023,77.6
11/14/2023,78.5725
11/15/2023,77.485
11/16/2023,74.55
11/17/2023,74.36999999999999
11/18/2023,77.46
11/19/2023,77.46
11/20/2023,76.92
11/21/2023,77.555
11/22/2023,76.67
11/23/2023,77.46
11/24/2023,76.125
11/25/2023,77.46
11/26/2023,77.46
11/27/2023,75.0925
11/28/2023,75.7725
11/29/2023,77.045
11/30/2023,77.0875
12/01/2023,75.095
12/02/2023,71.01
12/03/2023,71.01
12/04/2023,73.8125
12/05/2023,72.925
12/06/2023,70.7875
12/07/2023,69.50250000000001
12/08/2023,70.5125
12/09/2023,71.01
12/10/2023,71.01
12/11/2023,71.18
12/12/2023,70.0375
12/13/2023,68.9525
12/14/2023,70.83
12/15/2023,71.52250000000001
12/16/2023,71.01
12/17/2023,71.01
12/18/2023,72.27000000000001
12/19/2023,73.51333333333334
12/20/2023,74.35000000000001
12/21/2023,73.6875
12/22/2023,73.9525
12/23/2023,71.01
12/24/2023,71.01
12/25/2023,71.01
12/26/2023,74.61749999999999
12/27/2023,74.7475
12/28/2023,72.9325
12/29/2023,71.91499999999999
12/30/2023,71.01
12/31/2023,71.01
01/01/2024,72.26
01/02/2024,71.445
01/03/2024,71.44500000000001
01/04/2024,72.585
01/05/2024,73.16
01/06/2024,72.26
01/07/2024,72.26
01/08/2024,72.1475
01/09/2024,71.62750000000001
01/10/2024,72.05
01/11/2024,72.1125
01/12/2024,73.31750000000001
01/13/2024,72.26
01/14/2024,72.26
01/15/2024,72.26
01/16/2024,72.465
01/17/2024,72.0025
01/18/2024,73.3625
01/19/2024,73.8325
01/20/2024,72.26
01/21/2024,72.26
01/22/2024,74.09
01/23/2024,74.4225
01/24/2024,74.845
01/25/2024,76.345
01/26/2024,77.36500000000001
01/27/2024,72.26
01/28/2024,72.26
01/29/2024,77.8425
01/30/2024,77.22
01/31/2024,76.8275
02/01/2024,75.10499999999999
02/02/2024,73.1275
02/03/2024,74.96
02/04/2024,74.96
02/05/2024,72.555
02/06/2024,73.07
02/07/2024,73.6975
02/08/2024,74.045
02/09/2024,76.63000000000001
02/10/2024,74.96
02/11/2024,74.96
02/12/2024,76.53
02/13/2024,77.55000000000001
02/14/2024,77.3825
02/15/2024,77.2125
02/16/2024,78.5075
02/17/2024,74.96
02/18/2024,74.96
02/19/2024,74.96
02/20/2024,77.66499999999999
02/21/2024,77.3825
02/22/2024,78.2525
02/23/2024,77.4125
02/24/2024,74.96
02/25/2024,74.96
02/26/2024,76.965
02/27/2024,78.17
02/28/2024,78.61000000000001
02/29/2024,78.4375
03/01/2024,79.2975
03/02/2024,78.97
03/03/2024,78.97
03/04/2024,79.465
03/05/2024,78.47749999999999
03/06/2024,78.99000000000001
03/07/2024,78.9025
03/08/2024,78.75500000000001
03/09/2024,78.97
03/10/2024,78.97
03/11/2024,77.73
03/12/2024,77.92499999999998
03/13/2024,78.79
03/14/2024,80.49000000000001
03/15/2024,81.0
03/16/2024,78.97
03/17/2024,78.97
03/18/2024,81.9575
03/19/2024,83.1125
03/20/2024,81.58333333333333
03/21/2024,81.1775
03/22/2024,80.8175
03/23/2024,78.97
03/24/2024,78.97
03/25/2024,81.4725
03/26/2024,81.7975
03/27/2024,81.22500000000001
03/28/2024,82.405
03/29/2024,78.97
03/30/2024,78.97
03/31/2024,78.97
04/01/2024,83.4925
04/02/2024,84.6275
04/03/2024,85.47749999999999
04/04/2024,86.02
04/05/2024,86.92999999999999
04/06/2024,83.15
04/07/2024,83.15
04/08/2024,86.185
04/09/2024,85.96249999999999
04/10/2024,85.6175
04/11/2024,85.72750000000002
04/12/2024,86.07249999999999
04/13/2024,83.15
04/14/2024,83.15
04/15/2024,85.4075
04/16/2024,85.4825
04/17/2024,84.02
04/18/2024,82.6725
04/19/2024,83.47000000000001
04/20/2024,83.15
04/21/2024,83.15
04/22/2024,81.6625
04/23/2024,82.4425
04/24/2024,83.08
04/25/2024,83.05
04/26/2024,83.86499999999998
04/27/2024,83.15
04/28/2024,83.15
04/29/2024,83.15
04/30/2024,82.2325
05/01/2024,80.22749999999999
05/02/2024,79.07999999999998
05/03/2024,78.69749999999999
05/04/2024,78.16
05/05/2024,78.16
05/06/2024,78.42750000000001
05/07/2024,78.46000000000001
05/08/2024,78.37
05/09/2024,79.3
05/10/2024,78.9825
05/11/2024,78.16
05/12/2024,78.16
05/13/2024,78.6575
05/14/2024,78.615
05/15/2024,78.16499999999999
05/16/2024,79.0475
05/17/2024,79.6475
05/18/2024,78.16
05/19/2024,78.16
05/20/2024,79.905
05/21/2024,78.155
05/22/2024,77.8625
05/23/2024,77.32
05/24/2024,77.22749999999999
05/25/2024,78.16
05/26/2024,78.16
05/27/2024,78.16
05/28/2024,78.905
05/29/2024,79.77000000000001
05/30/2024,78.5475
05/31/2024,77.53999999999999
06/01/2024,77.45
06/02/2024,77.45
06/03/2024,75.7125
06/04/2024,73.4675
06/05/2024,73.5225
06/06/2024,74.92999999999999
06/07/2024,75.66749999999999
06/08/2024,77.45
06/09/2024,77.45
06/10/2024,76.635
06/11/2024,77.93
06/12/2024,78.4675
06/13/2024,78.3775
06/14/2024,78.345
06/15/2024,77.45
06/16/2024,77.45
06/17/2024,79.4375
06/18/2024,80.945
06/19/2024,77.45
06/20/2024,81.03666666666668
06/21/2024,81.04250000000002
06/22/2024,77.45
06/23/2024,77.45
06/24/2024,81.04249999999999
06/25/2024,81.2625
06/26/2024,80.86
06/27/2024,81.3
06/28/2024,81.77
06/29/2024,77.45
06/30/2024,77.45
07/01/2024,82.425
07/02/2024,83.3425
07/03/2024,83.36
07/04/2024,79.07
07/05/2024,83.57499999999999
07/06/2024,79.07
07/07/2024,79.07
07/08/2024,82.785
07/09/2024,81.845
07/10/2024,81.83000000000001
07/11/2024,82.445
07/12/2024,82.7175
07/13/2024,79.07
07/14/2024,79.07
07/15/2024,82.03999999999999
07/16/2024,81.1875
07/17/2024,81.7975
07/18/2024,82.9525
07/19/2024,81.255
07/20/2024,79.07
07/21/2024,79.07
07/22/2024,78.465
07/23/2024,77.595
07/24/2024,77.5625
07/25/2024,77.57
07/26/2024,77.5575
07/27/2024,79.07
07/28/2024,79.07
07/29/2024,76.5275
07/30/2024,75.3125
07/31/2024,76.76
08/01/2024,77.535
08/02/2024,75.1825
08/03/2024,74.97
08/04/2024,74.97
08/05/2024,73.305
08/06/2024,73.475
08/07/2024,74.1525
08/08/2024,75.70749999999998
08/09/2024,76.43
08/10/2024,74.97
08/11/2024,74.97
08/12/2024,78.4725
08/13/2024,79.0775
08/14/2024,77.88999999999999
08/15/2024,77.785
08/16/2024,77.0875
08/17/2024,74.97
08/18/2024,74.97
08/19/2024,75.4225
08/20/2024,73.36333333333334
08/21/2024,72.655
08/22/2024,72.5825
08/23/2024,73.92750000000001
08/24/2024,74.97
08/25/2024,74.97
08/26/2024,76.27250000000001
08/27/2024,76.3675
08/28/2024,75.00999999999999
08/29/2024,75.305
08/30/2024,74.88
08/31/2024,74.97
09/01/2024,68.7
09/02/2024,68.7
09/03/2024,72.1225
09/04/2024,69.925
09/05/2024,69.5075
09/06/2024,68.58
09/07/2024,68.7
09/08/2024,68.7
09/09/2024,68.285
09/10/2024,67.2075
09/11/2024,66.7875
09/12/2024,68.3475
09/13/2024,69.1725
09/14/2024,68.7
09/15/2024,68.7
09/16/2024,69.66
09/17/2024,70.8125
09/18/2024,69.97749999999999
09/19/2024,70.22749999999999
09/20/2024,70.985
09/21/2024,68.7
09/22/2024,68.7
09/23/2024,70.7425
09/24/2024,71.2775
09/25/2024,70.565
09/26/2024,68.615
09/27/2024,67.84
09/28/2024,68.7
09/29/2024,68.7
09/30/2024,68.4475
10/01/2024,69.095
10/02/2024,70.81
10/03/2024,72.33500000000001
10/04/2024,74.30499999999999
10/05/2024,70.39
10/06/2024,70.39
10/07/2024,75.68
10/08/2024,75.515
10/09/2024,73.27250000000001
10/10/2024,74.68249999999999
10/11/2024,75.45750000000001
10/12/2024,70.39
10/13/2024,70.39
10/14/2024,74.0575
10/15/2024,71.07249999999999
10/16/2024,70.59
10/17/2024,70.47
10/18/2024,69.9675
10/19/2024,70.39
10/20/2024,70.39
10/21/2024,69.96
10/22/2024,71.06333333333332
10/23/2024,70.97749999999999
10/24/2024,70.8275
10/25/2024,71.0025
10/26/2024,70.39
10/27/2024,70.39
10/28/2024,68.3925
10/29/2024,67.60999999999999
10/30/2024,68.14
10/31/2024,69.36
11/01/2024,70.195
11/02/2024,68.19
11/03/2024,68.19
11/04/2024,70.83
11/05/2024,71.91250000000001
11/06/2024,71.50999999999999
11/07/2024,71.94749999999999
11/08/2024,71.2225
11/09/2024,68.19
11/10/2024,68.19
11/11/2024,69.2125
11/12/2024,68.295
11/13/2024,68.0575
11/14/2024,68.5175
11/15/2024,67.8025
11/16/2024,68.19
11/17/2024,68.19
11/18/2024,67.7775
11/19/2024,69.10750000000002
11/20/2024,69.11666666666666
11/21/2024,69.5975
11/22/2024,70.53750000000001
11/23/2024,68.19
11/24/2024,68.19
11/25/2024,70.1175
11/26/2024,69.01
11/27/2024,68.805
11/28/2024,68.19
11/29/2024,68.5775
11/30/2024,68.19
12/01/2024,68.12
12/02/2024,68.275
12/03/2024,69.055
12/04/2024,69.385
12/05/2024,68.5425
12/06/2024,67.785
12/07/2024,68.12
12/08/2024,68.12
12/09/2024,67.8725
12/10/2024,68.39500000000001
12/11/2024,69.42000000000002
12/12/2024,70.085
12/13/2024,70.64750000000001
12/14/2024,68.12
12/15/2024,68.12
12/16/2024,70.94749999999999
12/17/2024,70.2175
12/18/2024,70.5475
12/19/2024,69.68333333333332
12/20/2024,69.2525
12/21/2024,68.12
12/22/2024,68.12
12/23/2024,69.29249999999999
12/24/2024,69.8725
12/25/2024,68.12
12/26/2024,70.0075
12/27/2024,70.11
12/28/2024,68.12
12/29/2024,68.12
12/30/2024,70.745
12/31/2024,71.435
01/01/2025,73.08
01/02/2025,72.6325
01/03/2025,73.61749999999999
01/04/2025,73.08
01/05/2025,73.08
01/06/2025,73.95
01/07/2025,73.8575
01/08/2025,74.07
01/09/2025,73.60749999999999
01/10/2025,75.68249999999999
01/11/2025,73.08
01/12/2025,73.08
01/13/2025,77.795
01/14/2025,78.2
01/15/2025,78.99
01/16/2025,79.3725
01/17/2025,78.44500000000001
01/18/2025,73.08
01/19/2025,73.08
01/20/2025,73.08
01/21/2025,76.57
01/22/2025,75.76499999999999
01/23/2025,75.045
01/24/2025,74.57
01/25/2025,73.08
01/26/2025,73.08
01/27/2025,73.81
01/28/2025,73.485
01/29/2025,73.24499999999999
01/30/2025,72.89500000000001
01/31/2025,72.905
02/01/2025,71.53
02/02/2025,71.53
02/03/2025,73.6525
02/04/2025,72.28
02/05/2025,71.94
02/06/2025,70.9975
02/07/2025,70.875
02/08/2025,71.53
02/09/2025,71.53
02/10/2025,71.6675
02/11/2025,72.955
02/12/2025,72.265
02/13/2025,71.095
02/14/2025,71.2025
02/15/2025,71.53
02/16/2025,71.53
02/17/2025,71.53
02/18/2025,71.1625
02/19/2025,72.155
02/20/2025,72.81
02/21/2025,71.49000000000001
02/22/2025,71.53
02/23/2025,71.53
02/24/2025,70.2025
02/25/2025,69.9475
02/26/2025,68.84500000000001
02/27/2025,69.565
02/28/2025,69.83500000000001
03/01/2025,68.24
03/02/2025,68.24
03/03/2025,69.205
03/04/2025,68.015
03/05/2025,66.9125
03/06/2025,66.3575
03/07/2025,66.89750000000001
03/08/2025,68.24
03/09/2025,68.24
03/10/2025,66.63250000000001
03/11/2025,66.155
03/12/2025,67.08250000000001
03/13/2025,67.1525
03/14/2025,67.0125
03/15/2025,68.24
03/16/2025,68.24
03/17/2025,67.625
03/18/2025,67.4125
03/19/2025,66.8825
03/20/2025,67.70333333333333
03/21/2025,68.2425
03/22/2025,68.24
03/23/2025,68.24
03/24/2025,68.6875
03/25/2025,69.0925
03/26/2025,69.52250000000001
03/27/2025,69.74000000000001
03/28/2025,69.55
03/29/2025,68.24
03/30/2025,68.24
03/31/2025,70.39
04/01/2025,71.4325
04/02/2025,71.435
04/03/2025,68.45
04/04/2025,63.9975
04/05/2025,61.53
04/06/2025,61.53
04/07/2025,61.197500000000005
04/08/2025,60.045
04/09/2025,59.655
04/10/2025,60.196666666666665
04/11/2025,60.7325
04/12/2025,61.53
04/13/2025,61.53
04/14/2025,61.6225
04/15/2025,61.457499999999996
04/16/2025,61.8775
04/17/2025,63.6775
04/18/2025,61.53
04/19/2025,61.53
04/20/2025,61.53
04/21/2025,63.7
04/22/2025,64.02000000000001
