date,Composite Consumer Price Index,Consumer Price Index (A),Consumer Price Index (B),Consumer Price Index (C)
4/4/2019,99.1,99.5,98.8,99
5/4/2019,99.1,99.5,98.8,99
6/4/2019,99.1,99.5,98.8,99
7/4/2019,99.1,99.5,98.8,99
8/4/2019,99.1,99.5,98.8,99
9/4/2019,99.1,99.5,98.8,99
10/4/2019,99.1,99.5,98.8,99
11/4/2019,99.1,99.5,98.8,99
12/4/2019,99.1,99.5,98.8,99
13/4/2019,99.1,99.5,98.8,99
14/4/2019,99.1,99.5,98.8,99
15/4/2019,99.1,99.5,98.8,99
16/4/2019,99.1,99.5,98.8,99
17/4/2019,99.1,99.5,98.8,99
18/4/2019,99.1,99.5,98.8,99
19/4/2019,99.1,99.5,98.8,99
20/4/2019,99.1,99.5,98.8,99
21/4/2019,99.1,99.5,98.8,99
22/4/2019,99.1,99.5,98.8,99
23/4/2019,99.1,99.5,98.8,99
24/4/2019,99.1,99.5,98.8,99
25/4/2019,99.1,99.5,98.8,99
26/4/2019,99.1,99.5,98.8,99
27/4/2019,99.1,99.5,98.8,99
28/4/2019,99.1,99.5,98.8,99
29/4/2019,99.1,99.5,98.8,99
30/4/2019,99.1,99.5,98.8,99
1/5/2019,99,99.6,98.7,98.7
2/5/2019,99,99.6,98.7,98.7
3/5/2019,99,99.6,98.7,98.7
4/5/2019,99,99.6,98.7,98.7
5/5/2019,99,99.6,98.7,98.7
6/5/2019,99,99.6,98.7,98.7
7/5/2019,99,99.6,98.7,98.7
8/5/2019,99,99.6,98.7,98.7
9/5/2019,99,99.6,98.7,98.7
10/5/2019,99,99.6,98.7,98.7
11/5/2019,99,99.6,98.7,98.7
12/5/2019,99,99.6,98.7,98.7
13/5/2019,99,99.6,98.7,98.7
14/5/2019,99,99.6,98.7,98.7
15/5/2019,99,99.6,98.7,98.7
16/5/2019,99,99.6,98.7,98.7
17/5/2019,99,99.6,98.7,98.7
18/5/2019,99,99.6,98.7,98.7
19/5/2019,99,99.6,98.7,98.7
20/5/2019,99,99.6,98.7,98.7
21/5/2019,99,99.6,98.7,98.7
22/5/2019,99,99.6,98.7,98.7
23/5/2019,99,99.6,98.7,98.7
24/5/2019,99,99.6,98.7,98.7
25/5/2019,99,99.6,98.7,98.7
26/5/2019,99,99.6,98.7,98.7
27/5/2019,99,99.6,98.7,98.7
28/5/2019,99,99.6,98.7,98.7
29/5/2019,99,99.6,98.7,98.7
30/5/2019,99,99.6,98.7,98.7
31/5/2019,99,99.6,98.7,98.7
1/6/2019,99.7,100.7,99.3,99.1
2/6/2019,99.7,100.7,99.3,99.1
3/6/2019,99.7,100.7,99.3,99.1
4/6/2019,99.7,100.7,99.3,99.1
5/6/2019,99.7,100.7,99.3,99.1
6/6/2019,99.7,100.7,99.3,99.1
7/6/2019,99.7,100.7,99.3,99.1
8/6/2019,99.7,100.7,99.3,99.1
9/6/2019,99.7,100.7,99.3,99.1
10/6/2019,99.7,100.7,99.3,99.1
11/6/2019,99.7,100.7,99.3,99.1
12/6/2019,99.7,100.7,99.3,99.1
13/6/2019,99.7,100.7,99.3,99.1
14/6/2019,99.7,100.7,99.3,99.1
15/6/2019,99.7,100.7,99.3,99.1
16/6/2019,99.7,100.7,99.3,99.1
17/6/2019,99.7,100.7,99.3,99.1
18/6/2019,99.7,100.7,99.3,99.1
19/6/2019,99.7,100.7,99.3,99.1
20/6/2019,99.7,100.7,99.3,99.1
21/6/2019,99.7,100.7,99.3,99.1
22/6/2019,99.7,100.7,99.3,99.1
23/6/2019,99.7,100.7,99.3,99.1
24/6/2019,99.7,100.7,99.3,99.1
25/6/2019,99.7,100.7,99.3,99.1
26/6/2019,99.7,100.7,99.3,99.1
27/6/2019,99.7,100.7,99.3,99.1
28/6/2019,99.7,100.7,99.3,99.1
29/6/2019,99.7,100.7,99.3,99.1
30/6/2019,99.7,100.7,99.3,99.1
1/7/2019,100.1,101,99.7,99.7
2/7/2019,100.1,101,99.7,99.7
3/7/2019,100.1,101,99.7,99.7
4/7/2019,100.1,101,99.7,99.7
5/7/2019,100.1,101,99.7,99.7
6/7/2019,100.1,101,99.7,99.7
7/7/2019,100.1,101,99.7,99.7
8/7/2019,100.1,101,99.7,99.7
9/7/2019,100.1,101,99.7,99.7
10/7/2019,100.1,101,99.7,99.7
11/7/2019,100.1,101,99.7,99.7
12/7/2019,100.1,101,99.7,99.7
13/7/2019,100.1,101,99.7,99.7
14/7/2019,100.1,101,99.7,99.7
15/7/2019,100.1,101,99.7,99.7
16/7/2019,100.1,101,99.7,99.7
17/7/2019,100.1,101,99.7,99.7
18/7/2019,100.1,101,99.7,99.7
19/7/2019,100.1,101,99.7,99.7
20/7/2019,100.1,101,99.7,99.7
21/7/2019,100.1,101,99.7,99.7
22/7/2019,100.1,101,99.7,99.7
23/7/2019,100.1,101,99.7,99.7
24/7/2019,100.1,101,99.7,99.7
25/7/2019,100.1,101,99.7,99.7
26/7/2019,100.1,101,99.7,99.7
27/7/2019,100.1,101,99.7,99.7
28/7/2019,100.1,101,99.7,99.7
29/7/2019,100.1,101,99.7,99.7
30/7/2019,100.1,101,99.7,99.7
31/7/2019,100.1,101,99.7,99.7
1/8/2019,100.3,101.2,99.9,99.8
2/8/2019,100.3,101.2,99.9,99.8
3/8/2019,100.3,101.2,99.9,99.8
4/8/2019,100.3,101.2,99.9,99.8
5/8/2019,100.3,101.2,99.9,99.8
6/8/2019,100.3,101.2,99.9,99.8
7/8/2019,100.3,101.2,99.9,99.8
8/8/2019,100.3,101.2,99.9,99.8
9/8/2019,100.3,101.2,99.9,99.8
10/8/2019,100.3,101.2,99.9,99.8
11/8/2019,100.3,101.2,99.9,99.8
12/8/2019,100.3,101.2,99.9,99.8
13/8/2019,100.3,101.2,99.9,99.8
14/8/2019,100.3,101.2,99.9,99.8
15/8/2019,100.3,101.2,99.9,99.8
16/8/2019,100.3,101.2,99.9,99.8
17/8/2019,100.3,101.2,99.9,99.8
18/8/2019,100.3,101.2,99.9,99.8
19/8/2019,100.3,101.2,99.9,99.8
20/8/2019,100.3,101.2,99.9,99.8
21/8/2019,100.3,101.2,99.9,99.8
22/8/2019,100.3,101.2,99.9,99.8
23/8/2019,100.3,101.2,99.9,99.8
24/8/2019,100.3,101.2,99.9,99.8
25/8/2019,100.3,101.2,99.9,99.8
26/8/2019,100.3,101.2,99.9,99.8
27/8/2019,100.3,101.2,99.9,99.8
28/8/2019,100.3,101.2,99.9,99.8
29/8/2019,100.3,101.2,99.9,99.8
30/8/2019,100.3,101.2,99.9,99.8
31/8/2019,100.3,101.2,99.9,99.8
1/9/2019,100.3,101.3,99.8,99.7
2/9/2019,100.3,101.3,99.8,99.7
3/9/2019,100.3,101.3,99.8,99.7
4/9/2019,100.3,101.3,99.8,99.7
5/9/2019,100.3,101.3,99.8,99.7
6/9/2019,100.3,101.3,99.8,99.7
7/9/2019,100.3,101.3,99.8,99.7
8/9/2019,100.3,101.3,99.8,99.7
9/9/2019,100.3,101.3,99.8,99.7
10/9/2019,100.3,101.3,99.8,99.7
11/9/2019,100.3,101.3,99.8,99.7
12/9/2019,100.3,101.3,99.8,99.7
13/9/2019,100.3,101.3,99.8,99.7
14/9/2019,100.3,101.3,99.8,99.7
15/9/2019,100.3,101.3,99.8,99.7
16/9/2019,100.3,101.3,99.8,99.7
17/9/2019,100.3,101.3,99.8,99.7
18/9/2019,100.3,101.3,99.8,99.7
19/9/2019,100.3,101.3,99.8,99.7
20/9/2019,100.3,101.3,99.8,99.7
21/9/2019,100.3,101.3,99.8,99.7
22/9/2019,100.3,101.3,99.8,99.7
23/9/2019,100.3,101.3,99.8,99.7
24/9/2019,100.3,101.3,99.8,99.7
25/9/2019,100.3,101.3,99.8,99.7
26/9/2019,100.3,101.3,99.8,99.7
27/9/2019,100.3,101.3,99.8,99.7
28/9/2019,100.3,101.3,99.8,99.7
29/9/2019,100.3,101.3,99.8,99.7
30/9/2019,100.3,101.3,99.8,99.7
1/10/2019,100.6,101.8,100.1,99.9
2/10/2019,100.6,101.8,100.1,99.9
3/10/2019,100.6,101.8,100.1,99.9
4/10/2019,100.6,101.8,100.1,99.9
5/10/2019,100.6,101.8,100.1,99.9
6/10/2019,100.6,101.8,100.1,99.9
7/10/2019,100.6,101.8,100.1,99.9
8/10/2019,100.6,101.8,100.1,99.9
9/10/2019,100.6,101.8,100.1,99.9
10/10/2019,100.6,101.8,100.1,99.9
11/10/2019,100.6,101.8,100.1,99.9
12/10/2019,100.6,101.8,100.1,99.9
13/10/2019,100.6,101.8,100.1,99.9
14/10/2019,100.6,101.8,100.1,99.9
15/10/2019,100.6,101.8,100.1,99.9
16/10/2019,100.6,101.8,100.1,99.9
17/10/2019,100.6,101.8,100.1,99.9
18/10/2019,100.6,101.8,100.1,99.9
19/10/2019,100.6,101.8,100.1,99.9
20/10/2019,100.6,101.8,100.1,99.9
21/10/2019,100.6,101.8,100.1,99.9
22/10/2019,100.6,101.8,100.1,99.9
23/10/2019,100.6,101.8,100.1,99.9
24/10/2019,100.6,101.8,100.1,99.9
25/10/2019,100.6,101.8,100.1,99.9
26/10/2019,100.6,101.8,100.1,99.9
27/10/2019,100.6,101.8,100.1,99.9
28/10/2019,100.6,101.8,100.1,99.9
29/10/2019,100.6,101.8,100.1,99.9
30/10/2019,100.6,101.8,100.1,99.9
31/10/2019,100.6,101.8,100.1,99.9
1/11/2019,100.7,101.8,100.2,99.9
2/11/2019,100.7,101.8,100.2,99.9
3/11/2019,100.7,101.8,100.2,99.9
4/11/2019,100.7,101.8,100.2,99.9
5/11/2019,100.7,101.8,100.2,99.9
6/11/2019,100.7,101.8,100.2,99.9
7/11/2019,100.7,101.8,100.2,99.9
8/11/2019,100.7,101.8,100.2,99.9
9/11/2019,100.7,101.8,100.2,99.9
10/11/2019,100.7,101.8,100.2,99.9
11/11/2019,100.7,101.8,100.2,99.9
12/11/2019,100.7,101.8,100.2,99.9
13/11/2019,100.7,101.8,100.2,99.9
14/11/2019,100.7,101.8,100.2,99.9
15/11/2019,100.7,101.8,100.2,99.9
16/11/2019,100.7,101.8,100.2,99.9
17/11/2019,100.7,101.8,100.2,99.9
18/11/2019,100.7,101.8,100.2,99.9
19/11/2019,100.7,101.8,100.2,99.9
20/11/2019,100.7,101.8,100.2,99.9
21/11/2019,100.7,101.8,100.2,99.9
22/11/2019,100.7,101.8,100.2,99.9
23/11/2019,100.7,101.8,100.2,99.9
24/11/2019,100.7,101.8,100.2,99.9
25/11/2019,100.7,101.8,100.2,99.9
26/11/2019,100.7,101.8,100.2,99.9
27/11/2019,100.7,101.8,100.2,99.9
28/11/2019,100.7,101.8,100.2,99.9
29/11/2019,100.7,101.8,100.2,99.9
30/11/2019,100.7,101.8,100.2,99.9
1/12/2019,100.7,101.9,100.2,100
2/12/2019,100.7,101.9,100.2,100
3/12/2019,100.7,101.9,100.2,100
4/12/2019,100.7,101.9,100.2,100
5/12/2019,100.7,101.9,100.2,100
6/12/2019,100.7,101.9,100.2,100
7/12/2019,100.7,101.9,100.2,100
8/12/2019,100.7,101.9,100.2,100
9/12/2019,100.7,101.9,100.2,100
10/12/2019,100.7,101.9,100.2,100
11/12/2019,100.7,101.9,100.2,100
12/12/2019,100.7,101.9,100.2,100
13/12/2019,100.7,101.9,100.2,100
14/12/2019,100.7,101.9,100.2,100
15/12/2019,100.7,101.9,100.2,100
16/12/2019,100.7,101.9,100.2,100
17/12/2019,100.7,101.9,100.2,100
18/12/2019,100.7,101.9,100.2,100
19/12/2019,100.7,101.9,100.2,100
20/12/2019,100.7,101.9,100.2,100
21/12/2019,100.7,101.9,100.2,100
22/12/2019,100.7,101.9,100.2,100
23/12/2019,100.7,101.9,100.2,100
24/12/2019,100.7,101.9,100.2,100
25/12/2019,100.7,101.9,100.2,100
26/12/2019,100.7,101.9,100.2,100
27/12/2019,100.7,101.9,100.2,100
28/12/2019,100.7,101.9,100.2,100
29/12/2019,100.7,101.9,100.2,100
30/12/2019,100.7,101.9,100.2,100
31/12/2019,100.7,101.9,100.2,100
1/1/2020,98.5,95.6,99.7,100.3
2/1/2020,98.5,95.6,99.7,100.3
3/1/2020,98.5,95.6,99.7,100.3
4/1/2020,98.5,95.6,99.7,100.3
5/1/2020,98.5,95.6,99.7,100.3
6/1/2020,98.5,95.6,99.7,100.3
7/1/2020,98.5,95.6,99.7,100.3
8/1/2020,98.5,95.6,99.7,100.3
9/1/2020,98.5,95.6,99.7,100.3
10/1/2020,98.5,95.6,99.7,100.3
11/1/2020,98.5,95.6,99.7,100.3
12/1/2020,98.5,95.6,99.7,100.3
13/1/2020,98.5,95.6,99.7,100.3
14/1/2020,98.5,95.6,99.7,100.3
15/1/2020,98.5,95.6,99.7,100.3
16/1/2020,98.5,95.6,99.7,100.3
17/1/2020,98.5,95.6,99.7,100.3
18/1/2020,98.5,95.6,99.7,100.3
19/1/2020,98.5,95.6,99.7,100.3
20/1/2020,98.5,95.6,99.7,100.3
21/1/2020,98.5,95.6,99.7,100.3
22/1/2020,98.5,95.6,99.7,100.3
23/1/2020,98.5,95.6,99.7,100.3
24/1/2020,98.5,95.6,99.7,100.3
25/1/2020,98.5,95.6,99.7,100.3
26/1/2020,98.5,95.6,99.7,100.3
27/1/2020,98.5,95.6,99.7,100.3
28/1/2020,98.5,95.6,99.7,100.3
29/1/2020,98.5,95.6,99.7,100.3
30/1/2020,98.5,95.6,99.7,100.3
31/1/2020,98.5,95.6,99.7,100.3
1/2/2020,101,101.9,100.6,100.3
2/2/2020,101,101.9,100.6,100.3
3/2/2020,101,101.9,100.6,100.3
4/2/2020,101,101.9,100.6,100.3
5/2/2020,101,101.9,100.6,100.3
6/2/2020,101,101.9,100.6,100.3
7/2/2020,101,101.9,100.6,100.3
8/2/2020,101,101.9,100.6,100.3
9/2/2020,101,101.9,100.6,100.3
10/2/2020,101,101.9,100.6,100.3
11/2/2020,101,101.9,100.6,100.3
12/2/2020,101,101.9,100.6,100.3
13/2/2020,101,101.9,100.6,100.3
14/2/2020,101,101.9,100.6,100.3
15/2/2020,101,101.9,100.6,100.3
16/2/2020,101,101.9,100.6,100.3
17/2/2020,101,101.9,100.6,100.3
18/2/2020,101,101.9,100.6,100.3
19/2/2020,101,101.9,100.6,100.3
20/2/2020,101,101.9,100.6,100.3
21/2/2020,101,101.9,100.6,100.3
22/2/2020,101,101.9,100.6,100.3
23/2/2020,101,101.9,100.6,100.3
24/2/2020,101,101.9,100.6,100.3
25/2/2020,101,101.9,100.6,100.3
26/2/2020,101,101.9,100.6,100.3
27/2/2020,101,101.9,100.6,100.3
28/2/2020,101,101.9,100.6,100.3
29/2/2020,101,101.9,100.6,100.3
1/3/2020,100.9,101.8,100.6,100.3
2/3/2020,100.9,101.8,100.6,100.3
3/3/2020,100.9,101.8,100.6,100.3
4/3/2020,100.9,101.8,100.6,100.3
5/3/2020,100.9,101.8,100.6,100.3
6/3/2020,100.9,101.8,100.6,100.3
7/3/2020,100.9,101.8,100.6,100.3
8/3/2020,100.9,101.8,100.6,100.3
9/3/2020,100.9,101.8,100.6,100.3
10/3/2020,100.9,101.8,100.6,100.3
11/3/2020,100.9,101.8,100.6,100.3
12/3/2020,100.9,101.8,100.6,100.3
13/3/2020,100.9,101.8,100.6,100.3
14/3/2020,100.9,101.8,100.6,100.3
15/3/2020,100.9,101.8,100.6,100.3
16/3/2020,100.9,101.8,100.6,100.3
17/3/2020,100.9,101.8,100.6,100.3
18/3/2020,100.9,101.8,100.6,100.3
19/3/2020,100.9,101.8,100.6,100.3
20/3/2020,100.9,101.8,100.6,100.3
21/3/2020,100.9,101.8,100.6,100.3
22/3/2020,100.9,101.8,100.6,100.3
23/3/2020,100.9,101.8,100.6,100.3
24/3/2020,100.9,101.8,100.6,100.3
25/3/2020,100.9,101.8,100.6,100.3
26/3/2020,100.9,101.8,100.6,100.3
27/3/2020,100.9,101.8,100.6,100.3
28/3/2020,100.9,101.8,100.6,100.3
29/3/2020,100.9,101.8,100.6,100.3
30/3/2020,100.9,101.8,100.6,100.3
31/3/2020,100.9,101.8,100.6,100.3
1/4/2020,101,101.8,100.6,100.4
2/4/2020,101,101.8,100.6,100.4
3/4/2020,101,101.8,100.6,100.4
4/4/2020,101,101.8,100.6,100.4
5/4/2020,101,101.8,100.6,100.4
6/4/2020,101,101.8,100.6,100.4
7/4/2020,101,101.8,100.6,100.4
8/4/2020,101,101.8,100.6,100.4
9/4/2020,101,101.8,100.6,100.4
10/4/2020,101,101.8,100.6,100.4
11/4/2020,101,101.8,100.6,100.4
12/4/2020,101,101.8,100.6,100.4
13/4/2020,101,101.8,100.6,100.4
14/4/2020,101,101.8,100.6,100.4
15/4/2020,101,101.8,100.6,100.4
16/4/2020,101,101.8,100.6,100.4
17/4/2020,101,101.8,100.6,100.4
18/4/2020,101,101.8,100.6,100.4
19/4/2020,101,101.8,100.6,100.4
20/4/2020,101,101.8,100.6,100.4
21/4/2020,101,101.8,100.6,100.4
22/4/2020,101,101.8,100.6,100.4
23/4/2020,101,101.8,100.6,100.4
24/4/2020,101,101.8,100.6,100.4
25/4/2020,101,101.8,100.6,100.4
26/4/2020,101,101.8,100.6,100.4
27/4/2020,101,101.8,100.6,100.4
28/4/2020,101,101.8,100.6,100.4
29/4/2020,101,101.8,100.6,100.4
30/4/2020,101,101.8,100.6,100.4
1/5/2020,100.7,101.5,100.3,100.2
2/5/2020,100.7,101.5,100.3,100.2
3/5/2020,100.7,101.5,100.3,100.2
4/5/2020,100.7,101.5,100.3,100.2
5/5/2020,100.7,101.5,100.3,100.2
6/5/2020,100.7,101.5,100.3,100.2
7/5/2020,100.7,101.5,100.3,100.2
8/5/2020,100.7,101.5,100.3,100.2
9/5/2020,100.7,101.5,100.3,100.2
10/5/2020,100.7,101.5,100.3,100.2
11/5/2020,100.7,101.5,100.3,100.2
12/5/2020,100.7,101.5,100.3,100.2
13/5/2020,100.7,101.5,100.3,100.2
14/5/2020,100.7,101.5,100.3,100.2
15/5/2020,100.7,101.5,100.3,100.2
16/5/2020,100.7,101.5,100.3,100.2
17/5/2020,100.7,101.5,100.3,100.2
18/5/2020,100.7,101.5,100.3,100.2
19/5/2020,100.7,101.5,100.3,100.2
20/5/2020,100.7,101.5,100.3,100.2
21/5/2020,100.7,101.5,100.3,100.2
22/5/2020,100.7,101.5,100.3,100.2
23/5/2020,100.7,101.5,100.3,100.2
24/5/2020,100.7,101.5,100.3,100.2
25/5/2020,100.7,101.5,100.3,100.2
26/5/2020,100.7,101.5,100.3,100.2
27/5/2020,100.7,101.5,100.3,100.2
28/5/2020,100.7,101.5,100.3,100.2
29/5/2020,100.7,101.5,100.3,100.2
30/5/2020,100.7,101.5,100.3,100.2
31/5/2020,100.7,101.5,100.3,100.2
1/6/2020,100.6,101.4,100.3,100
2/6/2020,100.6,101.4,100.3,100
3/6/2020,100.6,101.4,100.3,100
4/6/2020,100.6,101.4,100.3,100
5/6/2020,100.6,101.4,100.3,100
6/6/2020,100.6,101.4,100.3,100
7/6/2020,100.6,101.4,100.3,100
8/6/2020,100.6,101.4,100.3,100
9/6/2020,100.6,101.4,100.3,100
10/6/2020,100.6,101.4,100.3,100
11/6/2020,100.6,101.4,100.3,100
12/6/2020,100.6,101.4,100.3,100
13/6/2020,100.6,101.4,100.3,100
14/6/2020,100.6,101.4,100.3,100
15/6/2020,100.6,101.4,100.3,100
16/6/2020,100.6,101.4,100.3,100
17/6/2020,100.6,101.4,100.3,100
18/6/2020,100.6,101.4,100.3,100
19/6/2020,100.6,101.4,100.3,100
20/6/2020,100.6,101.4,100.3,100
21/6/2020,100.6,101.4,100.3,100
22/6/2020,100.6,101.4,100.3,100
23/6/2020,100.6,101.4,100.3,100
24/6/2020,100.6,101.4,100.3,100
25/6/2020,100.6,101.4,100.3,100
26/6/2020,100.6,101.4,100.3,100
27/6/2020,100.6,101.4,100.3,100
28/6/2020,100.6,101.4,100.3,100
29/6/2020,100.6,101.4,100.3,100
30/6/2020,100.6,101.4,100.3,100
1/7/2020,97.7,94.8,98.9,99.5
2/7/2020,97.7,94.8,98.9,99.5
3/7/2020,97.7,94.8,98.9,99.5
4/7/2020,97.7,94.8,98.9,99.5
5/7/2020,97.7,94.8,98.9,99.5
6/7/2020,97.7,94.8,98.9,99.5
7/7/2020,97.7,94.8,98.9,99.5
8/7/2020,97.7,94.8,98.9,99.5
9/7/2020,97.7,94.8,98.9,99.5
10/7/2020,97.7,94.8,98.9,99.5
11/7/2020,97.7,94.8,98.9,99.5
12/7/2020,97.7,94.8,98.9,99.5
13/7/2020,97.7,94.8,98.9,99.5
14/7/2020,97.7,94.8,98.9,99.5
15/7/2020,97.7,94.8,98.9,99.5
16/7/2020,97.7,94.8,98.9,99.5
17/7/2020,97.7,94.8,98.9,99.5
18/7/2020,97.7,94.8,98.9,99.5
19/7/2020,97.7,94.8,98.9,99.5
20/7/2020,97.7,94.8,98.9,99.5
21/7/2020,97.7,94.8,98.9,99.5
22/7/2020,97.7,94.8,98.9,99.5
23/7/2020,97.7,94.8,98.9,99.5
24/7/2020,97.7,94.8,98.9,99.5
25/7/2020,97.7,94.8,98.9,99.5
26/7/2020,97.7,94.8,98.9,99.5
27/7/2020,97.7,94.8,98.9,99.5
28/7/2020,97.7,94.8,98.9,99.5
29/7/2020,97.7,94.8,98.9,99.5
30/7/2020,97.7,94.8,98.9,99.5
31/7/2020,97.7,94.8,98.9,99.5
1/8/2020,99.9,100.7,99.5,99.4
2/8/2020,99.9,100.7,99.5,99.4
3/8/2020,99.9,100.7,99.5,99.4
4/8/2020,99.9,100.7,99.5,99.4
5/8/2020,99.9,100.7,99.5,99.4
6/8/2020,99.9,100.7,99.5,99.4
7/8/2020,99.9,100.7,99.5,99.4
8/8/2020,99.9,100.7,99.5,99.4
9/8/2020,99.9,100.7,99.5,99.4
10/8/2020,99.9,100.7,99.5,99.4
11/8/2020,99.9,100.7,99.5,99.4
12/8/2020,99.9,100.7,99.5,99.4
13/8/2020,99.9,100.7,99.5,99.4
14/8/2020,99.9,100.7,99.5,99.4
15/8/2020,99.9,100.7,99.5,99.4
16/8/2020,99.9,100.7,99.5,99.4
17/8/2020,99.9,100.7,99.5,99.4
18/8/2020,99.9,100.7,99.5,99.4
19/8/2020,99.9,100.7,99.5,99.4
20/8/2020,99.9,100.7,99.5,99.4
21/8/2020,99.9,100.7,99.5,99.4
22/8/2020,99.9,100.7,99.5,99.4
23/8/2020,99.9,100.7,99.5,99.4
24/8/2020,99.9,100.7,99.5,99.4
25/8/2020,99.9,100.7,99.5,99.4
26/8/2020,99.9,100.7,99.5,99.4
27/8/2020,99.9,100.7,99.5,99.4
28/8/2020,99.9,100.7,99.5,99.4
29/8/2020,99.9,100.7,99.5,99.4
30/8/2020,99.9,100.7,99.5,99.4
31/8/2020,99.9,100.7,99.5,99.4
1/9/2020,97.8,94.9,99,99.7
2/9/2020,97.8,94.9,99,99.7
3/9/2020,97.8,94.9,99,99.7
4/9/2020,97.8,94.9,99,99.7
5/9/2020,97.8,94.9,99,99.7
6/9/2020,97.8,94.9,99,99.7
7/9/2020,97.8,94.9,99,99.7
8/9/2020,97.8,94.9,99,99.7
9/9/2020,97.8,94.9,99,99.7
10/9/2020,97.8,94.9,99,99.7
11/9/2020,97.8,94.9,99,99.7
12/9/2020,97.8,94.9,99,99.7
13/9/2020,97.8,94.9,99,99.7
14/9/2020,97.8,94.9,99,99.7
15/9/2020,97.8,94.9,99,99.7
16/9/2020,97.8,94.9,99,99.7
17/9/2020,97.8,94.9,99,99.7
18/9/2020,97.8,94.9,99,99.7
19/9/2020,97.8,94.9,99,99.7
20/9/2020,97.8,94.9,99,99.7
21/9/2020,97.8,94.9,99,99.7
22/9/2020,97.8,94.9,99,99.7
23/9/2020,97.8,94.9,99,99.7
24/9/2020,97.8,94.9,99,99.7
25/9/2020,97.8,94.9,99,99.7
26/9/2020,97.8,94.9,99,99.7
27/9/2020,97.8,94.9,99,99.7
28/9/2020,97.8,94.9,99,99.7
29/9/2020,97.8,94.9,99,99.7
30/9/2020,97.8,94.9,99,99.7
1/10/2020,100.2,101.3,99.7,99.7
2/10/2020,100.2,101.3,99.7,99.7
3/10/2020,100.2,101.3,99.7,99.7
4/10/2020,100.2,101.3,99.7,99.7
5/10/2020,100.2,101.3,99.7,99.7
6/10/2020,100.2,101.3,99.7,99.7
7/10/2020,100.2,101.3,99.7,99.7
8/10/2020,100.2,101.3,99.7,99.7
9/10/2020,100.2,101.3,99.7,99.7
10/10/2020,100.2,101.3,99.7,99.7
11/10/2020,100.2,101.3,99.7,99.7
12/10/2020,100.2,101.3,99.7,99.7
13/10/2020,100.2,101.3,99.7,99.7
14/10/2020,100.2,101.3,99.7,99.7
15/10/2020,100.2,101.3,99.7,99.7
16/10/2020,100.2,101.3,99.7,99.7
17/10/2020,100.2,101.3,99.7,99.7
18/10/2020,100.2,101.3,99.7,99.7
19/10/2020,100.2,101.3,99.7,99.7
20/10/2020,100.2,101.3,99.7,99.7
21/10/2020,100.2,101.3,99.7,99.7
22/10/2020,100.2,101.3,99.7,99.7
23/10/2020,100.2,101.3,99.7,99.7
24/10/2020,100.2,101.3,99.7,99.7
25/10/2020,100.2,101.3,99.7,99.7
26/10/2020,100.2,101.3,99.7,99.7
27/10/2020,100.2,101.3,99.7,99.7
28/10/2020,100.2,101.3,99.7,99.7
29/10/2020,100.2,101.3,99.7,99.7
30/10/2020,100.2,101.3,99.7,99.7
31/10/2020,100.2,101.3,99.7,99.7
1/11/2020,100.3,101.4,99.7,99.8
2/11/2020,100.3,101.4,99.7,99.8
3/11/2020,100.3,101.4,99.7,99.8
4/11/2020,100.3,101.4,99.7,99.8
5/11/2020,100.3,101.4,99.7,99.8
6/11/2020,100.3,101.4,99.7,99.8
7/11/2020,100.3,101.4,99.7,99.8
8/11/2020,100.3,101.4,99.7,99.8
9/11/2020,100.3,101.4,99.7,99.8
10/11/2020,100.3,101.4,99.7,99.8
11/11/2020,100.3,101.4,99.7,99.8
12/11/2020,100.3,101.4,99.7,99.8
13/11/2020,100.3,101.4,99.7,99.8
14/11/2020,100.3,101.4,99.7,99.8
15/11/2020,100.3,101.4,99.7,99.8
16/11/2020,100.3,101.4,99.7,99.8
17/11/2020,100.3,101.4,99.7,99.8
18/11/2020,100.3,101.4,99.7,99.8
19/11/2020,100.3,101.4,99.7,99.8
20/11/2020,100.3,101.4,99.7,99.8
21/11/2020,100.3,101.4,99.7,99.8
22/11/2020,100.3,101.4,99.7,99.8
23/11/2020,100.3,101.4,99.7,99.8
24/11/2020,100.3,101.4,99.7,99.8
25/11/2020,100.3,101.4,99.7,99.8
26/11/2020,100.3,101.4,99.7,99.8
27/11/2020,100.3,101.4,99.7,99.8
28/11/2020,100.3,101.4,99.7,99.8
29/11/2020,100.3,101.4,99.7,99.8
30/11/2020,100.3,101.4,99.7,99.8
1/12/2020,99.8,100.6,99.2,99.5
2/12/2020,99.8,100.6,99.2,99.5
3/12/2020,99.8,100.6,99.2,99.5
4/12/2020,99.8,100.6,99.2,99.5
5/12/2020,99.8,100.6,99.2,99.5
6/12/2020,99.8,100.6,99.2,99.5
7/12/2020,99.8,100.6,99.2,99.5
8/12/2020,99.8,100.6,99.2,99.5
9/12/2020,99.8,100.6,99.2,99.5
10/12/2020,99.8,100.6,99.2,99.5
11/12/2020,99.8,100.6,99.2,99.5
12/12/2020,99.8,100.6,99.2,99.5
13/12/2020,99.8,100.6,99.2,99.5
14/12/2020,99.8,100.6,99.2,99.5
15/12/2020,99.8,100.6,99.2,99.5
16/12/2020,99.8,100.6,99.2,99.5
17/12/2020,99.8,100.6,99.2,99.5
18/12/2020,99.8,100.6,99.2,99.5
19/12/2020,99.8,100.6,99.2,99.5
20/12/2020,99.8,100.6,99.2,99.5
21/12/2020,99.8,100.6,99.2,99.5
22/12/2020,99.8,100.6,99.2,99.5
23/12/2020,99.8,100.6,99.2,99.5
24/12/2020,99.8,100.6,99.2,99.5
25/12/2020,99.8,100.6,99.2,99.5
26/12/2020,99.8,100.6,99.2,99.5
27/12/2020,99.8,100.6,99.2,99.5
28/12/2020,99.8,100.6,99.2,99.5
29/12/2020,99.8,100.6,99.2,99.5
30/12/2020,99.8,100.6,99.2,99.5
31/12/2020,99.8,100.6,99.2,99.5
1/1/2021,101.1,102.8,100.3,100.2
2/1/2021,101.1,102.8,100.3,100.2
3/1/2021,101.1,102.8,100.3,100.2
4/1/2021,101.1,102.8,100.3,100.2
5/1/2021,101.1,102.8,100.3,100.2
6/1/2021,101.1,102.8,100.3,100.2
7/1/2021,101.1,102.8,100.3,100.2
8/1/2021,101.1,102.8,100.3,100.2
9/1/2021,101.1,102.8,100.3,100.2
10/1/2021,101.1,102.8,100.3,100.2
11/1/2021,101.1,102.8,100.3,100.2
12/1/2021,101.1,102.8,100.3,100.2
13/1/2021,101.1,102.8,100.3,100.2
14/1/2021,101.1,102.8,100.3,100.2
15/1/2021,101.1,102.8,100.3,100.2
16/1/2021,101.1,102.8,100.3,100.2
17/1/2021,101.1,102.8,100.3,100.2
18/1/2021,101.1,102.8,100.3,100.2
19/1/2021,101.1,102.8,100.3,100.2
20/1/2021,101.1,102.8,100.3,100.2
21/1/2021,101.1,102.8,100.3,100.2
22/1/2021,101.1,102.8,100.3,100.2
23/1/2021,101.1,102.8,100.3,100.2
24/1/2021,101.1,102.8,100.3,100.2
25/1/2021,101.1,102.8,100.3,100.2
26/1/2021,101.1,102.8,100.3,100.2
27/1/2021,101.1,102.8,100.3,100.2
28/1/2021,101.1,102.8,100.3,100.2
29/1/2021,101.1,102.8,100.3,100.2
30/1/2021,101.1,102.8,100.3,100.2
31/1/2021,101.1,102.8,100.3,100.2
1/2/2021,101.4,103.3,100.7,100.3
2/2/2021,101.4,103.3,100.7,100.3
3/2/2021,101.4,103.3,100.7,100.3
4/2/2021,101.4,103.3,100.7,100.3
5/2/2021,101.4,103.3,100.7,100.3
6/2/2021,101.4,103.3,100.7,100.3
7/2/2021,101.4,103.3,100.7,100.3
8/2/2021,101.4,103.3,100.7,100.3
9/2/2021,101.4,103.3,100.7,100.3
10/2/2021,101.4,103.3,100.7,100.3
11/2/2021,101.4,103.3,100.7,100.3
12/2/2021,101.4,103.3,100.7,100.3
13/2/2021,101.4,103.3,100.7,100.3
14/2/2021,101.4,103.3,100.7,100.3
15/2/2021,101.4,103.3,100.7,100.3
16/2/2021,101.4,103.3,100.7,100.3
17/2/2021,101.4,103.3,100.7,100.3
18/2/2021,101.4,103.3,100.7,100.3
19/2/2021,101.4,103.3,100.7,100.3
20/2/2021,101.4,103.3,100.7,100.3
21/2/2021,101.4,103.3,100.7,100.3
22/2/2021,101.4,103.3,100.7,100.3
23/2/2021,101.4,103.3,100.7,100.3
24/2/2021,101.4,103.3,100.7,100.3
25/2/2021,101.4,103.3,100.7,100.3
26/2/2021,101.4,103.3,100.7,100.3
27/2/2021,101.4,103.3,100.7,100.3
28/2/2021,101.4,103.3,100.7,100.3
1/3/2021,101.5,103.2,100.7,100.5
2/3/2021,101.5,103.2,100.7,100.5
3/3/2021,101.5,103.2,100.7,100.5
4/3/2021,101.5,103.2,100.7,100.5
5/3/2021,101.5,103.2,100.7,100.5
6/3/2021,101.5,103.2,100.7,100.5
7/3/2021,101.5,103.2,100.7,100.5
8/3/2021,101.5,103.2,100.7,100.5
9/3/2021,101.5,103.2,100.7,100.5
10/3/2021,101.5,103.2,100.7,100.5
11/3/2021,101.5,103.2,100.7,100.5
12/3/2021,101.5,103.2,100.7,100.5
13/3/2021,101.5,103.2,100.7,100.5
14/3/2021,101.5,103.2,100.7,100.5
15/3/2021,101.5,103.2,100.7,100.5
16/3/2021,101.5,103.2,100.7,100.5
17/3/2021,101.5,103.2,100.7,100.5
18/3/2021,101.5,103.2,100.7,100.5
19/3/2021,101.5,103.2,100.7,100.5
20/3/2021,101.5,103.2,100.7,100.5
21/3/2021,101.5,103.2,100.7,100.5
22/3/2021,101.5,103.2,100.7,100.5
23/3/2021,101.5,103.2,100.7,100.5
24/3/2021,101.5,103.2,100.7,100.5
25/3/2021,101.5,103.2,100.7,100.5
26/3/2021,101.5,103.2,100.7,100.5
27/3/2021,101.5,103.2,100.7,100.5
28/3/2021,101.5,103.2,100.7,100.5
29/3/2021,101.5,103.2,100.7,100.5
30/3/2021,101.5,103.2,100.7,100.5
31/3/2021,101.5,103.2,100.7,100.5
1/4/2021,101.8,103.5,101,100.8
2/4/2021,101.8,103.5,101,100.8
3/4/2021,101.8,103.5,101,100.8
4/4/2021,101.8,103.5,101,100.8
5/4/2021,101.8,103.5,101,100.8
6/4/2021,101.8,103.5,101,100.8
7/4/2021,101.8,103.5,101,100.8
8/4/2021,101.8,103.5,101,100.8
9/4/2021,101.8,103.5,101,100.8
10/4/2021,101.8,103.5,101,100.8
11/4/2021,101.8,103.5,101,100.8
12/4/2021,101.8,103.5,101,100.8
13/4/2021,101.8,103.5,101,100.8
14/4/2021,101.8,103.5,101,100.8
15/4/2021,101.8,103.5,101,100.8
16/4/2021,101.8,103.5,101,100.8
17/4/2021,101.8,103.5,101,100.8
18/4/2021,101.8,103.5,101,100.8
19/4/2021,101.8,103.5,101,100.8
20/4/2021,101.8,103.5,101,100.8
21/4/2021,101.8,103.5,101,100.8
22/4/2021,101.8,103.5,101,100.8
23/4/2021,101.8,103.5,101,100.8
24/4/2021,101.8,103.5,101,100.8
25/4/2021,101.8,103.5,101,100.8
26/4/2021,101.8,103.5,101,100.8
27/4/2021,101.8,103.5,101,100.8
28/4/2021,101.8,103.5,101,100.8
29/4/2021,101.8,103.5,101,100.8
30/4/2021,101.8,103.5,101,100.8
1/5/2021,101.6,103.4,100.8,100.6
2/5/2021,101.6,103.4,100.8,100.6
3/5/2021,101.6,103.4,100.8,100.6
4/5/2021,101.6,103.4,100.8,100.6
5/5/2021,101.6,103.4,100.8,100.6
6/5/2021,101.6,103.4,100.8,100.6
7/5/2021,101.6,103.4,100.8,100.6
8/5/2021,101.6,103.4,100.8,100.6
9/5/2021,101.6,103.4,100.8,100.6
10/5/2021,101.6,103.4,100.8,100.6
11/5/2021,101.6,103.4,100.8,100.6
12/5/2021,101.6,103.4,100.8,100.6
13/5/2021,101.6,103.4,100.8,100.6
14/5/2021,101.6,103.4,100.8,100.6
15/5/2021,101.6,103.4,100.8,100.6
16/5/2021,101.6,103.4,100.8,100.6
17/5/2021,101.6,103.4,100.8,100.6
18/5/2021,101.6,103.4,100.8,100.6
19/5/2021,101.6,103.4,100.8,100.6
20/5/2021,101.6,103.4,100.8,100.6
21/5/2021,101.6,103.4,100.8,100.6
22/5/2021,101.6,103.4,100.8,100.6
23/5/2021,101.6,103.4,100.8,100.6
24/5/2021,101.6,103.4,100.8,100.6
25/5/2021,101.6,103.4,100.8,100.6
26/5/2021,101.6,103.4,100.8,100.6
27/5/2021,101.6,103.4,100.8,100.6
28/5/2021,101.6,103.4,100.8,100.6
29/5/2021,101.6,103.4,100.8,100.6
30/5/2021,101.6,103.4,100.8,100.6
31/5/2021,101.6,103.4,100.8,100.6
1/6/2021,101.3,102.8,100.6,100.5
2/6/2021,101.3,102.8,100.6,100.5
3/6/2021,101.3,102.8,100.6,100.5
4/6/2021,101.3,102.8,100.6,100.5
5/6/2021,101.3,102.8,100.6,100.5
6/6/2021,101.3,102.8,100.6,100.5
7/6/2021,101.3,102.8,100.6,100.5
8/6/2021,101.3,102.8,100.6,100.5
9/6/2021,101.3,102.8,100.6,100.5
10/6/2021,101.3,102.8,100.6,100.5
11/6/2021,101.3,102.8,100.6,100.5
12/6/2021,101.3,102.8,100.6,100.5
13/6/2021,101.3,102.8,100.6,100.5
14/6/2021,101.3,102.8,100.6,100.5
15/6/2021,101.3,102.8,100.6,100.5
16/6/2021,101.3,102.8,100.6,100.5
17/6/2021,101.3,102.8,100.6,100.5
18/6/2021,101.3,102.8,100.6,100.5
19/6/2021,101.3,102.8,100.6,100.5
20/6/2021,101.3,102.8,100.6,100.5
21/6/2021,101.3,102.8,100.6,100.5
22/6/2021,101.3,102.8,100.6,100.5
23/6/2021,101.3,102.8,100.6,100.5
24/6/2021,101.3,102.8,100.6,100.5
25/6/2021,101.3,102.8,100.6,100.5
26/6/2021,101.3,102.8,100.6,100.5
27/6/2021,101.3,102.8,100.6,100.5
28/6/2021,101.3,102.8,100.6,100.5
29/6/2021,101.3,102.8,100.6,100.5
30/6/2021,101.3,102.8,100.6,100.5
1/7/2021,101.4,102.8,100.6,100.7
2/7/2021,101.4,102.8,100.6,100.7
3/7/2021,101.4,102.8,100.6,100.7
4/7/2021,101.4,102.8,100.6,100.7
5/7/2021,101.4,102.8,100.6,100.7
6/7/2021,101.4,102.8,100.6,100.7
7/7/2021,101.4,102.8,100.6,100.7
8/7/2021,101.4,102.8,100.6,100.7
9/7/2021,101.4,102.8,100.6,100.7
10/7/2021,101.4,102.8,100.6,100.7
11/7/2021,101.4,102.8,100.6,100.7
12/7/2021,101.4,102.8,100.6,100.7
13/7/2021,101.4,102.8,100.6,100.7
14/7/2021,101.4,102.8,100.6,100.7
15/7/2021,101.4,102.8,100.6,100.7
16/7/2021,101.4,102.8,100.6,100.7
17/7/2021,101.4,102.8,100.6,100.7
18/7/2021,101.4,102.8,100.6,100.7
19/7/2021,101.4,102.8,100.6,100.7
20/7/2021,101.4,102.8,100.6,100.7
21/7/2021,101.4,102.8,100.6,100.7
22/7/2021,101.4,102.8,100.6,100.7
23/7/2021,101.4,102.8,100.6,100.7
24/7/2021,101.4,102.8,100.6,100.7
25/7/2021,101.4,102.8,100.6,100.7
26/7/2021,101.4,102.8,100.6,100.7
27/7/2021,101.4,102.8,100.6,100.7
28/7/2021,101.4,102.8,100.6,100.7
29/7/2021,101.4,102.8,100.6,100.7
30/7/2021,101.4,102.8,100.6,100.7
31/7/2021,101.4,102.8,100.6,100.7
1/8/2021,101.5,102.9,100.7,100.8
2/8/2021,101.5,102.9,100.7,100.8
3/8/2021,101.5,102.9,100.7,100.8
4/8/2021,101.5,102.9,100.7,100.8
5/8/2021,101.5,102.9,100.7,100.8
6/8/2021,101.5,102.9,100.7,100.8
7/8/2021,101.5,102.9,100.7,100.8
8/8/2021,101.5,102.9,100.7,100.8
9/8/2021,101.5,102.9,100.7,100.8
10/8/2021,101.5,102.9,100.7,100.8
11/8/2021,101.5,102.9,100.7,100.8
12/8/2021,101.5,102.9,100.7,100.8
13/8/2021,101.5,102.9,100.7,100.8
14/8/2021,101.5,102.9,100.7,100.8
15/8/2021,101.5,102.9,100.7,100.8
16/8/2021,101.5,102.9,100.7,100.8
17/8/2021,101.5,102.9,100.7,100.8
18/8/2021,101.5,102.9,100.7,100.8
19/8/2021,101.5,102.9,100.7,100.8
20/8/2021,101.5,102.9,100.7,100.8
21/8/2021,101.5,102.9,100.7,100.8
22/8/2021,101.5,102.9,100.7,100.8
23/8/2021,101.5,102.9,100.7,100.8
24/8/2021,101.5,102.9,100.7,100.8
25/8/2021,101.5,102.9,100.7,100.8
26/8/2021,101.5,102.9,100.7,100.8
27/8/2021,101.5,102.9,100.7,100.8
28/8/2021,101.5,102.9,100.7,100.8
29/8/2021,101.5,102.9,100.7,100.8
30/8/2021,101.5,102.9,100.7,100.8
31/8/2021,101.5,102.9,100.7,100.8
1/9/2021,99.2,96.4,100.2,101
2/9/2021,99.2,96.4,100.2,101
3/9/2021,99.2,96.4,100.2,101
4/9/2021,99.2,96.4,100.2,101
5/9/2021,99.2,96.4,100.2,101
6/9/2021,99.2,96.4,100.2,101
7/9/2021,99.2,96.4,100.2,101
8/9/2021,99.2,96.4,100.2,101
9/9/2021,99.2,96.4,100.2,101
10/9/2021,99.2,96.4,100.2,101
11/9/2021,99.2,96.4,100.2,101
12/9/2021,99.2,96.4,100.2,101
13/9/2021,99.2,96.4,100.2,101
14/9/2021,99.2,96.4,100.2,101
15/9/2021,99.2,96.4,100.2,101
16/9/2021,99.2,96.4,100.2,101
17/9/2021,99.2,96.4,100.2,101
18/9/2021,99.2,96.4,100.2,101
19/9/2021,99.2,96.4,100.2,101
20/9/2021,99.2,96.4,100.2,101
21/9/2021,99.2,96.4,100.2,101
22/9/2021,99.2,96.4,100.2,101
23/9/2021,99.2,96.4,100.2,101
24/9/2021,99.2,96.4,100.2,101
25/9/2021,99.2,96.4,100.2,101
26/9/2021,99.2,96.4,100.2,101
27/9/2021,99.2,96.4,100.2,101
28/9/2021,99.2,96.4,100.2,101
29/9/2021,99.2,96.4,100.2,101
30/9/2021,99.2,96.4,100.2,101
1/10/2021,102,103.4,101.3,101.3
2/10/2021,102,103.4,101.3,101.3
3/10/2021,102,103.4,101.3,101.3
4/10/2021,102,103.4,101.3,101.3
5/10/2021,102,103.4,101.3,101.3
6/10/2021,102,103.4,101.3,101.3
7/10/2021,102,103.4,101.3,101.3
8/10/2021,102,103.4,101.3,101.3
9/10/2021,102,103.4,101.3,101.3
10/10/2021,102,103.4,101.3,101.3
11/10/2021,102,103.4,101.3,101.3
12/10/2021,102,103.4,101.3,101.3
13/10/2021,102,103.4,101.3,101.3
14/10/2021,102,103.4,101.3,101.3
15/10/2021,102,103.4,101.3,101.3
16/10/2021,102,103.4,101.3,101.3
17/10/2021,102,103.4,101.3,101.3
18/10/2021,102,103.4,101.3,101.3
19/10/2021,102,103.4,101.3,101.3
20/10/2021,102,103.4,101.3,101.3
21/10/2021,102,103.4,101.3,101.3
22/10/2021,102,103.4,101.3,101.3
23/10/2021,102,103.4,101.3,101.3
24/10/2021,102,103.4,101.3,101.3
25/10/2021,102,103.4,101.3,101.3
26/10/2021,102,103.4,101.3,101.3
27/10/2021,102,103.4,101.3,101.3
28/10/2021,102,103.4,101.3,101.3
29/10/2021,102,103.4,101.3,101.3
30/10/2021,102,103.4,101.3,101.3
31/10/2021,102,103.4,101.3,101.3
1/11/2021,102.2,103.7,101.4,101.3
2/11/2021,102.2,103.7,101.4,101.3
3/11/2021,102.2,103.7,101.4,101.3
4/11/2021,102.2,103.7,101.4,101.3
5/11/2021,102.2,103.7,101.4,101.3
6/11/2021,102.2,103.7,101.4,101.3
7/11/2021,102.2,103.7,101.4,101.3
8/11/2021,102.2,103.7,101.4,101.3
9/11/2021,102.2,103.7,101.4,101.3
10/11/2021,102.2,103.7,101.4,101.3
11/11/2021,102.2,103.7,101.4,101.3
12/11/2021,102.2,103.7,101.4,101.3
13/11/2021,102.2,103.7,101.4,101.3
14/11/2021,102.2,103.7,101.4,101.3
15/11/2021,102.2,103.7,101.4,101.3
16/11/2021,102.2,103.7,101.4,101.3
17/11/2021,102.2,103.7,101.4,101.3
18/11/2021,102.2,103.7,101.4,101.3
19/11/2021,102.2,103.7,101.4,101.3
20/11/2021,102.2,103.7,101.4,101.3
21/11/2021,102.2,103.7,101.4,101.3
22/11/2021,102.2,103.7,101.4,101.3
23/11/2021,102.2,103.7,101.4,101.3
24/11/2021,102.2,103.7,101.4,101.3
25/11/2021,102.2,103.7,101.4,101.3
26/11/2021,102.2,103.7,101.4,101.3
27/11/2021,102.2,103.7,101.4,101.3
28/11/2021,102.2,103.7,101.4,101.3
29/11/2021,102.2,103.7,101.4,101.3
30/11/2021,102.2,103.7,101.4,101.3
1/12/2021,102.2,103.7,101.4,101.4
2/12/2021,102.2,103.7,101.4,101.4
3/12/2021,102.2,103.7,101.4,101.4
4/12/2021,102.2,103.7,101.4,101.4
5/12/2021,102.2,103.7,101.4,101.4
6/12/2021,102.2,103.7,101.4,101.4
7/12/2021,102.2,103.7,101.4,101.4
8/12/2021,102.2,103.7,101.4,101.4
9/12/2021,102.2,103.7,101.4,101.4
10/12/2021,102.2,103.7,101.4,101.4
11/12/2021,102.2,103.7,101.4,101.4
12/12/2021,102.2,103.7,101.4,101.4
13/12/2021,102.2,103.7,101.4,101.4
14/12/2021,102.2,103.7,101.4,101.4
15/12/2021,102.2,103.7,101.4,101.4
16/12/2021,102.2,103.7,101.4,101.4
17/12/2021,102.2,103.7,101.4,101.4
18/12/2021,102.2,103.7,101.4,101.4
19/12/2021,102.2,103.7,101.4,101.4
20/12/2021,102.2,103.7,101.4,101.4
21/12/2021,102.2,103.7,101.4,101.4
22/12/2021,102.2,103.7,101.4,101.4
23/12/2021,102.2,103.7,101.4,101.4
24/12/2021,102.2,103.7,101.4,101.4
25/12/2021,102.2,103.7,101.4,101.4
26/12/2021,102.2,103.7,101.4,101.4
27/12/2021,102.2,103.7,101.4,101.4
28/12/2021,102.2,103.7,101.4,101.4
29/12/2021,102.2,103.7,101.4,101.4
30/12/2021,102.2,103.7,101.4,101.4
31/12/2021,102.2,103.7,101.4,101.4
1/1/2022,102.3,103.9,101.6,101.6
2/1/2022,102.3,103.9,101.6,101.6
3/1/2022,102.3,103.9,101.6,101.6
4/1/2022,102.3,103.9,101.6,101.6
5/1/2022,102.3,103.9,101.6,101.6
6/1/2022,102.3,103.9,101.6,101.6
7/1/2022,102.3,103.9,101.6,101.6
8/1/2022,102.3,103.9,101.6,101.6
9/1/2022,102.3,103.9,101.6,101.6
10/1/2022,102.3,103.9,101.6,101.6
11/1/2022,102.3,103.9,101.6,101.6
12/1/2022,102.3,103.9,101.6,101.6
13/1/2022,102.3,103.9,101.6,101.6
14/1/2022,102.3,103.9,101.6,101.6
15/1/2022,102.3,103.9,101.6,101.6
16/1/2022,102.3,103.9,101.6,101.6
17/1/2022,102.3,103.9,101.6,101.6
18/1/2022,102.3,103.9,101.6,101.6
19/1/2022,102.3,103.9,101.6,101.6
20/1/2022,102.3,103.9,101.6,101.6
21/1/2022,102.3,103.9,101.6,101.6
22/1/2022,102.3,103.9,101.6,101.6
23/1/2022,102.3,103.9,101.6,101.6
24/1/2022,102.3,103.9,101.6,101.6
25/1/2022,102.3,103.9,101.6,101.6
26/1/2022,102.3,103.9,101.6,101.6
27/1/2022,102.3,103.9,101.6,101.6
28/1/2022,102.3,103.9,101.6,101.6
29/1/2022,102.3,103.9,101.6,101.6
30/1/2022,102.3,103.9,101.6,101.6
31/1/2022,102.3,103.9,101.6,101.6
1/2/2022,103.1,104.9,102.3,102
2/2/2022,103.1,104.9,102.3,102
3/2/2022,103.1,104.9,102.3,102
4/2/2022,103.1,104.9,102.3,102
5/2/2022,103.1,104.9,102.3,102
6/2/2022,103.1,104.9,102.3,102
7/2/2022,103.1,104.9,102.3,102
8/2/2022,103.1,104.9,102.3,102
9/2/2022,103.1,104.9,102.3,102
10/2/2022,103.1,104.9,102.3,102
11/2/2022,103.1,104.9,102.3,102
12/2/2022,103.1,104.9,102.3,102
13/2/2022,103.1,104.9,102.3,102
14/2/2022,103.1,104.9,102.3,102
15/2/2022,103.1,104.9,102.3,102
16/2/2022,103.1,104.9,102.3,102
17/2/2022,103.1,104.9,102.3,102
18/2/2022,103.1,104.9,102.3,102
19/2/2022,103.1,104.9,102.3,102
20/2/2022,103.1,104.9,102.3,102
21/2/2022,103.1,104.9,102.3,102
22/2/2022,103.1,104.9,102.3,102
23/2/2022,103.1,104.9,102.3,102
24/2/2022,103.1,104.9,102.3,102
25/2/2022,103.1,104.9,102.3,102
26/2/2022,103.1,104.9,102.3,102
27/2/2022,103.1,104.9,102.3,102
28/2/2022,103.1,104.9,102.3,102
1/3/2022,103.3,105.1,102.4,102.3
2/3/2022,103.3,105.1,102.4,102.3
3/3/2022,103.3,105.1,102.4,102.3
4/3/2022,103.3,105.1,102.4,102.3
5/3/2022,103.3,105.1,102.4,102.3
6/3/2022,103.3,105.1,102.4,102.3
7/3/2022,103.3,105.1,102.4,102.3
8/3/2022,103.3,105.1,102.4,102.3
9/3/2022,103.3,105.1,102.4,102.3
10/3/2022,103.3,105.1,102.4,102.3
11/3/2022,103.3,105.1,102.4,102.3
12/3/2022,103.3,105.1,102.4,102.3
13/3/2022,103.3,105.1,102.4,102.3
14/3/2022,103.3,105.1,102.4,102.3
15/3/2022,103.3,105.1,102.4,102.3
16/3/2022,103.3,105.1,102.4,102.3
17/3/2022,103.3,105.1,102.4,102.3
18/3/2022,103.3,105.1,102.4,102.3
19/3/2022,103.3,105.1,102.4,102.3
20/3/2022,103.3,105.1,102.4,102.3
21/3/2022,103.3,105.1,102.4,102.3
22/3/2022,103.3,105.1,102.4,102.3
23/3/2022,103.3,105.1,102.4,102.3
24/3/2022,103.3,105.1,102.4,102.3
25/3/2022,103.3,105.1,102.4,102.3
26/3/2022,103.3,105.1,102.4,102.3
27/3/2022,103.3,105.1,102.4,102.3
28/3/2022,103.3,105.1,102.4,102.3
29/3/2022,103.3,105.1,102.4,102.3
30/3/2022,103.3,105.1,102.4,102.3
31/3/2022,103.3,105.1,102.4,102.3
1/4/2022,103.1,104.6,102.3,102.4
2/4/2022,103.1,104.6,102.3,102.4
3/4/2022,103.1,104.6,102.3,102.4
4/4/2022,103.1,104.6,102.3,102.4
5/4/2022,103.1,104.6,102.3,102.4
6/4/2022,103.1,104.6,102.3,102.4
7/4/2022,103.1,104.6,102.3,102.4
8/4/2022,103.1,104.6,102.3,102.4
9/4/2022,103.1,104.6,102.3,102.4
10/4/2022,103.1,104.6,102.3,102.4
11/4/2022,103.1,104.6,102.3,102.4
12/4/2022,103.1,104.6,102.3,102.4
13/4/2022,103.1,104.6,102.3,102.4
14/4/2022,103.1,104.6,102.3,102.4
15/4/2022,103.1,104.6,102.3,102.4
16/4/2022,103.1,104.6,102.3,102.4
17/4/2022,103.1,104.6,102.3,102.4
18/4/2022,103.1,104.6,102.3,102.4
19/4/2022,103.1,104.6,102.3,102.4
20/4/2022,103.1,104.6,102.3,102.4
21/4/2022,103.1,104.6,102.3,102.4
22/4/2022,103.1,104.6,102.3,102.4
23/4/2022,103.1,104.6,102.3,102.4
24/4/2022,103.1,104.6,102.3,102.4
25/4/2022,103.1,104.6,102.3,102.4
26/4/2022,103.1,104.6,102.3,102.4
27/4/2022,103.1,104.6,102.3,102.4
28/4/2022,103.1,104.6,102.3,102.4
29/4/2022,103.1,104.6,102.3,102.4
30/4/2022,103.1,104.6,102.3,102.4
1/5/2022,102.9,104.3,102.1,102.3
2/5/2022,102.9,104.3,102.1,102.3
3/5/2022,102.9,104.3,102.1,102.3
4/5/2022,102.9,104.3,102.1,102.3
5/5/2022,102.9,104.3,102.1,102.3
6/5/2022,102.9,104.3,102.1,102.3
7/5/2022,102.9,104.3,102.1,102.3
8/5/2022,102.9,104.3,102.1,102.3
9/5/2022,102.9,104.3,102.1,102.3
10/5/2022,102.9,104.3,102.1,102.3
11/5/2022,102.9,104.3,102.1,102.3
12/5/2022,102.9,104.3,102.1,102.3
13/5/2022,102.9,104.3,102.1,102.3
14/5/2022,102.9,104.3,102.1,102.3
15/5/2022,102.9,104.3,102.1,102.3
16/5/2022,102.9,104.3,102.1,102.3
17/5/2022,102.9,104.3,102.1,102.3
18/5/2022,102.9,104.3,102.1,102.3
19/5/2022,102.9,104.3,102.1,102.3
20/5/2022,102.9,104.3,102.1,102.3
21/5/2022,102.9,104.3,102.1,102.3
22/5/2022,102.9,104.3,102.1,102.3
23/5/2022,102.9,104.3,102.1,102.3
24/5/2022,102.9,104.3,102.1,102.3
25/5/2022,102.9,104.3,102.1,102.3
26/5/2022,102.9,104.3,102.1,102.3
27/5/2022,102.9,104.3,102.1,102.3
28/5/2022,102.9,104.3,102.1,102.3
29/5/2022,102.9,104.3,102.1,102.3
30/5/2022,102.9,104.3,102.1,102.3
31/5/2022,102.9,104.3,102.1,102.3
1/6/2022,103.2,104.6,102.3,102.5
2/6/2022,103.2,104.6,102.3,102.5
3/6/2022,103.2,104.6,102.3,102.5
4/6/2022,103.2,104.6,102.3,102.5
5/6/2022,103.2,104.6,102.3,102.5
6/6/2022,103.2,104.6,102.3,102.5
7/6/2022,103.2,104.6,102.3,102.5
8/6/2022,103.2,104.6,102.3,102.5
9/6/2022,103.2,104.6,102.3,102.5
10/6/2022,103.2,104.6,102.3,102.5
11/6/2022,103.2,104.6,102.3,102.5
12/6/2022,103.2,104.6,102.3,102.5
13/6/2022,103.2,104.6,102.3,102.5
14/6/2022,103.2,104.6,102.3,102.5
15/6/2022,103.2,104.6,102.3,102.5
16/6/2022,103.2,104.6,102.3,102.5
17/6/2022,103.2,104.6,102.3,102.5
18/6/2022,103.2,104.6,102.3,102.5
19/6/2022,103.2,104.6,102.3,102.5
20/6/2022,103.2,104.6,102.3,102.5
21/6/2022,103.2,104.6,102.3,102.5
22/6/2022,103.2,104.6,102.3,102.5
23/6/2022,103.2,104.6,102.3,102.5
24/6/2022,103.2,104.6,102.3,102.5
25/6/2022,103.2,104.6,102.3,102.5
26/6/2022,103.2,104.6,102.3,102.5
27/6/2022,103.2,104.6,102.3,102.5
28/6/2022,103.2,104.6,102.3,102.5
29/6/2022,103.2,104.6,102.3,102.5
30/6/2022,103.2,104.6,102.3,102.5
1/7/2022,103.3,104.8,102.5,102.7
2/7/2022,103.3,104.8,102.5,102.7
3/7/2022,103.3,104.8,102.5,102.7
4/7/2022,103.3,104.8,102.5,102.7
5/7/2022,103.3,104.8,102.5,102.7
6/7/2022,103.3,104.8,102.5,102.7
7/7/2022,103.3,104.8,102.5,102.7
8/7/2022,103.3,104.8,102.5,102.7
9/7/2022,103.3,104.8,102.5,102.7
10/7/2022,103.3,104.8,102.5,102.7
11/7/2022,103.3,104.8,102.5,102.7
12/7/2022,103.3,104.8,102.5,102.7
13/7/2022,103.3,104.8,102.5,102.7
14/7/2022,103.3,104.8,102.5,102.7
15/7/2022,103.3,104.8,102.5,102.7
16/7/2022,103.3,104.8,102.5,102.7
17/7/2022,103.3,104.8,102.5,102.7
18/7/2022,103.3,104.8,102.5,102.7
19/7/2022,103.3,104.8,102.5,102.7
20/7/2022,103.3,104.8,102.5,102.7
21/7/2022,103.3,104.8,102.5,102.7
22/7/2022,103.3,104.8,102.5,102.7
23/7/2022,103.3,104.8,102.5,102.7
24/7/2022,103.3,104.8,102.5,102.7
25/7/2022,103.3,104.8,102.5,102.7
26/7/2022,103.3,104.8,102.5,102.7
27/7/2022,103.3,104.8,102.5,102.7
28/7/2022,103.3,104.8,102.5,102.7
29/7/2022,103.3,104.8,102.5,102.7
30/7/2022,103.3,104.8,102.5,102.7
31/7/2022,103.3,104.8,102.5,102.7
1/8/2022,103.4,104.8,102.5,102.7
2/8/2022,103.4,104.8,102.5,102.7
3/8/2022,103.4,104.8,102.5,102.7
4/8/2022,103.4,104.8,102.5,102.7
5/8/2022,103.4,104.8,102.5,102.7
6/8/2022,103.4,104.8,102.5,102.7
7/8/2022,103.4,104.8,102.5,102.7
8/8/2022,103.4,104.8,102.5,102.7
9/8/2022,103.4,104.8,102.5,102.7
10/8/2022,103.4,104.8,102.5,102.7
11/8/2022,103.4,104.8,102.5,102.7
12/8/2022,103.4,104.8,102.5,102.7
13/8/2022,103.4,104.8,102.5,102.7
14/8/2022,103.4,104.8,102.5,102.7
15/8/2022,103.4,104.8,102.5,102.7
16/8/2022,103.4,104.8,102.5,102.7
17/8/2022,103.4,104.8,102.5,102.7
18/8/2022,103.4,104.8,102.5,102.7
19/8/2022,103.4,104.8,102.5,102.7
20/8/2022,103.4,104.8,102.5,102.7
21/8/2022,103.4,104.8,102.5,102.7
22/8/2022,103.4,104.8,102.5,102.7
23/8/2022,103.4,104.8,102.5,102.7
24/8/2022,103.4,104.8,102.5,102.7
25/8/2022,103.4,104.8,102.5,102.7
26/8/2022,103.4,104.8,102.5,102.7
27/8/2022,103.4,104.8,102.5,102.7
28/8/2022,103.4,104.8,102.5,102.7
29/8/2022,103.4,104.8,102.5,102.7
30/8/2022,103.4,104.8,102.5,102.7
31/8/2022,103.4,104.8,102.5,102.7
1/9/2022,103.5,105,102.7,102.9
2/9/2022,103.5,105,102.7,102.9
3/9/2022,103.5,105,102.7,102.9
4/9/2022,103.5,105,102.7,102.9
5/9/2022,103.5,105,102.7,102.9
6/9/2022,103.5,105,102.7,102.9
7/9/2022,103.5,105,102.7,102.9
8/9/2022,103.5,105,102.7,102.9
9/9/2022,103.5,105,102.7,102.9
10/9/2022,103.5,105,102.7,102.9
11/9/2022,103.5,105,102.7,102.9
12/9/2022,103.5,105,102.7,102.9
13/9/2022,103.5,105,102.7,102.9
14/9/2022,103.5,105,102.7,102.9
15/9/2022,103.5,105,102.7,102.9
16/9/2022,103.5,105,102.7,102.9
17/9/2022,103.5,105,102.7,102.9
18/9/2022,103.5,105,102.7,102.9
19/9/2022,103.5,105,102.7,102.9
20/9/2022,103.5,105,102.7,102.9
21/9/2022,103.5,105,102.7,102.9
22/9/2022,103.5,105,102.7,102.9
23/9/2022,103.5,105,102.7,102.9
24/9/2022,103.5,105,102.7,102.9
25/9/2022,103.5,105,102.7,102.9
26/9/2022,103.5,105,102.7,102.9
27/9/2022,103.5,105,102.7,102.9
28/9/2022,103.5,105,102.7,102.9
29/9/2022,103.5,105,102.7,102.9
30/9/2022,103.5,105,102.7,102.9
1/10/2022,103.8,105.4,103,103.1
2/10/2022,103.8,105.4,103,103.1
3/10/2022,103.8,105.4,103,103.1
4/10/2022,103.8,105.4,103,103.1
5/10/2022,103.8,105.4,103,103.1
6/10/2022,103.8,105.4,103,103.1
7/10/2022,103.8,105.4,103,103.1
8/10/2022,103.8,105.4,103,103.1
9/10/2022,103.8,105.4,103,103.1
10/10/2022,103.8,105.4,103,103.1
11/10/2022,103.8,105.4,103,103.1
12/10/2022,103.8,105.4,103,103.1
13/10/2022,103.8,105.4,103,103.1
14/10/2022,103.8,105.4,103,103.1
15/10/2022,103.8,105.4,103,103.1
16/10/2022,103.8,105.4,103,103.1
17/10/2022,103.8,105.4,103,103.1
18/10/2022,103.8,105.4,103,103.1
19/10/2022,103.8,105.4,103,103.1
20/10/2022,103.8,105.4,103,103.1
21/10/2022,103.8,105.4,103,103.1
22/10/2022,103.8,105.4,103,103.1
23/10/2022,103.8,105.4,103,103.1
24/10/2022,103.8,105.4,103,103.1
25/10/2022,103.8,105.4,103,103.1
26/10/2022,103.8,105.4,103,103.1
27/10/2022,103.8,105.4,103,103.1
28/10/2022,103.8,105.4,103,103.1
29/10/2022,103.8,105.4,103,103.1
30/10/2022,103.8,105.4,103,103.1
31/10/2022,103.8,105.4,103,103.1
1/11/2022,104,105.5,103.1,103.2
2/11/2022,104,105.5,103.1,103.2
3/11/2022,104,105.5,103.1,103.2
4/11/2022,104,105.5,103.1,103.2
5/11/2022,104,105.5,103.1,103.2
6/11/2022,104,105.5,103.1,103.2
7/11/2022,104,105.5,103.1,103.2
8/11/2022,104,105.5,103.1,103.2
9/11/2022,104,105.5,103.1,103.2
10/11/2022,104,105.5,103.1,103.2
11/11/2022,104,105.5,103.1,103.2
12/11/2022,104,105.5,103.1,103.2
13/11/2022,104,105.5,103.1,103.2
14/11/2022,104,105.5,103.1,103.2
15/11/2022,104,105.5,103.1,103.2
16/11/2022,104,105.5,103.1,103.2
17/11/2022,104,105.5,103.1,103.2
18/11/2022,104,105.5,103.1,103.2
19/11/2022,104,105.5,103.1,103.2
20/11/2022,104,105.5,103.1,103.2
21/11/2022,104,105.5,103.1,103.2
22/11/2022,104,105.5,103.1,103.2
23/11/2022,104,105.5,103.1,103.2
24/11/2022,104,105.5,103.1,103.2
25/11/2022,104,105.5,103.1,103.2
26/11/2022,104,105.5,103.1,103.2
27/11/2022,104,105.5,103.1,103.2
28/11/2022,104,105.5,103.1,103.2
29/11/2022,104,105.5,103.1,103.2
30/11/2022,104,105.5,103.1,103.2
1/12/2022,104.2,105.8,103.3,103.5
2/12/2022,104.2,105.8,103.3,103.5
3/12/2022,104.2,105.8,103.3,103.5
4/12/2022,104.2,105.8,103.3,103.5
5/12/2022,104.2,105.8,103.3,103.5
6/12/2022,104.2,105.8,103.3,103.5
7/12/2022,104.2,105.8,103.3,103.5
8/12/2022,104.2,105.8,103.3,103.5
9/12/2022,104.2,105.8,103.3,103.5
10/12/2022,104.2,105.8,103.3,103.5
11/12/2022,104.2,105.8,103.3,103.5
12/12/2022,104.2,105.8,103.3,103.5
13/12/2022,104.2,105.8,103.3,103.5
14/12/2022,104.2,105.8,103.3,103.5
15/12/2022,104.2,105.8,103.3,103.5
16/12/2022,104.2,105.8,103.3,103.5
17/12/2022,104.2,105.8,103.3,103.5
18/12/2022,104.2,105.8,103.3,103.5
19/12/2022,104.2,105.8,103.3,103.5
20/12/2022,104.2,105.8,103.3,103.5
21/12/2022,104.2,105.8,103.3,103.5
22/12/2022,104.2,105.8,103.3,103.5
23/12/2022,104.2,105.8,103.3,103.5
24/12/2022,104.2,105.8,103.3,103.5
25/12/2022,104.2,105.8,103.3,103.5
26/12/2022,104.2,105.8,103.3,103.5
27/12/2022,104.2,105.8,103.3,103.5
28/12/2022,104.2,105.8,103.3,103.5
29/12/2022,104.2,105.8,103.3,103.5
30/12/2022,104.2,105.8,103.3,103.5
31/12/2022,104.2,105.8,103.3,103.5
1/1/2023,104.8,106.6,103.9,104
2/1/2023,104.8,106.6,103.9,104
3/1/2023,104.8,106.6,103.9,104
4/1/2023,104.8,106.6,103.9,104
5/1/2023,104.8,106.6,103.9,104
6/1/2023,104.8,106.6,103.9,104
7/1/2023,104.8,106.6,103.9,104
8/1/2023,104.8,106.6,103.9,104
9/1/2023,104.8,106.6,103.9,104
10/1/2023,104.8,106.6,103.9,104
11/1/2023,104.8,106.6,103.9,104
12/1/2023,104.8,106.6,103.9,104
13/1/2023,104.8,106.6,103.9,104
14/1/2023,104.8,106.6,103.9,104
15/1/2023,104.8,106.6,103.9,104
16/1/2023,104.8,106.6,103.9,104
17/1/2023,104.8,106.6,103.9,104
18/1/2023,104.8,106.6,103.9,104
19/1/2023,104.8,106.6,103.9,104
20/1/2023,104.8,106.6,103.9,104
21/1/2023,104.8,106.6,103.9,104
22/1/2023,104.8,106.6,103.9,104
23/1/2023,104.8,106.6,103.9,104
24/1/2023,104.8,106.6,103.9,104
25/1/2023,104.8,106.6,103.9,104
26/1/2023,104.8,106.6,103.9,104
27/1/2023,104.8,106.6,103.9,104
28/1/2023,104.8,106.6,103.9,104
29/1/2023,104.8,106.6,103.9,104
30/1/2023,104.8,106.6,103.9,104
31/1/2023,104.8,106.6,103.9,104
1/2/2023,104.9,106.7,103.9,103.9
2/2/2023,104.9,106.7,103.9,103.9
3/2/2023,104.9,106.7,103.9,103.9
4/2/2023,104.9,106.7,103.9,103.9
5/2/2023,104.9,106.7,103.9,103.9
6/2/2023,104.9,106.7,103.9,103.9
7/2/2023,104.9,106.7,103.9,103.9
8/2/2023,104.9,106.7,103.9,103.9
9/2/2023,104.9,106.7,103.9,103.9
10/2/2023,104.9,106.7,103.9,103.9
11/2/2023,104.9,106.7,103.9,103.9
12/2/2023,104.9,106.7,103.9,103.9
13/2/2023,104.9,106.7,103.9,103.9
14/2/2023,104.9,106.7,103.9,103.9
15/2/2023,104.9,106.7,103.9,103.9
16/2/2023,104.9,106.7,103.9,103.9
17/2/2023,104.9,106.7,103.9,103.9
18/2/2023,104.9,106.7,103.9,103.9
19/2/2023,104.9,106.7,103.9,103.9
20/2/2023,104.9,106.7,103.9,103.9
21/2/2023,104.9,106.7,103.9,103.9
22/2/2023,104.9,106.7,103.9,103.9
23/2/2023,104.9,106.7,103.9,103.9
24/2/2023,104.9,106.7,103.9,103.9
25/2/2023,104.9,106.7,103.9,103.9
26/2/2023,104.9,106.7,103.9,103.9
27/2/2023,104.9,106.7,103.9,103.9
28/2/2023,104.9,106.7,103.9,103.9
1/3/2023,105,106.8,104.1,104.2
2/3/2023,105,106.8,104.1,104.2
3/3/2023,105,106.8,104.1,104.2
4/3/2023,105,106.8,104.1,104.2
5/3/2023,105,106.8,104.1,104.2
6/3/2023,105,106.8,104.1,104.2
7/3/2023,105,106.8,104.1,104.2
8/3/2023,105,106.8,104.1,104.2
9/3/2023,105,106.8,104.1,104.2
10/3/2023,105,106.8,104.1,104.2
11/3/2023,105,106.8,104.1,104.2
12/3/2023,105,106.8,104.1,104.2
13/3/2023,105,106.8,104.1,104.2
14/3/2023,105,106.8,104.1,104.2
15/3/2023,105,106.8,104.1,104.2
16/3/2023,105,106.8,104.1,104.2
17/3/2023,105,106.8,104.1,104.2
18/3/2023,105,106.8,104.1,104.2
19/3/2023,105,106.8,104.1,104.2
20/3/2023,105,106.8,104.1,104.2
21/3/2023,105,106.8,104.1,104.2
22/3/2023,105,106.8,104.1,104.2
23/3/2023,105,106.8,104.1,104.2
24/3/2023,105,106.8,104.1,104.2
25/3/2023,105,106.8,104.1,104.2
26/3/2023,105,106.8,104.1,104.2
27/3/2023,105,106.8,104.1,104.2
28/3/2023,105,106.8,104.1,104.2
29/3/2023,105,106.8,104.1,104.2
30/3/2023,105,106.8,104.1,104.2
31/3/2023,105,106.8,104.1,104.2
1/4/2023,105.2,107,104.3,104.5
2/4/2023,105.2,107,104.3,104.5
3/4/2023,105.2,107,104.3,104.5
4/4/2023,105.2,107,104.3,104.5
5/4/2023,105.2,107,104.3,104.5
6/4/2023,105.2,107,104.3,104.5
7/4/2023,105.2,107,104.3,104.5
8/4/2023,105.2,107,104.3,104.5
9/4/2023,105.2,107,104.3,104.5
10/4/2023,105.2,107,104.3,104.5
11/4/2023,105.2,107,104.3,104.5
12/4/2023,105.2,107,104.3,104.5
13/4/2023,105.2,107,104.3,104.5
14/4/2023,105.2,107,104.3,104.5
15/4/2023,105.2,107,104.3,104.5
16/4/2023,105.2,107,104.3,104.5
17/4/2023,105.2,107,104.3,104.5
18/4/2023,105.2,107,104.3,104.5
19/4/2023,105.2,107,104.3,104.5
20/4/2023,105.2,107,104.3,104.5
21/4/2023,105.2,107,104.3,104.5
22/4/2023,105.2,107,104.3,104.5
23/4/2023,105.2,107,104.3,104.5
24/4/2023,105.2,107,104.3,104.5
25/4/2023,105.2,107,104.3,104.5
26/4/2023,105.2,107,104.3,104.5
27/4/2023,105.2,107,104.3,104.5
28/4/2023,105.2,107,104.3,104.5
29/4/2023,105.2,107,104.3,104.5
30/4/2023,105.2,107,104.3,104.5
1/5/2023,105,106.6,104.1,104.3
2/5/2023,105,106.6,104.1,104.3
3/5/2023,105,106.6,104.1,104.3
4/5/2023,105,106.6,104.1,104.3
5/5/2023,105,106.6,104.1,104.3
6/5/2023,105,106.6,104.1,104.3
7/5/2023,105,106.6,104.1,104.3
8/5/2023,105,106.6,104.1,104.3
9/5/2023,105,106.6,104.1,104.3
10/5/2023,105,106.6,104.1,104.3
11/5/2023,105,106.6,104.1,104.3
12/5/2023,105,106.6,104.1,104.3
13/5/2023,105,106.6,104.1,104.3
14/5/2023,105,106.6,104.1,104.3
15/5/2023,105,106.6,104.1,104.3
16/5/2023,105,106.6,104.1,104.3
17/5/2023,105,106.6,104.1,104.3
18/5/2023,105,106.6,104.1,104.3
19/5/2023,105,106.6,104.1,104.3
20/5/2023,105,106.6,104.1,104.3
21/5/2023,105,106.6,104.1,104.3
22/5/2023,105,106.6,104.1,104.3
23/5/2023,105,106.6,104.1,104.3
24/5/2023,105,106.6,104.1,104.3
25/5/2023,105,106.6,104.1,104.3
26/5/2023,105,106.6,104.1,104.3
27/5/2023,105,106.6,104.1,104.3
28/5/2023,105,106.6,104.1,104.3
29/5/2023,105,106.6,104.1,104.3
30/5/2023,105,106.6,104.1,104.3
31/5/2023,105,106.6,104.1,104.3
1/6/2023,105.2,106.8,104.2,104.4
2/6/2023,105.2,106.8,104.2,104.4
3/6/2023,105.2,106.8,104.2,104.4
4/6/2023,105.2,106.8,104.2,104.4
5/6/2023,105.2,106.8,104.2,104.4
6/6/2023,105.2,106.8,104.2,104.4
7/6/2023,105.2,106.8,104.2,104.4
8/6/2023,105.2,106.8,104.2,104.4
9/6/2023,105.2,106.8,104.2,104.4
10/6/2023,105.2,106.8,104.2,104.4
11/6/2023,105.2,106.8,104.2,104.4
12/6/2023,105.2,106.8,104.2,104.4
13/6/2023,105.2,106.8,104.2,104.4
14/6/2023,105.2,106.8,104.2,104.4
15/6/2023,105.2,106.8,104.2,104.4
16/6/2023,105.2,106.8,104.2,104.4
17/6/2023,105.2,106.8,104.2,104.4
18/6/2023,105.2,106.8,104.2,104.4
19/6/2023,105.2,106.8,104.2,104.4
20/6/2023,105.2,106.8,104.2,104.4
21/6/2023,105.2,106.8,104.2,104.4
22/6/2023,105.2,106.8,104.2,104.4
23/6/2023,105.2,106.8,104.2,104.4
24/6/2023,105.2,106.8,104.2,104.4
25/6/2023,105.2,106.8,104.2,104.4
26/6/2023,105.2,106.8,104.2,104.4
27/6/2023,105.2,106.8,104.2,104.4
28/6/2023,105.2,106.8,104.2,104.4
29/6/2023,105.2,106.8,104.2,104.4
30/6/2023,105.2,106.8,104.2,104.4
1/7/2023,105.2,106.8,104.3,104.5
2/7/2023,105.2,106.8,104.3,104.5
3/7/2023,105.2,106.8,104.3,104.5
4/7/2023,105.2,106.8,104.3,104.5
5/7/2023,105.2,106.8,104.3,104.5
6/7/2023,105.2,106.8,104.3,104.5
7/7/2023,105.2,106.8,104.3,104.5
8/7/2023,105.2,106.8,104.3,104.5
9/7/2023,105.2,106.8,104.3,104.5
10/7/2023,105.2,106.8,104.3,104.5
11/7/2023,105.2,106.8,104.3,104.5
12/7/2023,105.2,106.8,104.3,104.5
13/7/2023,105.2,106.8,104.3,104.5
14/7/2023,105.2,106.8,104.3,104.5
15/7/2023,105.2,106.8,104.3,104.5
16/7/2023,105.2,106.8,104.3,104.5
17/7/2023,105.2,106.8,104.3,104.5
18/7/2023,105.2,106.8,104.3,104.5
19/7/2023,105.2,106.8,104.3,104.5
20/7/2023,105.2,106.8,104.3,104.5
21/7/2023,105.2,106.8,104.3,104.5
22/7/2023,105.2,106.8,104.3,104.5
23/7/2023,105.2,106.8,104.3,104.5
24/7/2023,105.2,106.8,104.3,104.5
25/7/2023,105.2,106.8,104.3,104.5
26/7/2023,105.2,106.8,104.3,104.5
27/7/2023,105.2,106.8,104.3,104.5
28/7/2023,105.2,106.8,104.3,104.5
29/7/2023,105.2,106.8,104.3,104.5
30/7/2023,105.2,106.8,104.3,104.5
31/7/2023,105.2,106.8,104.3,104.5
1/8/2023,105.2,106.7,104.3,104.6
2/8/2023,105.2,106.7,104.3,104.6
3/8/2023,105.2,106.7,104.3,104.6
4/8/2023,105.2,106.7,104.3,104.6
5/8/2023,105.2,106.7,104.3,104.6
6/8/2023,105.2,106.7,104.3,104.6
7/8/2023,105.2,106.7,104.3,104.6
8/8/2023,105.2,106.7,104.3,104.6
9/8/2023,105.2,106.7,104.3,104.6
10/8/2023,105.2,106.7,104.3,104.6
11/8/2023,105.2,106.7,104.3,104.6
12/8/2023,105.2,106.7,104.3,104.6
13/8/2023,105.2,106.7,104.3,104.6
14/8/2023,105.2,106.7,104.3,104.6
15/8/2023,105.2,106.7,104.3,104.6
16/8/2023,105.2,106.7,104.3,104.6
17/8/2023,105.2,106.7,104.3,104.6
18/8/2023,105.2,106.7,104.3,104.6
19/8/2023,105.2,106.7,104.3,104.6
20/8/2023,105.2,106.7,104.3,104.6
21/8/2023,105.2,106.7,104.3,104.6
22/8/2023,105.2,106.7,104.3,104.6
23/8/2023,105.2,106.7,104.3,104.6
24/8/2023,105.2,106.7,104.3,104.6
25/8/2023,105.2,106.7,104.3,104.6
26/8/2023,105.2,106.7,104.3,104.6
27/8/2023,105.2,106.7,104.3,104.6
28/8/2023,105.2,106.7,104.3,104.6
29/8/2023,105.2,106.7,104.3,104.6
30/8/2023,105.2,106.7,104.3,104.6
31/8/2023,105.2,106.7,104.3,104.6
1/9/2023,105.6,107.2,104.7,105
2/9/2023,105.6,107.2,104.7,105
3/9/2023,105.6,107.2,104.7,105
4/9/2023,105.6,107.2,104.7,105
5/9/2023,105.6,107.2,104.7,105
6/9/2023,105.6,107.2,104.7,105
7/9/2023,105.6,107.2,104.7,105
8/9/2023,105.6,107.2,104.7,105
9/9/2023,105.6,107.2,104.7,105
10/9/2023,105.6,107.2,104.7,105
11/9/2023,105.6,107.2,104.7,105
12/9/2023,105.6,107.2,104.7,105
13/9/2023,105.6,107.2,104.7,105
14/9/2023,105.6,107.2,104.7,105
15/9/2023,105.6,107.2,104.7,105
16/9/2023,105.6,107.2,104.7,105
17/9/2023,105.6,107.2,104.7,105
18/9/2023,105.6,107.2,104.7,105
19/9/2023,105.6,107.2,104.7,105
20/9/2023,105.6,107.2,104.7,105
21/9/2023,105.6,107.2,104.7,105
22/9/2023,105.6,107.2,104.7,105
23/9/2023,105.6,107.2,104.7,105
24/9/2023,105.6,107.2,104.7,105
25/9/2023,105.6,107.2,104.7,105
26/9/2023,105.6,107.2,104.7,105
27/9/2023,105.6,107.2,104.7,105
28/9/2023,105.6,107.2,104.7,105
29/9/2023,105.6,107.2,104.7,105
30/9/2023,105.6,107.2,104.7,105
1/10/2023,106.7,108.8,105.6,105.6
2/10/2023,106.7,108.8,105.6,105.6
3/10/2023,106.7,108.8,105.6,105.6
4/10/2023,106.7,108.8,105.6,105.6
5/10/2023,106.7,108.8,105.6,105.6
6/10/2023,106.7,108.8,105.6,105.6
7/10/2023,106.7,108.8,105.6,105.6
8/10/2023,106.7,108.8,105.6,105.6
9/10/2023,106.7,108.8,105.6,105.6
10/10/2023,106.7,108.8,105.6,105.6
11/10/2023,106.7,108.8,105.6,105.6
12/10/2023,106.7,108.8,105.6,105.6
13/10/2023,106.7,108.8,105.6,105.6
14/10/2023,106.7,108.8,105.6,105.6
15/10/2023,106.7,108.8,105.6,105.6
16/10/2023,106.7,108.8,105.6,105.6
17/10/2023,106.7,108.8,105.6,105.6
18/10/2023,106.7,108.8,105.6,105.6
19/10/2023,106.7,108.8,105.6,105.6
20/10/2023,106.7,108.8,105.6,105.6
21/10/2023,106.7,108.8,105.6,105.6
22/10/2023,106.7,108.8,105.6,105.6
23/10/2023,106.7,108.8,105.6,105.6
24/10/2023,106.7,108.8,105.6,105.6
25/10/2023,106.7,108.8,105.6,105.6
26/10/2023,106.7,108.8,105.6,105.6
27/10/2023,106.7,108.8,105.6,105.6
28/10/2023,106.7,108.8,105.6,105.6
29/10/2023,106.7,108.8,105.6,105.6
30/10/2023,106.7,108.8,105.6,105.6
31/10/2023,106.7,108.8,105.6,105.6
1/11/2023,106.6,108.7,105.6,105.6
2/11/2023,106.6,108.7,105.6,105.6
3/11/2023,106.6,108.7,105.6,105.6
4/11/2023,106.6,108.7,105.6,105.6
5/11/2023,106.6,108.7,105.6,105.6
6/11/2023,106.6,108.7,105.6,105.6
7/11/2023,106.6,108.7,105.6,105.6
8/11/2023,106.6,108.7,105.6,105.6
9/11/2023,106.6,108.7,105.6,105.6
10/11/2023,106.6,108.7,105.6,105.6
11/11/2023,106.6,108.7,105.6,105.6
12/11/2023,106.6,108.7,105.6,105.6
13/11/2023,106.6,108.7,105.6,105.6
14/11/2023,106.6,108.7,105.6,105.6
15/11/2023,106.6,108.7,105.6,105.6
16/11/2023,106.6,108.7,105.6,105.6
17/11/2023,106.6,108.7,105.6,105.6
18/11/2023,106.6,108.7,105.6,105.6
19/11/2023,106.6,108.7,105.6,105.6
20/11/2023,106.6,108.7,105.6,105.6
21/11/2023,106.6,108.7,105.6,105.6
22/11/2023,106.6,108.7,105.6,105.6
23/11/2023,106.6,108.7,105.6,105.6
24/11/2023,106.6,108.7,105.6,105.6
25/11/2023,106.6,108.7,105.6,105.6
26/11/2023,106.6,108.7,105.6,105.6
27/11/2023,106.6,108.7,105.6,105.6
28/11/2023,106.6,108.7,105.6,105.6
29/11/2023,106.6,108.7,105.6,105.6
30/11/2023,106.6,108.7,105.6,105.6
1/12/2023,106.7,108.7,105.6,105.8
2/12/2023,106.7,108.7,105.6,105.8
3/12/2023,106.7,108.7,105.6,105.8
4/12/2023,106.7,108.7,105.6,105.8
5/12/2023,106.7,108.7,105.6,105.8
6/12/2023,106.7,108.7,105.6,105.8
7/12/2023,106.7,108.7,105.6,105.8
8/12/2023,106.7,108.7,105.6,105.8
9/12/2023,106.7,108.7,105.6,105.8
10/12/2023,106.7,108.7,105.6,105.8
11/12/2023,106.7,108.7,105.6,105.8
12/12/2023,106.7,108.7,105.6,105.8
13/12/2023,106.7,108.7,105.6,105.8
14/12/2023,106.7,108.7,105.6,105.8
15/12/2023,106.7,108.7,105.6,105.8
16/12/2023,106.7,108.7,105.6,105.8
17/12/2023,106.7,108.7,105.6,105.8
18/12/2023,106.7,108.7,105.6,105.8
19/12/2023,106.7,108.7,105.6,105.8
20/12/2023,106.7,108.7,105.6,105.8
21/12/2023,106.7,108.7,105.6,105.8
22/12/2023,106.7,108.7,105.6,105.8
23/12/2023,106.7,108.7,105.6,105.8
24/12/2023,106.7,108.7,105.6,105.8
25/12/2023,106.7,108.7,105.6,105.8
26/12/2023,106.7,108.7,105.6,105.8
27/12/2023,106.7,108.7,105.6,105.8
28/12/2023,106.7,108.7,105.6,105.8
29/12/2023,106.7,108.7,105.6,105.8
30/12/2023,106.7,108.7,105.6,105.8
31/12/2023,106.7,108.7,105.6,105.8
1/1/2024,106.6,108.8,105.6,105.6
2/1/2024,106.6,108.8,105.6,105.6
3/1/2024,106.6,108.8,105.6,105.6
4/1/2024,106.6,108.8,105.6,105.6
5/1/2024,106.6,108.8,105.6,105.6
6/1/2024,106.6,108.8,105.6,105.6
7/1/2024,106.6,108.8,105.6,105.6
8/1/2024,106.6,108.8,105.6,105.6
9/1/2024,106.6,108.8,105.6,105.6
10/1/2024,106.6,108.8,105.6,105.6
11/1/2024,106.6,108.8,105.6,105.6
12/1/2024,106.6,108.8,105.6,105.6
13/1/2024,106.6,108.8,105.6,105.6
14/1/2024,106.6,108.8,105.6,105.6
15/1/2024,106.6,108.8,105.6,105.6
16/1/2024,106.6,108.8,105.6,105.6
17/1/2024,106.6,108.8,105.6,105.6
18/1/2024,106.6,108.8,105.6,105.6
19/1/2024,106.6,108.8,105.6,105.6
20/1/2024,106.6,108.8,105.6,105.6
21/1/2024,106.6,108.8,105.6,105.6
22/1/2024,106.6,108.8,105.6,105.6
23/1/2024,106.6,108.8,105.6,105.6
24/1/2024,106.6,108.8,105.6,105.6
25/1/2024,106.6,108.8,105.6,105.6
26/1/2024,106.6,108.8,105.6,105.6
27/1/2024,106.6,108.8,105.6,105.6
28/1/2024,106.6,108.8,105.6,105.6
29/1/2024,106.6,108.8,105.6,105.6
30/1/2024,106.6,108.8,105.6,105.6
31/1/2024,106.6,108.8,105.6,105.6
1/2/2024,107.1,109.2,106,106
2/2/2024,107.1,109.2,106,106
3/2/2024,107.1,109.2,106,106
4/2/2024,107.1,109.2,106,106
5/2/2024,107.1,109.2,106,106
6/2/2024,107.1,109.2,106,106
7/2/2024,107.1,109.2,106,106
8/2/2024,107.1,109.2,106,106
9/2/2024,107.1,109.2,106,106
10/2/2024,107.1,109.2,106,106
11/2/2024,107.1,109.2,106,106
12/2/2024,107.1,109.2,106,106
13/2/2024,107.1,109.2,106,106
14/2/2024,107.1,109.2,106,106
15/2/2024,107.1,109.2,106,106
16/2/2024,107.1,109.2,106,106
17/2/2024,107.1,109.2,106,106
18/2/2024,107.1,109.2,106,106
19/2/2024,107.1,109.2,106,106
20/2/2024,107.1,109.2,106,106
21/2/2024,107.1,109.2,106,106
22/2/2024,107.1,109.2,106,106
23/2/2024,107.1,109.2,106,106
24/2/2024,107.1,109.2,106,106
25/2/2024,107.1,109.2,106,106
26/2/2024,107.1,109.2,106,106
27/2/2024,107.1,109.2,106,106
28/2/2024,107.1,109.2,106,106
29/2/2024,107.1,109.2,106,106
1/3/2024,107.1,109.3,106,106
2/3/2024,107.1,109.3,106,106
3/3/2024,107.1,109.3,106,106
4/3/2024,107.1,109.3,106,106
5/3/2024,107.1,109.3,106,106
6/3/2024,107.1,109.3,106,106
7/3/2024,107.1,109.3,106,106
8/3/2024,107.1,109.3,106,106
9/3/2024,107.1,109.3,106,106
10/3/2024,107.1,109.3,106,106
11/3/2024,107.1,109.3,106,106
12/3/2024,107.1,109.3,106,106
13/3/2024,107.1,109.3,106,106
14/3/2024,107.1,109.3,106,106
15/3/2024,107.1,109.3,106,106
16/3/2024,107.1,109.3,106,106
17/3/2024,107.1,109.3,106,106
18/3/2024,107.1,109.3,106,106
19/3/2024,107.1,109.3,106,106
20/3/2024,107.1,109.3,106,106
21/3/2024,107.1,109.3,106,106
22/3/2024,107.1,109.3,106,106
23/3/2024,107.1,109.3,106,106
24/3/2024,107.1,109.3,106,106
25/3/2024,107.1,109.3,106,106
26/3/2024,107.1,109.3,106,106
27/3/2024,107.1,109.3,106,106
28/3/2024,107.1,109.3,106,106
29/3/2024,107.1,109.3,106,106
30/3/2024,107.1,109.3,106,106
31/3/2024,107.1,109.3,106,106
1/4/2024,106.4,108.2,105.4,105.6
2/4/2024,106.4,108.2,105.4,105.6
3/4/2024,106.4,108.2,105.4,105.6
4/4/2024,106.4,108.2,105.4,105.6
5/4/2024,106.4,108.2,105.4,105.6
6/4/2024,106.4,108.2,105.4,105.6
7/4/2024,106.4,108.2,105.4,105.6
8/4/2024,106.4,108.2,105.4,105.6
9/4/2024,106.4,108.2,105.4,105.6
10/4/2024,106.4,108.2,105.4,105.6
11/4/2024,106.4,108.2,105.4,105.6
12/4/2024,106.4,108.2,105.4,105.6
13/4/2024,106.4,108.2,105.4,105.6
14/4/2024,106.4,108.2,105.4,105.6
15/4/2024,106.4,108.2,105.4,105.6
16/4/2024,106.4,108.2,105.4,105.6
17/4/2024,106.4,108.2,105.4,105.6
18/4/2024,106.4,108.2,105.4,105.6
19/4/2024,106.4,108.2,105.4,105.6
20/4/2024,106.4,108.2,105.4,105.6
21/4/2024,106.4,108.2,105.4,105.6
22/4/2024,106.4,108.2,105.4,105.6
23/4/2024,106.4,108.2,105.4,105.6
24/4/2024,106.4,108.2,105.4,105.6
25/4/2024,106.4,108.2,105.4,105.6
26/4/2024,106.4,108.2,105.4,105.6
27/4/2024,106.4,108.2,105.4,105.6
28/4/2024,106.4,108.2,105.4,105.6
29/4/2024,106.4,108.2,105.4,105.6
30/4/2024,106.4,108.2,105.4,105.6
1/5/2024,106.2,107.9,105.2,105.5
2/5/2024,106.2,107.9,105.2,105.5
3/5/2024,106.2,107.9,105.2,105.5
4/5/2024,106.2,107.9,105.2,105.5
5/5/2024,106.2,107.9,105.2,105.5
6/5/2024,106.2,107.9,105.2,105.5
7/5/2024,106.2,107.9,105.2,105.5
8/5/2024,106.2,107.9,105.2,105.5
9/5/2024,106.2,107.9,105.2,105.5
10/5/2024,106.2,107.9,105.2,105.5
11/5/2024,106.2,107.9,105.2,105.5
12/5/2024,106.2,107.9,105.2,105.5
13/5/2024,106.2,107.9,105.2,105.5
14/5/2024,106.2,107.9,105.2,105.5
15/5/2024,106.2,107.9,105.2,105.5
16/5/2024,106.2,107.9,105.2,105.5
17/5/2024,106.2,107.9,105.2,105.5
18/5/2024,106.2,107.9,105.2,105.5
19/5/2024,106.2,107.9,105.2,105.5
20/5/2024,106.2,107.9,105.2,105.5
21/5/2024,106.2,107.9,105.2,105.5
22/5/2024,106.2,107.9,105.2,105.5
23/5/2024,106.2,107.9,105.2,105.5
24/5/2024,106.2,107.9,105.2,105.5
25/5/2024,106.2,107.9,105.2,105.5
26/5/2024,106.2,107.9,105.2,105.5
27/5/2024,106.2,107.9,105.2,105.5
28/5/2024,106.2,107.9,105.2,105.5
29/5/2024,106.2,107.9,105.2,105.5
30/5/2024,106.2,107.9,105.2,105.5
31/5/2024,106.2,107.9,105.2,105.5
1/6/2024,106.7,108.7,105.6,105.8
2/6/2024,106.7,108.7,105.6,105.8
3/6/2024,106.7,108.7,105.6,105.8
4/6/2024,106.7,108.7,105.6,105.8
5/6/2024,106.7,108.7,105.6,105.8
6/6/2024,106.7,108.7,105.6,105.8
7/6/2024,106.7,108.7,105.6,105.8
8/6/2024,106.7,108.7,105.6,105.8
9/6/2024,106.7,108.7,105.6,105.8
10/6/2024,106.7,108.7,105.6,105.8
11/6/2024,106.7,108.7,105.6,105.8
12/6/2024,106.7,108.7,105.6,105.8
13/6/2024,106.7,108.7,105.6,105.8
14/6/2024,106.7,108.7,105.6,105.8
15/6/2024,106.7,108.7,105.6,105.8
16/6/2024,106.7,108.7,105.6,105.8
17/6/2024,106.7,108.7,105.6,105.8
18/6/2024,106.7,108.7,105.6,105.8
19/6/2024,106.7,108.7,105.6,105.8
20/6/2024,106.7,108.7,105.6,105.8
21/6/2024,106.7,108.7,105.6,105.8
22/6/2024,106.7,108.7,105.6,105.8
23/6/2024,106.7,108.7,105.6,105.8
24/6/2024,106.7,108.7,105.6,105.8
25/6/2024,106.7,108.7,105.6,105.8
26/6/2024,106.7,108.7,105.6,105.8
27/6/2024,106.7,108.7,105.6,105.8
28/6/2024,106.7,108.7,105.6,105.8
29/6/2024,106.7,108.7,105.6,105.8
30/6/2024,106.7,108.7,105.6,105.8
1/7/2024,107.8,110.1,106.6,106.7
2/7/2024,107.8,110.1,106.6,106.7
3/7/2024,107.8,110.1,106.6,106.7
4/7/2024,107.8,110.1,106.6,106.7
5/7/2024,107.8,110.1,106.6,106.7
6/7/2024,107.8,110.1,106.6,106.7
7/7/2024,107.8,110.1,106.6,106.7
8/7/2024,107.8,110.1,106.6,106.7
9/7/2024,107.8,110.1,106.6,106.7
10/7/2024,107.8,110.1,106.6,106.7
11/7/2024,107.8,110.1,106.6,106.7
12/7/2024,107.8,110.1,106.6,106.7
13/7/2024,107.8,110.1,106.6,106.7
14/7/2024,107.8,110.1,106.6,106.7
15/7/2024,107.8,110.1,106.6,106.7
16/7/2024,107.8,110.1,106.6,106.7
17/7/2024,107.8,110.1,106.6,106.7
18/7/2024,107.8,110.1,106.6,106.7
19/7/2024,107.8,110.1,106.6,106.7
20/7/2024,107.8,110.1,106.6,106.7
21/7/2024,107.8,110.1,106.6,106.7
22/7/2024,107.8,110.1,106.6,106.7
23/7/2024,107.8,110.1,106.6,106.7
24/7/2024,107.8,110.1,106.6,106.7
25/7/2024,107.8,110.1,106.6,106.7
26/7/2024,107.8,110.1,106.6,106.7
27/7/2024,107.8,110.1,106.6,106.7
28/7/2024,107.8,110.1,106.6,106.7
29/7/2024,107.8,110.1,106.6,106.7
30/7/2024,107.8,110.1,106.6,106.7
31/7/2024,107.8,110.1,106.6,106.7
1/8/2024,107.8,110.2,106.6,106.6
2/8/2024,107.8,110.2,106.6,106.6
3/8/2024,107.8,110.2,106.6,106.6
4/8/2024,107.8,110.2,106.6,106.6
5/8/2024,107.8,110.2,106.6,106.6
6/8/2024,107.8,110.2,106.6,106.6
7/8/2024,107.8,110.2,106.6,106.6
8/8/2024,107.8,110.2,106.6,106.6
9/8/2024,107.8,110.2,106.6,106.6
10/8/2024,107.8,110.2,106.6,106.6
11/8/2024,107.8,110.2,106.6,106.6
12/8/2024,107.8,110.2,106.6,106.6
13/8/2024,107.8,110.2,106.6,106.6
14/8/2024,107.8,110.2,106.6,106.6
15/8/2024,107.8,110.2,106.6,106.6
16/8/2024,107.8,110.2,106.6,106.6
17/8/2024,107.8,110.2,106.6,106.6
18/8/2024,107.8,110.2,106.6,106.6
19/8/2024,107.8,110.2,106.6,106.6
20/8/2024,107.8,110.2,106.6,106.6
21/8/2024,107.8,110.2,106.6,106.6
22/8/2024,107.8,110.2,106.6,106.6
23/8/2024,107.8,110.2,106.6,106.6
24/8/2024,107.8,110.2,106.6,106.6
25/8/2024,107.8,110.2,106.6,106.6
26/8/2024,107.8,110.2,106.6,106.6
27/8/2024,107.8,110.2,106.6,106.6
28/8/2024,107.8,110.2,106.6,106.6
29/8/2024,107.8,110.2,106.6,106.6
30/8/2024,107.8,110.2,106.6,106.6
31/8/2024,107.8,110.2,106.6,106.6
1/9/2024,107.9,110.3,106.8,106.7
2/9/2024,107.9,110.3,106.8,106.7
3/9/2024,107.9,110.3,106.8,106.7
4/9/2024,107.9,110.3,106.8,106.7
5/9/2024,107.9,110.3,106.8,106.7
6/9/2024,107.9,110.3,106.8,106.7
7/9/2024,107.9,110.3,106.8,106.7
8/9/2024,107.9,110.3,106.8,106.7
9/9/2024,107.9,110.3,106.8,106.7
10/9/2024,107.9,110.3,106.8,106.7
11/9/2024,107.9,110.3,106.8,106.7
12/9/2024,107.9,110.3,106.8,106.7
13/9/2024,107.9,110.3,106.8,106.7
14/9/2024,107.9,110.3,106.8,106.7
15/9/2024,107.9,110.3,106.8,106.7
16/9/2024,107.9,110.3,106.8,106.7
17/9/2024,107.9,110.3,106.8,106.7
18/9/2024,107.9,110.3,106.8,106.7
19/9/2024,107.9,110.3,106.8,106.7
20/9/2024,107.9,110.3,106.8,106.7
21/9/2024,107.9,110.3,106.8,106.7
22/9/2024,107.9,110.3,106.8,106.7
23/9/2024,107.9,110.3,106.8,106.7
24/9/2024,107.9,110.3,106.8,106.7
25/9/2024,107.9,110.3,106.8,106.7
26/9/2024,107.9,110.3,106.8,106.7
27/9/2024,107.9,110.3,106.8,106.7
28/9/2024,107.9,110.3,106.8,106.7
29/9/2024,107.9,110.3,106.8,106.7
30/9/2024,107.9,110.3,106.8,106.7
1/10/2024,108.1,110.5,107,106.9
2/10/2024,108.1,110.5,107,106.9
3/10/2024,108.1,110.5,107,106.9
4/10/2024,108.1,110.5,107,106.9
5/10/2024,108.1,110.5,107,106.9
6/10/2024,108.1,110.5,107,106.9
7/10/2024,108.1,110.5,107,106.9
8/10/2024,108.1,110.5,107,106.9
9/10/2024,108.1,110.5,107,106.9
10/10/2024,108.1,110.5,107,106.9
11/10/2024,108.1,110.5,107,106.9
12/10/2024,108.1,110.5,107,106.9
13/10/2024,108.1,110.5,107,106.9
14/10/2024,108.1,110.5,107,106.9
15/10/2024,108.1,110.5,107,106.9
16/10/2024,108.1,110.5,107,106.9
17/10/2024,108.1,110.5,107,106.9
18/10/2024,108.1,110.5,107,106.9
19/10/2024,108.1,110.5,107,106.9
20/10/2024,108.1,110.5,107,106.9
21/10/2024,108.1,110.5,107,106.9
22/10/2024,108.1,110.5,107,106.9
23/10/2024,108.1,110.5,107,106.9
24/10/2024,108.1,110.5,107,106.9
25/10/2024,108.1,110.5,107,106.9
26/10/2024,108.1,110.5,107,106.9
27/10/2024,108.1,110.5,107,106.9
28/10/2024,108.1,110.5,107,106.9
29/10/2024,108.1,110.5,107,106.9
30/10/2024,108.1,110.5,107,106.9
31/10/2024,108.1,110.5,107,106.9
1/11/2024,108.1,110.5,106.9,106.8
2/11/2024,108.1,110.5,106.9,106.8
3/11/2024,108.1,110.5,106.9,106.8
4/11/2024,108.1,110.5,106.9,106.8
5/11/2024,108.1,110.5,106.9,106.8
6/11/2024,108.1,110.5,106.9,106.8
7/11/2024,108.1,110.5,106.9,106.8
8/11/2024,108.1,110.5,106.9,106.8
9/11/2024,108.1,110.5,106.9,106.8
10/11/2024,108.1,110.5,106.9,106.8
11/11/2024,108.1,110.5,106.9,106.8
12/11/2024,108.1,110.5,106.9,106.8
13/11/2024,108.1,110.5,106.9,106.8
14/11/2024,108.1,110.5,106.9,106.8
15/11/2024,108.1,110.5,106.9,106.8
16/11/2024,108.1,110.5,106.9,106.8
17/11/2024,108.1,110.5,106.9,106.8
18/11/2024,108.1,110.5,106.9,106.8
19/11/2024,108.1,110.5,106.9,106.8
20/11/2024,108.1,110.5,106.9,106.8
21/11/2024,108.1,110.5,106.9,106.8
22/11/2024,108.1,110.5,106.9,106.8
23/11/2024,108.1,110.5,106.9,106.8
24/11/2024,108.1,110.5,106.9,106.8
25/11/2024,108.1,110.5,106.9,106.8
26/11/2024,108.1,110.5,106.9,106.8
27/11/2024,108.1,110.5,106.9,106.8
28/11/2024,108.1,110.5,106.9,106.8
29/11/2024,108.1,110.5,106.9,106.8
30/11/2024,108.1,110.5,106.9,106.8
1/12/2024,108.2,110.6,107.1,107.1
2/12/2024,108.2,110.6,107.1,107.1
3/12/2024,108.2,110.6,107.1,107.1
4/12/2024,108.2,110.6,107.1,107.1
5/12/2024,108.2,110.6,107.1,107.1
6/12/2024,108.2,110.6,107.1,107.1
7/12/2024,108.2,110.6,107.1,107.1
8/12/2024,108.2,110.6,107.1,107.1
9/12/2024,108.2,110.6,107.1,107.1
10/12/2024,108.2,110.6,107.1,107.1
11/12/2024,108.2,110.6,107.1,107.1
12/12/2024,108.2,110.6,107.1,107.1
13/12/2024,108.2,110.6,107.1,107.1
14/12/2024,108.2,110.6,107.1,107.1
15/12/2024,108.2,110.6,107.1,107.1
16/12/2024,108.2,110.6,107.1,107.1
17/12/2024,108.2,110.6,107.1,107.1
18/12/2024,108.2,110.6,107.1,107.1
19/12/2024,108.2,110.6,107.1,107.1
20/12/2024,108.2,110.6,107.1,107.1
21/12/2024,108.2,110.6,107.1,107.1
22/12/2024,108.2,110.6,107.1,107.1
23/12/2024,108.2,110.6,107.1,107.1
24/12/2024,108.2,110.6,107.1,107.1
25/12/2024,108.2,110.6,107.1,107.1
26/12/2024,108.2,110.6,107.1,107.1
27/12/2024,108.2,110.6,107.1,107.1
28/12/2024,108.2,110.6,107.1,107.1
29/12/2024,108.2,110.6,107.1,107.1
30/12/2024,108.2,110.6,107.1,107.1
31/12/2024,108.2,110.6,107.1,107.1
1/1/2025,108.7,111.4,107.4,107.3
2/1/2025,108.7,111.4,107.4,107.3
3/1/2025,108.7,111.4,107.4,107.3
4/1/2025,108.7,111.4,107.4,107.3
5/1/2025,108.7,111.4,107.4,107.3
6/1/2025,108.7,111.4,107.4,107.3
7/1/2025,108.7,111.4,107.4,107.3
8/1/2025,108.7,111.4,107.4,107.3
9/1/2025,108.7,111.4,107.4,107.3
10/1/2025,108.7,111.4,107.4,107.3
11/1/2025,108.7,111.4,107.4,107.3
12/1/2025,108.7,111.4,107.4,107.3
13/1/2025,108.7,111.4,107.4,107.3
14/1/2025,108.7,111.4,107.4,107.3
15/1/2025,108.7,111.4,107.4,107.3
16/1/2025,108.7,111.4,107.4,107.3
17/1/2025,108.7,111.4,107.4,107.3
18/1/2025,108.7,111.4,107.4,107.3
19/1/2025,108.7,111.4,107.4,107.3
20/1/2025,108.7,111.4,107.4,107.3
21/1/2025,108.7,111.4,107.4,107.3
22/1/2025,108.7,111.4,107.4,107.3
23/1/2025,108.7,111.4,107.4,107.3
24/1/2025,108.7,111.4,107.4,107.3
25/1/2025,108.7,111.4,107.4,107.3
26/1/2025,108.7,111.4,107.4,107.3
27/1/2025,108.7,111.4,107.4,107.3
28/1/2025,108.7,111.4,107.4,107.3
29/1/2025,108.7,111.4,107.4,107.3
30/1/2025,108.7,111.4,107.4,107.3
31/1/2025,108.7,111.4,107.4,107.3
1/2/2025,108.6,111.5,107.3,107.1
2/2/2025,108.6,111.5,107.3,107.1
3/2/2025,108.6,111.5,107.3,107.1
4/2/2025,108.6,111.5,107.3,107.1
5/2/2025,108.6,111.5,107.3,107.1
6/2/2025,108.6,111.5,107.3,107.1
7/2/2025,108.6,111.5,107.3,107.1
8/2/2025,108.6,111.5,107.3,107.1
9/2/2025,108.6,111.5,107.3,107.1
10/2/2025,108.6,111.5,107.3,107.1
11/2/2025,108.6,111.5,107.3,107.1
12/2/2025,108.6,111.5,107.3,107.1
13/2/2025,108.6,111.5,107.3,107.1
14/2/2025,108.6,111.5,107.3,107.1
15/2/2025,108.6,111.5,107.3,107.1
16/2/2025,108.6,111.5,107.3,107.1
17/2/2025,108.6,111.5,107.3,107.1
18/2/2025,108.6,111.5,107.3,107.1
19/2/2025,108.6,111.5,107.3,107.1
20/2/2025,108.6,111.5,107.3,107.1
21/2/2025,108.6,111.5,107.3,107.1
22/2/2025,108.6,111.5,107.3,107.1
23/2/2025,108.6,111.5,107.3,107.1
24/2/2025,108.6,111.5,107.3,107.1
25/2/2025,108.6,111.5,107.3,107.1
26/2/2025,108.6,111.5,107.3,107.1
27/2/2025,108.6,111.5,107.3,107.1
28/2/2025,108.6,111.5,107.3,107.1
1/3/2025,108.6,111.5,107.3,107
2/3/2025,108.6,111.5,107.3,107
3/3/2025,108.6,111.5,107.3,107
4/3/2025,108.6,111.5,107.3,107
5/3/2025,108.6,111.5,107.3,107
6/3/2025,108.6,111.5,107.3,107
7/3/2025,108.6,111.5,107.3,107
8/3/2025,108.6,111.5,107.3,107
9/3/2025,108.6,111.5,107.3,107
10/3/2025,108.6,111.5,107.3,107
11/3/2025,108.6,111.5,107.3,107
12/3/2025,108.6,111.5,107.3,107
13/3/2025,108.6,111.5,107.3,107
14/3/2025,108.6,111.5,107.3,107
15/3/2025,108.6,111.5,107.3,107
16/3/2025,108.6,111.5,107.3,107
17/3/2025,108.6,111.5,107.3,107
18/3/2025,108.6,111.5,107.3,107
19/3/2025,108.6,111.5,107.3,107
20/3/2025,108.6,111.5,107.3,107
21/3/2025,108.6,111.5,107.3,107
22/3/2025,108.6,111.5,107.3,107
23/3/2025,108.6,111.5,107.3,107
24/3/2025,108.6,111.5,107.3,107
25/3/2025,108.6,111.5,107.3,107
26/3/2025,108.6,111.5,107.3,107
27/3/2025,108.6,111.5,107.3,107
28/3/2025,108.6,111.5,107.3,107
29/3/2025,108.6,111.5,107.3,107
30/3/2025,108.6,111.5,107.3,107
31/3/2025,108.6,111.5,107.3,107
1/4/2025,?,?,?,?
2/4/2025,?,?,?,?
3/4/2025,?,?,?,?
4/4/2025,?,?,?,?
5/4/2025,?,?,?,?
6/4/2025,?,?,?,?
7/4/2025,?,?,?,?
8/4/2025,?,?,?,?
9/4/2025,?,?,?,?
10/4/2025,?,?,?,?
11/4/2025,?,?,?,?
12/4/2025,?,?,?,?
13/4/2025,?,?,?,?
14/4/2025,?,?,?,?
15/4/2025,?,?,?,?
16/4/2025,?,?,?,?
17/4/2025,?,?,?,?
18/4/2025,?,?,?,?
19/4/2025,?,?,?,?
20/4/2025,?,?,?,?
21/4/2025,?,?,?,?
22/4/2025,?,?,?,?