Open,Close,High,Low,Date
62.26,62.79,63.3,62.08,04/24/25
63.8,62.27,64.87,61.62,04/23/25
0,63.67,64.37,0,04/22/25
64.38,63.08,64.9,62.44,04/21/25
62.65,64.68,64.85,62.53,04/17/25
61.62,62.47,62.97,60.45,04/16/25
61.56,61.33,62.06,60.88,04/15/25
61.7,61.53,62.67,60.59,04/14/25
60.12,61.5,61.87,59.44,4/11/2025
61.76,60.07,0,58.76,4/10/2025
58.22,62.35,62.93,55.12,4/9/2025
60.98,59.58,61.76,57.86,4/8/2025
61.28,60.7,63.86,58.95,4/7/2025
66.63,61.99,66.91,60.46,4/4/2025
70.39,66.95,70.48,65.98,4/3/2025
71.12,71.71,72.3,70.61,4/2/2025
71.4,71.2,72.1,71.03,4/1/2025
69.42,71.48,71.84,68.82,03/31/25
69.9,69.36,70.09,68.85,03/28/25
69.93,69.92,69.99,69.12,03/27/25
69.19,69.65,70.21,69.04,03/26/25
69.16,69,69.69,68.52,03/25/25
68.34,69.11,69.33,67.97,03/24/25
68.36,68.28,68.68,67.65,03/21/25
0,68.07,68.4,66.64,03/20/25
66.57,67.16,67.6,66.2,03/19/25
67.5,66.9,68.73,66.52,03/18/25
67.29,67.58,68.38,67.25,03/17/25
66.82,67.18,67.48,66.57,03/14/25
67.69,66.55,67.94,66.43,03/13/25
66.61,67.68,67.88,66.16,3/12/2025
65.92,66.25,67.16,65.29,3/11/2025
67.1,66.03,67.61,65.79,3/10/2025
66.23,67.04,68.21,66.11,3/7/2025
66.39,66.36,67.09,65.59,3/6/2025
68.02,66.31,68.09,65.23,3/5/2025
68.47,68.26,68.56,66.77,3/4/2025
69.95,68.37,70.6,67.9,3/3/2025
70.14,69.76,70.29,69.15,02/28/25
68.83,70.35,70.47,68.61,02/27/25
69.11,68.62,69.29,68.36,02/26/25
70.93,68.93,71.25,68.68,02/25/25
69.85,70.7,70.93,69.33,02/24/25
72.62,70.4,72.76,70.18,02/21/25
0,72.48,73.14,0,02/20/25
71.7,72.25,73.03,71.64,02/19/25
70.61,71.85,72.07,70.12,02/18/25
71.53,70.74,72.03,70.51,02/14/25
71.28,71.29,71.6,70.21,02/13/25
73.22,71.37,73.3,71.17,2/12/2025
72.51,73.32,73.67,72.32,2/11/2025
71,72.32,72.54,70.81,2/10/2025
70.61,71,71.42,70.47,2/7/2025
71.13,70.61,71.83,70.42,2/6/2025
72.8,71.03,72.97,70.96,2/5/2025
72.39,72.7,73.36,70.67,2/4/2025
74.15,73.16,75.24,72.06,2/3/2025
73.3,72.53,73.87,71.92,01/31/25
72.98,72.73,73.84,72.03,01/30/25
73.95,72.62,74.08,72.33,01/29/25
72.98,73.77,74.3,72.89,01/28/25
74.54,73.17,75.14,72.39,01/27/25
74.4,74.66,75.22,74,01/24/25
75.43,74.62,75.99,74.14,01/23/25
75.89,75.44,76.45,75.28,01/22/25
77.54,75.83,77.85,75.06,01/21/25
78.73,77.88,79.41,77.76,01/17/25
80.3,78.68,80.63,77.88,01/16/25
77.9,80.04,80.78,77.24,01/15/25
78.8,77.5,79.08,77.42,01/14/25
76.54,78.82,79.28,76.54,01/13/25
74.28,76.57,77.86,74.02,1/10/2025
73.34,73.92,74.32,72.85,1/9/2025
74.51,73.32,75.29,73.16,1/8/2025
73.55,74.25,74.53,73.1,1/7/2025
74.06,73.56,74.99,73.19,1/6/2025
73.45,73.96,74.35,72.71,1/3/2025
71.9,73.13,73.73,71.77,1/2/2025
71.13,71.72,72.02,70.87,12/31/24
70.34,70.99,71.55,70.1,12/30/24
69.66,70.6,70.75,69.43,12/27/24
70.33,69.62,70.75,69.33,12/26/24
69.63,70.1,70.42,69.34,12/24/24
69.4,69.24,69.94,68.59,12/23/24
69.27,69.46,69.85,68.43,12/20/24
0,69.38,70.57,69.1,12/19/24
70.34,70.58,71.39,69.88,12/18/24
70.68,70.08,70.93,69.18,12/17/24
71.28,70.71,71.45,70.35,12/16/24
70.01,71.29,71.41,69.88,12/13/24
70.46,70.02,70.72,69.14,12/12/2024
68.43,70.29,70.53,68.43,12/11/2024
68.21,68.59,69.06,67.72,12/10/2024
67.2,68.37,68.88,67.04,12/9/2024
68.43,67.2,68.52,66.99,12/6/2024
68.73,68.3,69.16,67.98,12/5/2024
69.99,68.54,70.51,68.5,12/4/2024
68.15,69.94,70.22,67.91,12/3/2024
68.2,68.1,69.1,67.7,12/2/2024
68.74,68,69.69,67.88,11/29/24
68.96,68.72,69.36,68.18,11/27/24
69.04,68.77,70.18,68.05,11/26/24
71.32,68.94,71.49,68.72,11/25/24
70.12,71.24,71.5,69.29,11/22/24
69.04,70.1,70.38,68.87,11/21/24
0,68.75,69.96,68.64,11/20/24
68.9,69.39,69.67,68.47,11/19/24
66.96,69.16,69.38,65.61,11/18/24
68.64,67.02,68.74,66.81,11/15/24
68.06,68.7,69.39,67.92,11/14/24
67.99,68.43,68.86,66.95,11/13/24
68.19,68.12,69.14,67.73,11/12/2024
70.33,68.04,70.56,67.92,11/11/2024
72.17,70.38,72.35,69.99,11/8/2024
71.91,72.36,72.87,70.65,11/7/2024
71.97,71.69,72.63,69.75,11/6/2024
71.69,71.99,72.67,71.3,11/5/2024
70.02,71.47,71.81,70.02,11/4/2024
70.53,69.49,71.44,69.32,11/1/2024
69.07,69.26,70.81,68.3,10/31/24
67.5,68.61,69.16,67.29,10/30/24
67.99,67.21,68.52,66.72,10/29/24
69.63,67.38,69.63,66.93,10/28/24
70.35,71.78,71.92,69.96,10/25/24
71.04,70.19,72.33,69.75,10/24/24
71.3,70.77,71.72,70.12,10/23/24
0,71.74,72.1,69.35,10/22/24
69.26,70.56,71.01,69.01,10/21/24
70.75,69.22,71.23,68.67,10/18/24
70.65,70.67,71.11,69.45,10/17/24
71.03,70.39,71.3,69.64,10/16/24
71.88,70.58,72.12,69.71,10/15/24
75.24,73.83,75.34,71.82,10/14/24
75.69,75.56,76.05,74.53,10/11/2024
73.36,75.85,76.25,73.27,10/10/2024
73.87,73.24,74.44,71.54,10/9/2024
77.3,73.57,78.48,72.71,10/8/2024
74.56,77.14,77.42,73.6,10/7/2024
73.81,74.38,75.57,73.46,10/4/2024
71.01,73.71,74.09,70.53,10/3/2024
70.79,70.1,72.48,69.87,10/2/2024
68.29,69.83,71.94,66.32,10/1/2024
68.73,68.17,69.31,67.58,09/30/24
67.46,68.18,68.66,67.06,09/27/24
69.85,67.67,69.99,66.95,09/26/24
71.59,69.69,71.74,69.24,09/25/24
70.72,71.56,72.39,70.44,09/24/24
71.28,70.37,71.82,69.5,09/23/24
71.12,71,71.45,70.37,09/20/24
69.11,71.16,71.54,69.1,09/19/24
71.13,69.88,70.31,68.59,09/18/24
70.54,71.19,71.92,69.6,09/17/24
69.2,70.09,70.7,68.65,09/16/24
69.23,68.65,70.33,68.48,09/13/24
67.38,68.97,69.8,67.24,9/12/2024
66.25,67.31,67.97,65.62,9/11/2024
68.73,65.75,69.08,65.27,9/10/2024
68.16,68.71,68.96,67.31,9/9/2024
69.34,67.67,70.14,67.17,9/6/2024
69.32,69.15,70.81,68.75,9/5/2024
70.23,69.2,71.46,68.81,9/4/2024
73.66,70.34,74.41,70.08,9/3/2024
76.03,73.55,76.58,73.36,08/30/24
74.34,75.91,76.91,74.06,08/29/24
75.74,74.52,75.96,73.82,08/28/24
77.06,75.53,77.48,75.4,08/27/24
75.04,77.42,77.59,75.04,08/26/24
72.97,74.83,75.07,72.84,08/23/24
72.22,73.01,73.52,71.58,08/22/24
73.05,71.93,74.17,71.47,08/21/24
0,73.17,74.38,72.54,08/20/24
76.32,74.37,76.84,74.16,08/19/24
77.92,76.65,78.24,75.54,08/16/24
77.46,78.16,78.6,76.92,08/15/24
78.66,76.98,79.1,76.82,08/14/24
79.65,78.35,80.15,78.16,08/13/24
76.98,80.06,80.16,76.69,8/12/2024
75.94,76.84,77.1,75.84,8/9/2024
75.52,76.19,76.52,74.6,8/8/2024
72.96,75.23,75.85,72.57,8/7/2024
73.92,73.2,74.57,72.21,8/6/2024
74.13,72.94,74.48,71.67,8/5/2024
76.92,73.52,77.32,72.97,8/2/2024
78.71,76.31,78.88,76.24,8/1/2024
75.29,77.91,78.67,75.17,07/31/24
75.94,74.73,75.98,74.6,07/30/24
77.25,75.81,77.69,75.36,07/29/24
78.28,77.16,78.6,76.19,07/26/24
77.5,78.28,78.47,76.03,07/25/24
77.49,77.59,78.2,76.97,07/24/24
78.28,76.96,78.73,76.41,07/23/24
78.76,78.4,79.15,77.55,07/22/24
82.32,80.13,82.86,79.71,07/19/24
83.12,82.82,83.83,82.04,07/18/24
80.77,82.85,83.11,80.46,07/17/24
81.82,80.76,81.95,80.22,07/16/24
82.21,81.91,82.57,81.47,07/15/24
82.82,82.21,83.74,82.1,7/12/2024
82.4,82.62,83.13,81.63,7/11/2024
81.76,82.1,82.65,80.81,7/10/2024
82.24,81.41,82.48,81.25,7/9/2024
83.34,82.33,83.39,82.08,7/8/2024
83.59,83.16,84.52,83.03,7/5/2024
83.18,83.88,83.92,82.46,7/3/2024
83.46,82.81,84.38,82.72,7/2/2024
81.4,83.38,83.63,81.29,7/1/2024
81.85,81.54,82.72,80.97,06/28/24
80.91,81.74,82.04,80.51,06/27/24
80.75,80.9,81.63,80.16,06/26/24
81.74,80.83,81.93,80.55,06/25/24
80.56,81.63,81.77,80.21,06/24/24
81.31,80.73,81.79,80.34,06/21/24
0,81.29,81.52,80.3,06/20/24
80.5,81.57,81.95,79.76,06/18/24
78.51,80.33,80.93,77.98,06/17/24
78.06,78.45,79.15,77.72,06/14/24
78.32,78.62,78.9,77.67,06/13/24
78.16,78.5,79.32,77.89,6/12/2024
78.23,77.9,78.36,77.23,6/11/2024
75.31,77.74,78.28,75.21,6/10/2024
75.69,75.53,76.24,75.21,6/7/2024
74.3,75.55,75.79,74.08,6/6/2024
72.92,74.07,74.33,72.77,6/5/2024
74.02,73.25,74.12,72.48,6/4/2024
77.13,74.22,77.52,73.98,6/3/2024
77.89,76.99,78.62,76.66,05/31/24
79.24,77.91,79.4,77.64,05/30/24
80.23,79.23,80.62,79,05/29/24
77.79,79.83,80.29,77.71,05/28/24
77,77.72,78.04,76.15,05/24/24
77.33,76.87,78.66,76.42,05/23/24
78.24,77.57,78.41,77.23,05/22/24
0,78.66,0,77.65,05/21/24
80.01,79.8,80.61,79.2,05/20/24
79.39,80.06,80.14,79,05/17/24
78.92,79.23,79.84,78.2,05/16/24
78.43,78.63,78.91,76.69,05/15/24
79.2,78.02,79.38,77.86,05/14/24
78.25,79.12,79.49,77.77,05/13/24
79.58,78.26,79.97,78.12,5/10/2024
79.25,79.26,79.8,78.89,5/9/2024
78.33,78.99,79.26,76.9,5/8/2024
78.74,78.38,79.17,77.55,5/7/2024
78.23,78.48,79.09,77.91,5/6/2024
79.1,78.11,79.63,77.95,5/3/2024
79.07,78.95,79.89,78.41,5/2/2024
81.51,79,81.58,78.82,5/1/2024
82.75,81.93,83.3,80.95,04/30/24
83.66,82.63,83.91,82.4,04/29/24
83.8,83.85,84.46,83.35,04/26/24
82.81,83.57,83.82,82,04/25/24
83.39,82.81,83.7,82.42,04/24/24
82.08,83.36,83.45,80.88,04/23/24
81.75,81.9,82.29,80.71,04/22/24
83.15,83.14,86.29,81.3,04/19/24
82.93,82.73,83.45,81.58,04/18/24
85.34,82.69,85.5,82.55,04/17/24
85.65,85.36,86.18,84.74,04/16/24
85.97,85.41,86.19,84.06,04/15/24
85.67,85.66,87.7,85.26,4/12/2024
86.4,85.02,86.65,84.84,4/11/2024
85.34,86.21,86.38,84.54,4/10/2024
86.57,85.23,86.97,85.08,4/9/2024
86.52,86.43,87.11,84.68,4/8/2024
86.86,86.91,87.63,86.32,4/5/2024
85.64,86.59,87.21,84.64,4/4/2024
85.43,85.43,86.2,84.85,4/3/2024
84,85.15,85.5,83.86,4/2/2024
83.15,83.71,84.5,82.61,4/1/2024
81.74,83.17,83.21,81.5,03/28/24
81.27,81.35,81.73,80.55,03/27/24
82.01,81.62,82.36,81.2,03/26/24
80.87,81.95,82.47,80.6,03/25/24
80.77,80.63,81.46,80.41,03/22/24
81.43,81.07,81.91,80.3,03/21/24
0,81.27,82.65,80.83,03/20/24
82.73,83.47,83.87,82.38,03/19/24
81.03,82.72,83.09,80.99,03/18/24
81.03,81.04,81.44,80.49,03/15/24
79.54,81.26,81.62,79.54,03/14/24
77.95,79.72,79.91,77.58,03/13/24
78.08,77.56,78.71,77.35,3/12/2024
0,77.93,78.47,76.79,3/11/2024
79.47,78.01,79.98,77.56,3/8/2024
79.13,78.93,79.53,78.02,3/7/2024
78.15,79.13,80.68,78,3/6/2024
78.74,78.15,79.5,77.52,3/5/2024
80.14,78.74,80.43,78.55,3/4/2024
78.32,79.97,80.85,78.05,3/1/2024
78.29,78.26,79.27,77.93,02/29/24
78.5,78.54,79.62,77.78,02/28/24
77.66,78.87,78.98,77.17,02/27/24
76.41,77.58,78.02,75.85,02/26/24
78.34,76.49,78.47,76.35,02/23/24
78.24,78.61,78.93,77.23,02/22/24
77.22,77.91,78.08,76.32,02/21/24
78.27,77.04,78.58,76.77,02/20/24
78.17,79.19,79.46,77.21,02/16/24
76.6,78.03,78.44,75.78,02/15/24
77.73,76.64,78.77,76.39,02/14/24
76.99,77.87,78.47,76.87,02/13/24
76.57,76.92,77.09,75.54,2/12/2024
76.46,76.84,77.29,75.93,2/9/2024
74.08,74.04,74.11,73.95,2/8/2024
73.48,73.86,74.22,73.23,2/7/2024
72.77,73.31,73.82,72.38,2/6/2024
72.74,72.78,73.29,71.41,2/5/2024
73.92,72.28,74.51,71.8,2/2/2024
75.93,73.82,76.95,73.72,2/1/2024
77.85,75.85,78.1,75.51,01/31/24
77.07,77.82,78.15,75.84,01/30/24
78.88,76.78,79.29,76.42,01/29/24
77.1,78.01,78.28,76.07,01/26/24
75.36,77.36,77.5,75.16,01/25/24
74.5,75.09,75.84,73.95,01/24/24
74.66,74.37,75.25,73.41,01/23/24
73.58,74.76,75.45,72.57,01/22/24
73.8,73.41,74.91,73.21,01/19/24
72.83,74.08,74.36,72.18,01/18/24
72,72.56,72.94,70.51,01/17/24
72.67,72.4,73.56,71.23,01/16/24
72.98,72.68,75.25,72.36,1/12/2024
71.46,72.02,73.8,71.17,1/11/2024
72.24,71.37,73.58,71.01,1/10/2024
70.87,72.24,72.92,70.48,1/9/2024
73.74,70.77,73.95,70.13,1/8/2024
72.38,73.81,74.24,72.21,1/5/2024
73.1,72.19,73.99,71.06,1/4/2024
70.53,72.7,73.26,69.29,1/3/2024
71.7,70.38,73.64,70.06,1/2/2024
72.13,71.65,72.63,71.25,12/29/23
73.83,71.77,74.41,71.72,12/28/23
75.45,74.11,75.66,73.77,12/27/23
73.58,75.57,76.19,73.13,12/26/23
73.88,73.56,74.98,73.39,12/22/23
73.8,73.89,74.59,72.47,12/21/23
74.2,74.22,75.37,73.61,12/20/23
0,73.94,74.47,72.13,12/19/23
71.77,72.47,74.25,70.59,12/18/23
71.48,71.43,72.87,70.31,12/15/23
69.76,71.58,72.44,69.54,12/14/23
68.75,69.47,69.88,67.71,12/13/23
71.39,68.61,71.95,68.2,12/12/2023
71.23,71.32,71.82,70.35,12/11/2023
69.71,71.23,71.61,69.5,12/8/2023
69.4,69.34,70.48,68.79,12/7/2023
72.07,69.38,72.6,69.1,12/6/2023
73.25,72.32,74.13,72,12/5/2023
74.55,73.04,75.03,72.63,12/4/2023
75.61,74.07,76.76,73.94,12/1/2023
77.76,75.96,79.6,75.03,11/30/23
76.55,77.86,78.1,75.67,11/29/23
75.03,76.41,77.01,74.64,11/28/23
75.23,74.86,76.23,74.05,11/27/23
76.8,75.54,77.09,75.07,11/24/23
77.81,77.1,77.97,73.8,11/22/23
77.61,77.77,77.92,76.92,11/21/23
75.96,77.83,78.47,75.42,11/20/23
72.86,75.89,75.96,72.77,11/17/23
76.55,72.9,76.63,72.12,11/16/23
78.2,76.66,78.77,76.31,11/15/23
78.46,78.26,79.77,77.8,11/14/23
77.28,78.26,78.64,76.22,11/13/23
75.59,77.17,77.73,75.32,11/10/2023
75.58,75.74,77.17,75.21,11/9/2023
77.13,75.33,77.53,74.93,11/8/2023
80.92,77.37,81.15,77.08,11/7/2023
81.03,80.82,82.26,80.66,11/6/2023
82.48,80.51,83.6,80.09,11/3/2023
80.92,82.46,82.83,80.25,11/2/2023
81.43,80.44,83.42,80.31,11/1/2023
82.59,81.02,83.38,80.74,10/31/23
85.07,82.31,85.28,81.82,10/30/23
83.51,85.54,85.9,83.09,10/27/23
85.29,83.21,85.65,82.57,10/26/23
83.71,85.39,85.57,82.1,10/25/23
86.16,83.74,86.29,82.92,10/24/23
88,85.49,88.3,85.35,10/23/23
0,88.08,89.85,87.53,10/20/23
87.6,89.37,89.4,86.59,10/19/23
87.79,88.32,89.87,87.19,10/18/23
86.97,86.66,87.75,85.59,10/17/23
87.72,86.66,88.34,86.32,10/16/23
83.51,87.69,87.83,83.23,10/13/23
83.33,82.91,85.2,82.31,10/12/2023
85.97,83.49,86.51,83.11,10/11/2023
86.48,85.97,86.74,85.11,10/10/2023
84.74,86.38,87.23,84.68,10/9/2023
82.42,82.79,83.27,81.5,10/6/2023
84.45,82.31,84.91,82.15,10/5/2023
89.44,84.22,89.59,84.16,10/4/2023
88.68,89.23,90.27,87.76,10/3/2023
90.81,88.82,91.87,88.45,10/2/2023
91.74,90.79,93.1,90.36,09/29/23
93.72,91.71,95.03,91.39,09/28/23
90.53,93.68,94.17,90.41,09/27/23
89.87,90.39,90.73,88.2,09/26/23
90.55,89.68,90.83,89.03,09/25/23
89.6,90.03,91.33,89.32,09/22/23
89.23,89.63,90.98,88.37,09/21/23
0,89.66,91.07,88.96,09/20/23
92.18,91.2,93.74,91.13,09/19/23
91.18,91.48,92.42,90.76,09/18/23
90.69,90.77,91.24,89.22,09/15/23
88.8,90.16,90.78,88.69,09/14/23
88.8,88.52,89.64,88.27,09/13/23
87.32,88.84,89.37,87.2,9/12/2023
87.41,87.29,88.16,86.72,9/11/2023
86.76,87.51,87.95,86.16,9/8/2023
87.59,86.87,87.74,86.39,9/7/2023
86.73,87.54,88.1,85.94,9/6/2023
85.97,86.69,88.07,85.01,9/5/2023
83.51,85.55,86.09,83.44,9/1/2023
81.71,83.63,83.69,81.48,08/31/23
81.28,81.63,82.05,80.88,08/30/23
79.99,81.16,81.41,79.35,08/29/23
80.06,80.1,80.87,79.61,08/28/23
78.88,79.83,80.45,78.15,08/25/23
78.6,79.05,79.28,77.6,08/24/23
79.61,78.89,79.9,77.62,08/23/23
0,79.64,80.38,79.47,08/22/23
81.44,80.72,82.62,80.62,08/21/23
80.01,81.25,81.61,79.6,08/18/23
79.3,80.39,81.08,78.95,08/17/23
81.15,79.38,81.42,79.05,08/16/23
82.5,80.99,82.91,80.41,08/15/23
83.05,82.51,83.19,81.77,08/14/23
82.77,83.19,83.81,82.22,8/11/2023
84.23,82.82,84.89,82.59,8/10/2023
82.86,84.4,84.65,82.68,8/9/2023
82.51,82.92,83.08,79.91,8/8/2023
82.81,81.94,83.32,81.53,8/7/2023
81.73,82.82,83.23,81.52,8/4/2023
79.7,81.55,81.87,78.69,8/3/2023
82.16,79.49,82.43,79.05,8/2/2023
81.73,81.37,82.24,80.6,8/1/2023
80.7,81.8,81.99,80.14,07/31/23
79.92,80.58,80.72,79.06,07/28/23
78.9,80.09,80.6,78.84,07/27/23
79.3,78.78,79.77,78.54,07/26/23
78.91,79.63,79.9,78.29,07/25/23
76.97,78.74,79.28,76.44,07/24/23
75.75,77.07,77.29,75.68,07/21/23
0,75.65,76.15,74.5,07/20/23
75.71,75.35,77.02,75.08,07/19/23
74.17,75.75,75.98,73.88,07/18/23
75.03,74.15,76.08,73.85,07/17/23
77.18,75.42,77.29,75.12,07/14/23
75.79,76.89,77.33,75.33,07/13/23
74.82,75.75,76.16,74.67,7/12/2023
73.13,74.83,74.96,72.98,7/11/2023
73.86,72.99,74.16,72.68,7/10/2023
71.85,73.86,73.92,71.19,7/7/2023
71.82,71.8,72.34,70.22,7/6/2023
70.05,71.79,72.17,69.9,7/5/2023
70.47,69.79,71.77,69.69,7/3/2023
69.79,70.64,71.04,69.54,06/30/23
69.21,69.86,70.6,68.93,06/29/23
68.03,69.56,69.73,67.05,06/28/23
69.5,67.7,70.14,67.48,06/27/23
0,69.37,0,0,06/26/23
69.5,69.16,69.64,67.35,06/23/23
72.37,69.51,72.65,68.92,06/22/23
70.85,72.53,72.71,70.8,06/21/23
71.91,71.19,72.38,69.78,06/20/23
70.63,71.93,71.84,69.94,06/16/23
68.63,70.62,70.96,67.98,06/15/23
69.29,68.27,70.49,68.07,06/14/23
67.41,69.42,69.83,67.16,06/13/23
70.29,67.12,70.4,66.8,6/12/2023
70.94,70.17,71.78,70.1,6/9/2023
72.49,71.29,73.28,69.02,6/8/2023
71.53,72.53,73.2,71.01,6/7/2023
71.94,71.74,72.32,70.13,6/6/2023
74.17,72.15,75.32,71.72,6/5/2023
70.31,71.74,72.17,70,6/2/2023
67.5,70.1,71.07,67.5,6/1/2023
69.59,68.09,69.69,67.02,05/31/23
73.24,69.46,73.55,69.02,05/30/23
71.83,72.67,73.05,71,05/26/23
74.21,71.83,74.36,70.98,05/25/23
73.76,74.34,74.73,73.14,05/24/23
72.08,72.91,73.79,71.72,05/23/23
71.86,72.05,72.53,70.68,05/22/23
71.85,71.69,73.4,70.98,05/19/23
72.68,71.86,72.88,71.43,05/18/23
70.48,72.83,73.25,70.05,05/17/23
71.34,70.86,71.78,70.45,05/16/23
70.09,71.11,71.7,69.41,05/15/23
71.42,70.04,71.77,69.94,5/12/2023
72.38,70.87,73.49,70.63,5/11/2023
73.54,72.56,73.89,71.81,5/10/2023
72.77,73.71,73.77,71.34,5/9/2023
71.32,73.16,73.69,71.03,5/8/2023
68.61,71.34,71.8,68.49,5/5/2023
68.21,68.56,69.83,62.4,5/4/2023
71.55,68.6,71.79,67.95,5/3/2023
75.74,71.66,76.11,71.42,5/2/2023
76.68,75.66,76.71,74.54,5/1/2023
74.83,76.78,76.92,73.93,04/28/23
74.38,74.76,75.28,74.03,04/27/23
77.13,74.3,77.92,74.06,04/26/23
78.52,77.07,79.07,76.52,04/25/23
77.99,78.76,79.19,76.71,04/24/23
77.24,77.87,78.38,76.73,04/21/23
0,77.37,0,76.97,04/20/23
80.93,79.16,81.4,78.45,04/19/23
81.04,80.86,81.49,79.88,04/18/23
82.45,80.83,82.71,80.46,04/17/23
82.32,82.52,83.12,81.77,04/14/23
83.25,82.16,83.44,82.11,04/13/23
81.47,83.26,83.53,81.28,4/12/2023
79.88,81.53,81.59,79.38,4/11/2023
80.51,79.74,81.21,79.59,4/10/2023
0,80.7,0,0,4/7/2023
80.35,80.7,80.96,79.65,4/6/2023
81,80.61,81.23,79.73,4/5/2023
80.63,80.71,81.8,79.62,4/4/2023
79.14,80.42,81.79,79,4/3/2023
74.37,75.67,75.8,73.76,03/31/23
72.88,74.37,74.62,72.6,03/30/23
73.58,72.97,74.37,72.77,03/29/23
72.87,73.2,73.93,72.2,03/28/23
69.4,72.81,73.09,69.11,03/27/23
69.5,69.26,70.38,66.82,03/24/23
69.92,69.96,71.67,69.14,03/23/23
69.51,70.9,71.3,68.9,03/22/23
0,69.67,69.76,66.88,03/21/23
66.66,67.64,67.68,64.09,03/20/23
68.24,66.74,69.64,65.21,03/17/23
68.37,68.35,69.37,65.72,03/16/23
71.52,67.61,72.56,65.65,03/15/23
74.73,71.33,74.77,70.78,03/14/23
76.68,76.46,77.47,76.15,03/13/23
75.67,76.68,77.13,74.76,3/10/2023
76.58,75.72,78.05,75.43,3/9/2023
77.33,76.66,77.73,76.11,3/8/2023
80.48,77.58,80.94,77.06,3/7/2023
79.88,80.46,80.64,78.32,3/6/2023
78.01,79.68,79.91,75.84,3/3/2023
77.76,78.16,78.59,77.23,3/2/2023
76.91,77.69,77.84,76.13,3/1/2023
75.75,77.05,77.83,75.55,02/28/23
76.42,75.68,76.82,74.99,02/27/23
75.63,76.32,76.62,74.1,02/24/23
73.94,75.39,75.99,73.84,02/23/23
76.18,73.95,76.55,73.8,02/22/23
76.56,76.36,77.74,75.91,02/21/23
78.02,76.55,78.27,75.05,02/17/23
78.59,78.49,79.53,77.93,02/16/23
78.85,78.59,79.15,77.26,02/15/23
79.13,79.06,79.61,77.47,02/14/23
79.87,80.14,80.61,78.45,02/13/23
77.66,79.72,80.34,77.47,2/10/2023
78.47,78.06,78.84,76.52,2/9/2023
77.53,78.47,78.58,77.09,2/8/2023
74.5,77.14,77.6,74.34,2/7/2023
73.24,74.11,74.52,72.26,2/6/2023
75.87,73.39,78,73.1,2/3/2023
76.71,75.88,77.24,74.95,2/2/2023
79.04,76.41,79.73,76.05,2/1/2023
77.87,78.87,79.26,76.53,01/31/23
79.74,77.9,80.48,77.66,01/30/23
81.15,79.68,82.48,79.05,01/27/23
80.46,81.01,82.13,79.93,01/26/23
80.26,80.15,81.23,79.45,01/25/23
81.56,80.13,82.23,79.66,01/24/23
81.74,81.62,82.75,81.05,01/23/23
0,81.64,81.9,79.91,01/20/23
78.9,80.33,81.21,78.11,01/19/23
80.86,79.48,82.38,78.89,01/18/23
80.05,80.18,81.22,78.54,01/17/23
78.29,79.86,80.12,77.98,01/13/23
77.65,78.39,79.17,77.1,1/12/2023
74.84,77.41,77.83,74.29,1/11/2023
74.88,75.12,75.94,73.84,1/10/2023
73.59,74.63,76.73,73.51,1/9/2023
73.96,73.77,75.47,73.25,1/6/2023
73.11,73.67,74.93,72.45,1/5/2023
77.12,72.84,77.41,72.74,1/4/2023
80.47,76.93,81.5,76.62,1/3/2023
78.72,80.26,80.71,77.72,12/30/22
78.9,78.4,78.92,76.8,12/29/22
79.88,78.96,79.95,77.3,12/28/22
79.88,79.53,81.18,79.15,12/27/22
78.24,79.56,80.33,77.98,12/23/22
78.43,77.49,79.89,77.03,12/22/22
76.02,78.29,78.63,75.79,12/21/22
0,76.23,76.92,74.46,12/20/22
74.41,75.19,76.44,73.8,12/19/22
76.5,74.29,76.57,73.32,12/16/22
77.35,76.11,77.77,75.34,12/15/22
75.41,77.28,77.74,74.91,12/14/22
73.34,75.39,76.36,73.22,12/13/22
71.75,73.17,73.98,70.25,12/12/2022
71.85,71.02,72.91,70.09,12/9/2022
72.27,71.46,75.43,71.1,12/8/2022
74.34,72.01,75.37,71.76,12/7/2022
77.19,74.25,77.87,73.41,12/6/2022
80.05,76.93,82.72,76.75,12/5/2022
81.23,79.98,82.21,79.64,12/2/2022
80.51,81.22,83.34,79.94,12/1/2022
78.89,80.55,81.38,78.4,11/30/22
76.56,78.2,79.64,76.26,11/29/22
76.31,77.24,77.83,73.58,11/28/22
77.55,76.28,79.9,76.18,11/25/22
81.21,77.94,81.95,76.81,11/23/22
80.3,80.95,82.39,79.85,11/22/22
80.2,80.04,80.49,75.28,11/21/22
82.04,80.11,82.61,77.26,11/18/22
84.65,81.64,85.57,81.4,11/17/22
86.7,85.59,87.51,84.18,11/16/22
85.21,86.92,88.67,84.07,11/15/22
88.96,85.87,89.84,85.16,11/14/22
86.37,88.96,90.1,86.19,11/11/2022
85.74,86.47,87.34,84.69,11/10/2022
88.7,85.83,89.22,85.5,11/9/2022
91.86,88.91,92.17,88.54,11/8/2022
91.61,91.79,93.75,90.42,11/7/2022
88.07,92.61,92.86,87.83,11/4/2022
89.49,88.17,89.67,87.6,11/3/2022
88.62,90,90.35,87.74,11/2/2022
86.45,88.37,89.44,85.91,11/1/2022
88.33,86.53,88.65,85.28,10/31/22
88.61,87.9,88.76,87.09,10/28/22
88.26,89.08,89.8,87.32,10/27/22
84.98,87.91,88.41,84.15,10/26/22
84.84,85.32,86.03,83.07,10/25/22
85.15,84.58,85.94,82.62,10/24/22
85.08,85.05,85.9,83.15,10/21/22
0,84.51,87.14,84.17,10/20/22
83.83,85.55,86.2,82.6,10/19/22
85.69,82.82,86.5,82.08,10/18/22
85.59,85.46,87.12,84.6,10/17/22
89.11,85.61,89.75,85.21,10/14/22
87.09,89.11,89.67,85.56,10/13/22
88.59,87.27,90.07,86.27,10/12/2022
90.96,89.35,91.35,87.91,10/11/2022
93.42,91.13,93.65,90.54,10/10/2022
88.94,92.64,93.33,88,10/7/2022
88.04,88.45,89.19,87.04,10/6/2022
86.34,87.76,88.43,85.39,10/5/2022
83.28,86.52,86.97,83.23,10/4/2022
80.7,83.63,84.57,80.7,10/3/2022
81.88,79.49,82.55,79.15,09/30/22
81.98,81.23,82.95,80.33,09/29/22
78.1,82.15,82.34,76.56,09/28/22
76.47,78.5,79.51,76.44,09/27/22
79.23,76.71,80.31,76.25,09/26/22
83.61,78.74,83.92,78.04,09/23/22
83.13,83.49,85.99,82.4,09/22/22
84.32,82.94,86.68,82.49,09/21/22
0,83.94,86.14,83.01,09/20/22
85.32,85.21,86.42,82.08,09/19/22
85,85.11,86.59,84.27,09/16/22
88.94,85.1,89.15,84.53,09/15/22
87.63,88.48,90.19,86.19,09/14/22
88.1,87.31,89.31,85.05,09/13/22
86.14,87.78,89.09,85.15,9/12/2022
82.73,86.79,87.2,82.68,9/9/2022
81.75,83.54,84.26,81.18,9/8/2022
86.89,81.94,87.76,81.41,9/7/2022
86.99,86.88,90.38,86.18,9/6/2022
86.52,86.87,89.7,86.35,9/2/2022
88.9,86.61,89.64,85.98,9/1/2022
92.36,89.55,92.73,88.27,08/31/22
96.91,91.64,97.66,90.54,08/30/22
93,97.01,97.37,92.29,08/29/22
93.05,93.06,94.02,91.08,08/26/22
95.36,92.52,95.75,92.29,08/25/22
93.83,94.89,95.39,92.8,08/24/22
90.44,93.74,94.22,90.41,08/23/22
89.6,90.36,91.03,86.29,08/22/22
90.4,90.44,92.11,88.32,08/19/22
87.24,90.5,91.46,87.23,08/18/22
87.13,88.11,89.15,85.88,08/17/22
87.8,86.53,90.64,85.74,08/16/22
91.89,89.41,92.12,86.83,08/15/22
93.98,92.09,94.81,91.15,8/12/2022
91.6,94.34,95.06,91.25,8/11/2022
90.5,91.93,92.42,87.65,8/10/2022
90.57,90.5,92.65,89.05,8/9/2022
88.73,90.76,90.9,87.23,8/8/2022
87.94,89.01,90.76,87.02,8/5/2022
91,88.54,91.89,87.56,8/4/2022
93.88,90.66,96.56,90.38,8/3/2022
94,94.42,96.48,92.6,8/2/2022
98.38,93.89,98.68,92.42,8/1/2022
97.03,98.62,101.88,96.4,07/29/22
98.03,96.42,99.83,96.04,07/28/22
95.61,97.26,98.59,94.3,07/27/22
96.21,94.98,99,94.76,07/26/22
95.06,96.7,96.94,93.01,07/25/22
96.55,94.7,97.96,94.24,07/22/22
99.88,96.35,100.02,94.57,07/21/22
0,99.88,100.72,98.16,07/20/22
102.41,104.22,104.3,99.82,07/19/22
97.5,102.6,102.8,95.85,07/18/22
96.17,97.59,99.02,94.58,07/15/22
96.42,95.78,96.99,90.56,07/14/22
95.78,96.3,97.97,93.57,07/13/22
103.61,95.84,103.61,95.33,7/12/2022
104.78,104.09,105.04,100.88,7/11/2022
102.31,104.79,105.26,101.51,7/8/2022
98.21,102.73,104.5,96.58,7/7/2022
100.03,98.53,102.14,95.11,7/6/2022
108.67,99.5,111.44,97.43,7/5/2022
105.94,108.43,109.34,104.54,7/1/2022
109.7,105.76,110.46,105.1,06/30/22
111.81,109.78,114.07,109.2,06/29/22
110,111.76,112.21,109.62,06/28/22
107.05,109.57,110.54,105.6,06/27/22
103.97,107.62,108.57,103.63,06/24/22
104.42,104.27,107.05,102.33,06/23/22
109.68,106.19,109.73,101.54,06/22/22
108.73,109.52,111.16,106.81,06/21/22
117.04,107.99,118.93,108.41,06/17/22
115.85,117.59,118.1,112.33,06/16/22
119,115.31,119.6,114.59,06/15/22
121.04,118.93,123.68,116.65,06/14/22
120.65,120.93,122.23,117.47,06/13/22
121.41,120.67,122.76,118.33,6/10/2022
122.51,121.51,122.72,120.79,6/9/2022
119.74,122.11,123.18,119.28,6/8/2022
119.25,119.41,120.35,117.15,6/7/2022
120.49,118.5,121,117.64,6/6/2022
117.52,118.87,120.49,115.25,6/3/2022
114.51,116.87,117.76,111.21,6/2/2022
115.3,115.26,117.86,114.59,6/1/2022
115.15,114.67,119.98,114.16,05/31/22
114.36,115.07,115.29,112.86,05/27/22
110.65,114.09,114.82,110.27,05/26/22
110.43,110.33,111.68,109.24,05/25/22
110.51,109.77,111.42,108.61,05/24/22
110.45,110.29,111.97,109.13,05/23/22
0,110.28,111.04,0,05/20/22
109.52,112.21,112.41,105.01,05/19/22
113.65,109.59,115.42,108.47,05/18/22
113.9,112.4,115.56,111.75,05/17/22
110.49,114.2,114.89,108.27,05/16/22
106.74,110.49,110.64,106.3,05/13/22
105.59,106.13,107.36,102.67,5/12/2022
99.26,105.71,106.43,98.22,5/11/2022
102.7,99.76,104.15,98.87,5/10/2022
110.55,103.09,110.61,102.13,5/9/2022
108.63,109.77,111.17,107.23,5/6/2022
107.6,108.26,111.36,106.45,5/5/2022
103.55,107.81,108.63,102.94,5/4/2022
105.17,102.41,105.8,102.11,5/3/2022
104.44,105.17,105.92,100.25,5/2/2022
105.14,104.69,107.98,103.78,04/29/22
102.02,105.36,105.68,100.1,04/28/22
101.64,102.02,102.99,99.77,04/27/22
98.68,101.7,102.77,97.07,04/26/22
101.46,98.54,101.65,95.25,04/25/22
103.95,102.07,104.2,101.06,04/22/22
102.66,103.79,105.42,102,04/21/22
0,102.19,103.96,99.88,04/20/22
107.84,102.56,108.87,102.08,04/19/22
106.83,108.21,109.79,106,04/18/22
104.14,106.95,107.64,102.13,04/14/22
100.96,104.25,104.47,99.88,04/13/22
95.21,100.6,101.34,94.85,4/12/2022
98,94.29,98.5,92.93,4/11/2022
97.05,98.26,98.76,95.3,4/8/2022
97.28,96.03,98.82,93.77,4/7/2022
101.38,96.23,104,95.72,4/6/2022
103.6,101.96,105.6,99.87,4/5/2022
99.25,103.28,103.95,98.06,4/4/2022
100.97,99.27,101.81,97.78,4/1/2022
107.74,100.28,107.81,99.64,03/31/22
105.25,107.82,108.76,104.55,03/30/22
103.63,104.24,107.84,98.44,03/29/22
113.35,105.96,113.35,102.82,03/28/22
111.59,113.9,114.1,108.67,03/25/22
114.5,112.34,116.63,110.62,03/24/22
108.84,114.93,115.4,108.38,03/23/22
0,109.27,113.34,107.1,03/22/22
104.66,112.12,112.32,104.32,03/21/22
103.83,104.7,106.28,102.3,03/18/22
95.78,102.98,104.26,94.85,03/17/22
95.18,95.04,99.21,94.07,03/16/22
102.1,96.44,102.58,93.52,03/15/22
109.83,103.01,109.94,99.76,03/14/22
106.09,109.33,110.29,104.46,3/11/2022
109.89,106.02,114.87,105.53,3/10/2022
124.81,108.7,126.84,103.63,3/9/2022
120.28,123.7,129.44,117.08,3/8/2022
117.45,119.4,129.79,115.54,3/7/2022
107.77,115.68,116.1,107.25,3/4/2022
111.09,107.67,116.57,106.43,3/3/2022
106.78,110.6,112.5,105.17,3/2/2022
95.87,103.41,106.8,95.29,3/1/2022
93.04,95.72,99.13,93.04,02/28/22
99.65,99.67,100.53,90.06,02/24/22
91.64,92.1,93.89,90.63,02/23/22
90.99,91.91,94.93,89.06,02/22/22
91.9,90.21,92.61,89.01,02/18/22
90.81,91.76,93.35,90.62,02/17/22
92.07,93.66,95.01,89.98,02/16/22
94.94,92.07,95.17,90.66,02/15/22
93.93,95.46,95.82,92.09,02/14/22
89.98,93.1,94.66,89.19,2/11/2022
90.01,89.88,91.74,89.03,2/10/2022
89.84,89.66,90.58,88.42,2/9/2022
91.68,89.36,91.68,88.5,2/8/2022
91.84,91.32,92.72,90.74,2/7/2022
90.19,92.31,93.17,90.07,2/4/2022
87.92,90.27,90.44,86.76,2/3/2022
88.28,88.26,89.72,87.08,2/2/2022
88.14,88.2,88.87,86.55,2/1/2022
87.41,88.15,88.38,86.34,01/31/22
87.36,86.82,88.84,86.45,01/28/22
87.21,86.61,88.54,86.2,01/27/22
85.28,87.35,87.94,85.02,01/26/22
84.04,85.6,85.71,83,01/25/22
85.14,83.31,86.08,81.9,01/24/22
84.6,85.14,85.55,82.78,01/21/22
0,85.55,87.1,84.21,01/20/22
86.79,86.96,87.87,85.79,01/19/22
84.48,85.43,86.62,83.5,01/18/22
81.76,83.82,84.44,81.5,01/14/22
82.77,82.12,82.93,81.38,01/13/22
81.4,82.64,83.14,81.16,1/12/2022
78.43,81.22,81.58,78.37,1/11/2022
79.09,78.23,79.45,77.85,1/10/2022
79.62,78.9,80.48,78.53,1/7/2022
77.2,79.46,80.25,76.73,1/6/2022
77.18,77.85,78.73,76.51,1/5/2022
76.02,76.99,77.66,75.7,1/4/2022
75.63,76.08,76.46,74.28,1/3/2022
76.68,75.21,77.06,74.95,12/31/21
76.73,76.99,77.44,75.78,12/30/21
76.01,76.56,77.37,75.36,12/29/21
76,75.98,76.91,75.52,12/28/21
73.55,75.57,76.08,72.57,12/27/21
73.31,73.79,73.96,72.28,12/23/21
71.22,72.76,73.15,70.81,12/22/21
0,71.12,71.58,68.55,12/21/21
71.92,70.86,72.25,69.93,12/17/21
71.11,72.38,72.99,71.03,12/16/21
70.38,70.87,71.65,69.38,12/15/21
71.25,70.73,72.02,69.5,12/14/21
72,71.29,73,70.69,12/13/21
70.64,71.67,72.33,70.3,12/10/2021
72.6,70.94,73.34,70.36,12/9/2021
71.83,72.36,73,70.91,12/8/2021
70.03,72.05,73.04,69.5,12/7/2021
66.47,69.49,70.13,66.47,12/6/2021
67.51,66.26,69.2,65.6,12/3/2021
65.7,66.5,67.5,62.42,12/2/2021
67,65.57,69.5,64.85,12/1/2021
70.04,66.18,71.22,64.44,11/30/21
68.76,69.95,72.92,68.76,11/29/21
78.34,68.15,78.65,67.38,11/26/21
78.53,78.39,79.22,77.96,11/24/21
76.45,78.5,78.87,75.3,11/23/21
75.65,76.75,77.15,74.69,11/22/21
0,75.94,0,0,11/19/21
78.32,79.01,79.3,77.07,11/18/21
80.69,78.36,80.69,77.68,11/17/21
80.92,80.76,81.8,80.02,11/16/21
80.64,80.88,81.21,79.3,11/15/21
81.29,80.79,81.61,79.78,11/12/2021
81.3,81.59,82.34,80.2,11/11/2021
84.5,81.34,84.99,80.81,11/10/2021
82.18,84.15,84.66,81.78,11/9/2021
81.02,81.93,82.66,81.02,11/8/2021
79.44,81.27,81.8,78.96,11/5/2021
80.15,78.81,83.4,78.25,11/4/2021
83.02,80.86,83.11,79.7,11/3/2021
83.61,83.91,84.4,82.92,11/2/2021
83.3,84.05,84.87,82.74,11/1/2021
82.95,83.57,83.74,81.42,10/29/21
82.14,82.81,83.21,80.57,10/28/21
84.36,82.66,84.51,82.01,10/27/21
83.73,84.65,84.88,82.98,10/26/21
83.94,83.76,85.41,83.39,10/25/21
82.62,83.76,84.22,81.77,10/22/21
83.52,82.5,83.95,80.79,10/21/21
0,83.42,83.65,80.78,10/20/21
82.34,82.96,83.72,81.84,10/19/21
82.55,82.44,83.87,81.84,10/18/21
81.45,82.28,82.66,81.39,10/15/21
80.67,81.31,81.67,80.38,10/14/21
80.55,80.44,81.04,79.41,10/13/21
80.5,80.64,81.61,79.47,10/12/2021
79.64,80.52,82.17,79.54,10/11/2021
78.78,79.35,80.11,78.63,10/8/2021
76.99,78.3,78.9,74.96,10/7/2021
79.03,77.43,79.8,76.82,10/6/2021
77.6,78.93,79.47,77.46,10/5/2021
75.88,77.62,78.37,75.32,10/4/2021
75,75.88,75.98,74.25,10/1/2021
74.69,75.03,76.07,73.14,09/30/21
74.29,74.83,75.79,73.73,09/29/21
75.4,75.29,76.68,74.25,09/28/21
74.04,75.45,75.75,74.04,09/27/21
73.24,73.98,74.27,72.81,09/24/21
71.98,73.3,73.49,71.62,09/23/21
0,72.23,72.32,0,09/22/21
71.99,70.29,71.99,69.38,09/20/21
72.57,71.97,72.71,71.22,09/17/21
72.63,72.61,72.98,71.55,09/16/21
70.73,72.61,73.14,70.64,09/15/21
70.65,70.46,71.21,69.99,09/14/21
69.66,70.45,70.96,69.52,09/13/21
68,69.72,69.96,67.68,9/10/2021
69.39,68.14,69.88,67.57,9/9/2021
68.35,69.3,69.74,68.29,9/8/2021
69.15,68.35,69.47,67.64,9/7/2021
69.79,69.29,70.52,69.07,9/3/2021
68.15,69.99,70.61,67.86,9/2/2021
68.51,68.59,69.24,67.12,9/1/2021
69.13,68.5,69.34,68.17,08/31/21
69.2,69.21,69.67,67.68,08/30/21
67.79,68.74,69.04,67.52,08/27/21
68,67.42,68.3,67.02,08/26/21
67.65,68.36,68.54,66.92,08/25/21
65.55,67.54,67.8,65.39,08/24/21
62.01,65.64,65.99,61.75,08/23/21
0,62.14,0,61.83,08/20/21
64.59,63.69,64.74,62.65,08/19/21
66.53,65.46,67.48,64.34,08/18/21
67.34,66.59,67.71,66.35,08/17/21
68.01,67.29,68.26,65.74,08/16/21
68.88,68.44,69.22,67.79,08/13/21
69.37,69.09,69.63,68.46,8/12/2021
68.5,69.25,69.44,66.68,8/11/2021
66.62,68.29,68.9,66.46,8/10/2021
67.82,66.48,67.98,65.15,8/9/2021
69.22,68.28,70.18,67.8,8/6/2021
68.14,69.09,69.35,67.6,8/5/2021
70.26,68.15,70.8,67.84,8/4/2021
71.42,70.56,71.94,69.2,8/3/2021
73.89,71.26,73.93,70.56,8/2/2021
73.39,73.95,74.23,72.94,07/30/21
72.41,73.62,73.68,72.26,07/29/21
71.98,72.39,72.6,71.71,07/28/21
72.22,71.65,72.31,71.09,07/27/21
7120,71.91,0,70.58,07/26/21
71.71,72.07,72.19,71.4,07/23/21
70.24,71.91,72.02,69.86,07/22/21
0,70.3,70.5,0,07/21/21
66.6,67.42,67.65,65.21,07/20/21
71.49,66.42,71.67,65.63,07/19/21
71.48,71.81,72.3,70.41,07/16/21
72.96,71.65,72.96,71.4,07/15/21
75.17,73.13,75.44,72.21,07/14/21
74.18,75.25,75.52,73.68,07/13/21
74.74,74.1,74.93,73.16,7/12/2021
73.26,74.56,74.76,72.72,7/9/2021
72.17,72.94,73.26,70.76,7/8/2021
73.85,72.2,74.86,71.07,7/7/2021
75.35,73.37,76.98,72.94,7/6/2021
75.02,75.16,75.62,74.41,7/2/2021
73.5,75.23,76.22,73.39,7/1/2021
73.47,73.47,74.14,72.82,06/30/21
72.78,72.98,73.81,71.97,06/29/21
73.99,72.91,74.45,72.62,06/28/21
73.32,74.05,74.18,72.85,06/25/21
73.28,73.3,73.61,72.32,06/24/21
0,73.08,74.25,0,06/23/21
73.41,73.06,73.95,72.94,06/22/21
71.52,73.66,73.96,71.15,06/21/21
71.1,71.64,72.17,70.16,06/18/21
71.65,71.04,72.3,69.77,06/17/21
72.45,72.15,72.99,71.61,06/16/21
71.16,72.12,72.49,70.81,06/15/21
70.65,70.88,71.78,70.65,06/14/21
70.1,70.91,71.24,69.68,6/11/2021
69.76,70.29,70.65,68.68,6/10/2021
70.01,69.96,70.62,69.46,6/9/2021
69.29,70.05,70.27,68.47,6/8/2021
69.52,69.23,70,68.93,6/7/2021
68.91,69.62,69.76,68.33,6/4/2021
68.76,68.81,69.4,68.19,6/3/2021
67.99,68.83,69,67.78,6/2/2021
66.68,67.72,68.87,66.41,6/1/2021
66.95,66.32,67.52,66.17,05/28/21
66.16,66.85,66.92,65.47,05/27/21
66.04,66.21,66.43,65.25,05/26/21
66.02,66.07,66.51,65.41,05/25/21
63.87,66.05,66.14,63.63,05/24/21
0,63.58,64.07,61.56,05/21/21
63.39,62.05,63.96,61.89,05/20/21
65.28,63.36,65.35,61.95,05/19/21
66.33,65.49,67.01,64.11,05/18/21
65.5,66.27,66.43,64.83,05/17/21
63.83,65.37,65.62,63.33,05/14/21
65.75,63.82,65.81,63.09,05/13/21
65.46,66.08,66.63,64.97,5/12/2021
64.9,65.28,65.5,63.68,5/11/2021
65.57,64.92,65.75,63.95,5/10/2021
64.9,64.9,65.24,63.9,5/7/2021
65.27,64.71,65.98,64.5,5/6/2021
66.45,65.63,66.76,64.92,5/5/2021
64.6,65.69,66.19,64.29,5/4/2021
63.64,64.49,64.68,62.91,5/3/2021
64.88,63.58,64.95,63.08,04/30/21
63.7,65.01,65.47,63.65,04/29/21
63.04,63.86,64.53,62.67,04/28/21
61.97,62.94,63.3,61.91,04/27/21
62.06,61.91,62.31,60.66,04/26/21
61.65,62.14,62.43,61.25,04/23/21
61.11,61.43,61.87,60.61,04/22/21
0,61.35,62.56,60.86,04/21/21
63.47,62.44,64.25,61.5,04/20/21
62.98,63.38,63.63,62.63,04/19/21
63.32,63.13,63.88,62.83,04/16/21
62.83,63.46,63.57,62.53,04/15/21
60.44,63.15,63.44,60.38,04/14/21
59.64,60.18,60.59,59.64,04/13/21
59.35,59.7,60.77,58.73,4/12/2021
59.76,59.32,59.95,59.1,4/9/2021
59.52,59.6,59.93,58.82,4/8/2021
59.26,59.77,60.04,58.12,4/7/2021
58.8,59.33,60.9,58.62,4/6/2021
61.5,58.65,61.5,57.63,4/5/2021
0,61.45,0,0,4/2/2021
59.49,61.45,61.75,58.86,4/1/2021
60.45,59.16,61.17,58.85,03/31/21
61.96,60.55,62.27,59.94,03/30/21
60.93,61.56,61.77,59.41,03/29/21
58.48,60.97,61.36,58.32,03/26/21
60.8,58.56,60.86,57.44,03/25/21
57.4,61.18,61.34,57.29,03/24/21
0,57.76,0,57.25,03/23/21
61.55,61.55,61.9,60.39,03/22/21
59.56,61.42,61.72,58.94,03/19/21
64.42,60,64.82,58.2,03/18/21
64.75,64.6,65.34,63.6,03/17/21
65.33,64.8,65.43,63.8,03/16/21
65.56,65.39,66.4,64.13,03/15/21
65.96,65.61,66.24,65.41,3/12/2021
64.7,66.02,66.21,64.54,3/11/2021
63.84,64.44,64.96,63.13,3/10/2021
64.73,64.01,65.98,63.63,3/9/2021
66.68,65.05,67.98,64.57,3/8/2021
64.16,66.09,66.42,63.82,3/5/2021
61.08,63.83,64.86,60.52,3/4/2021
59.55,61.28,61.99,59.24,3/3/2021
60.23,59.75,61.21,59.38,3/2/2021
61.95,60.64,62.92,59.96,3/1/2021
63.46,61.5,63.57,61.34,02/26/21
63.39,63.53,63.81,62.65,02/25/21
61.29,63.22,63.51,60.97,02/24/21
0,61.67,0,60.67,02/23/21
58.88,61.49,61.84,58.82,02/22/21
60.2,59.24,60.29,58.59,02/19/21
61.68,60.52,62.26,59.79,02/18/21
60.24,61.14,61.73,59.43,02/17/21
59.98,60.05,60.95,59.33,02/16/21
57.94,59.47,59.82,57.41,2/12/2021
58.4,58.24,58.71,57.84,2/11/2021
58.45,58.68,58.91,58.08,2/10/2021
58.11,58.36,58.62,57.27,2/9/2021
57.06,57.97,58.14,57,2/8/2021
56.46,56.85,57.29,56.43,2/5/2021
55.96,56.23,56.58,55.3,2/4/2021
55.05,55.69,56.33,54.81,2/3/2021
53.48,54.76,55.26,53.45,2/2/2021
51.99,53.55,53.74,51.64,2/1/2021
52.15,52.2,53.25,51.93,01/29/21
52.65,52.34,53.58,52.04,01/28/21
52.76,52.85,53.3,51.85,01/27/21
52.91,52.61,53.25,52.29,01/26/21
52.17,52.77,52.95,51.82,01/25/21
53.1,52.27,53.16,51.44,01/22/21
0,53.13,53.41,52.75,01/21/21
53.13,53.24,53.79,53.05,01/20/21
52,52.98,53.13,51.76,01/19/21
53.8,52.36,53.83,51.83,01/15/21
52.84,53.57,53.75,52.24,01/14/21
53.31,52.91,53.93,52.58,01/13/21
52.18,53.21,53.45,52.07,1/12/2021
52.58,52.25,52.7,51.5,1/11/2021
50.93,52.24,52.75,50.81,1/8/2021
50.53,50.83,51.28,50.39,1/7/2021
49.82,50.63,50.94,49.48,1/6/2021
47.38,49.93,50.2,47.24,1/5/2021
48.4,47.62,49.83,47.18,1/4/2021
48.35,48.52,48.58,47.77,12/31/20
48.13,48.4,48.66,47.61,12/30/20
47.72,48,48.35,47.68,12/29/20
48.23,47.62,48.96,47.5,12/28/20
48.09,48.23,48.62,47.56,12/24/20
46.79,48.12,48.5,46.16,12/23/20
0,47.02,0,46.6,12/22/20
48.54,47.74,48.61,46.18,12/21/20
48.43,49.1,49.28,48.1,12/18/20
47.85,48.36,48.59,47.81,12/17/20
47.6,47.82,47.94,47.17,12/16/20
46.99,47.62,47.73,46.54,12/15/20
46.73,46.99,47.44,45.69,12/14/20
46.97,46.57,47.29,46.34,12/11/2020
45.69,46.78,47.74,45.52,12/10/2020
45.6,45.52,46.24,44.95,12/9/2020
45.66,45.6,45.93,45.14,12/8/2020
46.15,45.76,46.54,45.36,12/7/2020
45.64,46.26,46.68,45.61,12/4/2020
44.99,45.64,45.84,44.66,12/3/2020
44.38,45.28,45.92,43.92,12/2/2020
45.08,44.55,45.7,44.12,12/1/2020
45.34,45.34,45.8,44.42,11/30/20
45.9,45.53,46.09,44.55,11/27/20
44.82,45.71,46.26,44.73,11/25/20
42.84,44.91,45.2,42.82,11/24/20
42.46,43.06,43.36,42.29,11/23/20
41.7,42.42,42.32,41.51,11/20/20
41.61,41.74,41.98,41.08,11/19/20
41.35,41.82,42.46,41.08,11/18/20
41.44,41.43,41.69,40.57,11/17/20
40.17,41.34,42.09,40.15,11/16/20
40.94,40.13,40.94,40.06,11/13/20
41.47,41.12,42.19,40.87,11/12/2020
41.79,41.45,43.06,41.32,11/11/2020
39.91,41.36,41.84,39.41,11/10/2020
37.34,40.29,41.33,37.16,11/9/2020
38.54,37.14,38.61,37.06,11/6/2020
39.17,38.79,39.35,38.27,11/5/2020
38.15,39.15,39.25,37.26,11/4/2020
37.03,37.66,38.32,36.57,11/3/2020
35.24,36.81,37.15,33.64,11/2/2020
36.07,35.79,36.6,35.21,10/30/20
37.39,36.17,37.76,34.92,10/29/20
38.97,37.39,39.01,36.97,10/28/20
38.59,39.57,39.83,38.51,10/27/20
39.15,38.56,0,38.28,10/26/20
39.69,39.15,39.74,38.83,10/25/20
40.61,39.85,40.92,39.57,10/23/20
40.04,40.64,41.02,39.71,10/22/20
0,40.03,0,39.78,10/21/20
40.65,41.46,41.7,40.25,10/20/20
40.69,40.83,41.22,40.54,10/19/20
40.88,40.88,41.05,40.08,10/16/20
41.13,40.96,41.29,39.22,10/15/20
40.19,41.04,41.16,39.82,10/14/20
39.53,40.2,40.53,39.35,10/13/20
40.4,39.43,40.45,39.04,10/12/2020
41.31,40.6,41.47,40.38,10/9/2020
39.99,41.19,41.33,39.76,10/8/2020
39.83,39.95,40.35,39.28,10/7/2020
39.35,40.67,40.86,39.1,10/6/2020
37,39.22,39.72,37,10/5/2020
38.6,37.05,38.65,36.63,10/2/2020
39.9,38.72,40.47,37.61,10/1/2020
39.16,40.22,40.37,38.68,09/30/20
40.58,39.29,40.7,38.41,09/29/20
40.07,40.6,40.8,39.78,09/28/20
40.15,40.25,40.64,39.71,09/25/20
39.6,40.31,40.37,39.12,09/24/20
0,39.93,40.75,39.26,09/23/20
39.63,39.6,40.02,39,09/22/20
40.98,39.31,41.27,38.66,09/21/20
40.97,41.11,41.49,40.3,09/18/20
40.19,40.97,41.22,39.42,09/17/20
38.35,40.16,40.34,38.35,09/16/20
37.28,38.28,38.57,37.06,09/15/20
37.32,37.26,37.68,36.82,09/14/20
37.01,37.33,37.82,36.67,9/11/2020
37.8,37.3,38.18,36.93,9/10/2020
36.79,38.05,38.45,36.16,9/9/2020
39.48,36.76,39.59,36.13,9/8/2020
41.25,39.77,41.87,39.35,9/4/2020
41.63,41.37,41.79,40.22,9/3/2020
43.02,41.51,43.21,41.23,9/2/2020
42.83,42.76,43.43,42.72,9/1/2020
42.91,42.61,43.57,42.56,08/31/20
42.98,42.97,43.42,42.69,08/28/20
43.45,43.04,43.5,42.36,08/27/20
43.39,43.39,43.78,43,08/26/20
42.36,43.35,43.57,42.31,08/25/20
42.48,42.62,42.89,42.23,08/24/20
0,42.34,42.96,41.46,08/21/20
42.74,42.58,42.79,41.5,08/20/20
42.6,42.93,43.03,42.36,08/19/20
42.79,42.89,42.99,42.11,08/18/20
42.24,42.89,42.97,41.8,08/17/20
42.33,42.01,42.57,41.62,08/14/20
42.57,42.24,42.84,42.09,08/13/20
41.62,42.67,42.9,41.53,8/12/2020
41.98,41.61,42.94,41.48,8/11/2020
41.5,41.94,42.33,41.17,8/10/2020
41.97,41.22,42.22,41.06,8/7/2020
42.19,41.95,42.65,41.61,8/6/2020
41.56,42.19,43.52,41.47,8/5/2020
40.78,41.7,42.08,40.14,8/4/2020
40.39,41.01,41.24,39.58,8/3/2020
40.34,40.27,40.55,39.66,07/31/20
41.32,39.92,41.39,38.72,07/30/20
41.13,41.27,41.57,40.93,07/29/20
41.65,41.04,41.93,40.85,07/28/20
41.26,41.6,41.82,40.48,07/27/20
41.06,41.29,41.67,40.66,07/24/20
41.95,41.07,42.36,40.83,07/23/20
0,41.9,42.03,41.14,07/22/20
40.65,41.96,42.4,40.64,07/21/20
40.64,40.81,40.91,39.83,07/20/20
40.72,40.59,40.9,40.02,07/17/20
40.97,40.75,41.18,40.52,07/16/20
40.55,41.2,41.26,40.08,07/15/20
39.6,40.29,40.57,39.07,07/14/20
40.35,40.1,40.72,39.47,07/13/20
39.58,40.55,40.77,38.54,7/10/2020
40.87,39.62,40.99,39.27,7/9/2020
40.48,40.9,41.08,40.3,7/8/2020
40.68,40.62,40.95,39.9,7/7/2020
40.31,40.63,41.08,40.15,7/6/2020
39.78,40.65,40.74,39.46,7/2/2020
39.84,39.82,40.58,39.05,7/1/2020
39.64,39.27,40.08,38.85,06/30/20
37.96,39.7,39.89,37.5,06/29/20
39.09,38.49,39.35,37.79,06/26/20
38.05,38.72,39.23,37.08,06/25/20
39.99,38.01,40.54,37.31,06/24/20
0,40.37,41.63,0,06/23/20
39.18,40.46,40.7,39.12,06/22/20
38.85,39.75,40.49,38.4,06/19/20
37.74,38.84,38.97,37.11,06/18/20
37.93,37.96,38.75,37.21,06/17/20
37.05,38.38,39.06,36.38,06/16/20
36.03,37.12,37.26,34.36,06/15/20
36.26,36.26,36.99,34.48,6/12/2020
39.09,36.34,39.09,35.41,6/11/2020
38.5,39.6,39.91,37.73,6/10/2020
38.22,38.94,39.1,37.07,6/9/2020
39.41,38.19,40.44,37.96,6/8/2020
37.33,39.55,39.68,37.05,6/5/2020
36.76,37.41,37.62,36.38,6/4/2020
36.86,37.29,38.18,35.88,6/3/2020
35.56,36.81,37.06,35.28,6/2/2020
35.21,35.44,35.9,34.27,6/1/2020
33.68,35.49,35.77,32.36,05/29/20
32.1,33.71,34.21,31.14,05/28/20
34.14,32.81,34.32,31.75,05/27/20
33.3,34.35,34.81,32.48,05/26/20
33.95,33.25,34,30.72,05/22/20
33.53,33.92,34.66,33.26,05/21/20
0,33.49,33.78,0,05/20/20
32.83,32.5,33.44,31.34,05/19/20
29.53,31.82,33.32,29.53,05/18/20
27.64,29.43,29.92,27.24,05/15/20
25.56,27.56,27.96,25.18,05/14/20
25.3,25.29,26.45,24.79,05/13/20
24.49,25.78,26.23,24.22,5/12/2020
24.49,24.14,25.58,23.67,5/11/2020
23.35,24.74,24.99,23.26,5/8/2020
24.09,23.55,26.74,22.94,5/7/2020
25.52,23.99,26.08,22.58,5/6/2020
21.24,24.56,25.49,21.13,5/5/2020
19.11,20.39,21.42,18.05,5/4/2020
19.04,19.78,20.48,18.07,5/1/2020
15.64,18.84,19.44,15.45,04/30/20
13.35,15.06,16.78,12.67,04/29/20
12.96,12.34,13.69,10.07,04/28/20
16.84,12.78,16.98,11.88,04/27/20
16.78,16.94,17.97,15.64,04/24/20
14.2,16.5,18.26,13.35,04/23/20
0,13.78,16.18,10.26,04/22/20
-14,10.01,13.86,-16.74,04/21/20
17.73,-37.63,0.05,-40.32,04/20/20
20,18.27,20.22,17.31,04/17/20
20.15,19.87,20.53,19.42,04/16/20
20.72,19.87,20.89,19.2,04/15/20
22.36,20.11,23.08,19.95,04/14/20
24.6,22.41,24.74,22.03,04/13/20
26.28,22.76,28.36,22.57,4/9/2020
24.3,25.09,26.45,23.74,4/8/2020
26.34,23.63,27.24,23.54,4/7/2020
26.09,26.08,28.24,25.28,4/6/2020
24.81,28.34,29.13,23.52,4/3/2020
21.22,25.32,27.39,20.76,4/2/2020
20.1,20.31,21.55,19.9,4/1/2020
20.23,20.48,21.89,20.01,03/31/20
20.93,20.09,20.93,19.27,03/30/20
23.29,21.51,23.44,20.88,03/27/20
24.25,22.6,24.65,22.38,03/26/20
24.37,24.49,25.24,22.91,03/25/20
23.87,24.01,25.16,23.09,03/24/20
22.52,23.36,24.07,20.8,03/23/20
24.73,22.43,27.89,19.46,03/20/20
22.3,25.22,27.71,21.36,03/19/20
26.94,20.37,27.22,20.06,03/18/20
28.69,26.95,30.3,26.63,03/17/20
33.75,28.7,33.75,28.1,03/16/20
30.77,31.73,33.87,30.33,03/13/20
33.07,31.5,33.63,30.02,3/12/2020
34.62,32.98,36.35,32.56,3/11/2020
30.37,34.36,35.02,30.2,3/10/2020
32.87,31.13,34.88,27.34,3/9/2020
46.09,41.28,46.38,41.05,3/6/2020
47.13,45.9,47.57,45.65,3/5/2020
46.94,46.78,48.41,46.65,3/4/2020
47.72,47.18,48.66,46.47,3/3/2020
43.7,46.75,47.56,43.32,3/2/2020
46.49,44.76,47.03,43.85,02/28/20
48.63,47.09,48.78,45.88,02/27/20
50.08,48.73,50.44,48.3,02/26/20
51.37,49.9,52.02,49.69,02/25/20
52.6,51.43,52.64,50.45,02/24/20
53.74,53.38,0,52.55,02/21/20
53.5,53.78,54.5,53.22,02/20/20
52.12,53.29,53.66,51.93,02/19/20
52.23,52.05,0,50.88,02/18/20
51.51,52.05,52.34,51.32,02/14/20
51.72,51.42,51.96,50.6,02/13/20
49.96,51.17,51.73,49.95,2/12/2020
49.61,49.94,50.69,49.58,2/11/2020
50.12,49.57,50.49,49.42,2/10/2020
51.11,50.32,51.48,50.09,2/7/2020
51.17,50.95,52.2,50.24,2/6/2020
49.51,50.75,51.88,49.47,2/5/2020
49.94,49.61,51.55,49.31,2/4/2020
51.01,50.11,51.97,49.8,2/3/2020
52.92,51.56,53.36,50.97,01/31/20
53.09,52.14,53.2,51.66,01/30/20
53.97,53.33,54.37,52.81,01/29/20
52.77,53.48,54.06,52.68,01/28/20
53.7,53.14,53.71,52.13,01/27/20
55.69,54.19,55.95,53.85,01/24/20
56.11,55.59,56.27,54.77,01/23/20
58.26,56.74,0,56.03,01/22/20
59.17,58.34,59.73,57.68,01/21/20
58.59,58.54,58.98,58.27,01/17/20
58.1,58.52,58.87,57.56,01/16/20
58.2,57.81,58.36,57.36,01/15/20
58.03,58.23,58.72,57.72,01/14/20
59.04,58.08,59.27,57.91,01/13/20
59.61,59.04,59.78,58.85,1/10/2020
59.99,59.56,60.31,58.66,1/9/2020
62.84,59.61,65.65,59.15,1/8/2020
62.91,62.7,63.15,62.11,1/7/2020
63.71,63.27,64.72,62.64,1/6/2020
61.18,63.05,64.09,61.13,1/3/2020
61.6,61.18,61.6,60.64,1/2/2020
61.68,61.06,61.88,60.63,12/31/19
61.71,61.68,62.34,61.09,12/30/19
61.73,61.72,61.97,61.24,12/27/19
61.2,61.68,61.83,61.06,12/26/19
60.63,61.11,61.16,60.47,12/24/19
60.41,60.52,60.77,60.1,12/23/19
0,60.44,61.2,60.02,12/20/19
60.86,61.22,61.47,60.79,12/19/19
60.55,60.93,61.18,60.32,12/18/19
60.23,60.94,61.06,60.03,12/17/19
59.87,60.21,60.34,59.71,12/16/19
59.36,60.07,60.48,59.27,12/13/19
58.88,59.18,59.72,58.75,12/12/2019
59.06,58.76,59.22,58.11,12/11/2019
58.92,59.24,59.52,58.52,12/10/2019
59.11,59.02,59.25,58.23,12/9/2019
58.32,59.2,59.85,57.7,12/6/2019
58.36,58.43,59.12,58.1,12/5/2019
56.43,58.43,58.66,56.28,12/4/2019
55.96,56.1,56.8,55.35,12/3/2019
55.47,55.96,56.67,55.42,12/2/2019
58.13,55.17,58.3,55.02,11/29/19
58.27,58.11,58.68,57.51,11/27/19
57.92,58.41,58.56,57.76,11/26/19
57.92,58.01,58.15,57.21,11/25/19
58.31,57.77,58.74,57.5,11/22/19
0,58.58,58.67,56.6,11/21/19
55.16,57.11,57.25,54.76,11/20/19
56.9,55.21,57.11,55.04,11/19/19
57.88,57.05,58.09,56.55,11/18/19
56.91,57.72,57.97,56.43,11/15/19
57.39,56.77,57.79,56.63,11/14/19
56.79,57.12,57.53,56.2,11/13/19
56.97,56.8,57.55,56.54,11/12/2019
56.89,56.86,56.99,56.55,11/11/2019
57.4,56.76,57.4,56.73,11/10/2019
57.08,57.24,57.48,55.76,11/8/2019
56.35,57.15,57.88,56.27,11/7/2019
57.26,56.35,57.85,56.11,11/6/2019
56.56,57.23,57.5,56.3,11/5/2019
56.41,56.54,57.43,55.83,11/4/2019
54.15,56.2,56.33,54.07,11/1/2019
54.9,54.18,55.59,53.71,10/31/19
55.53,55.06,55.73,54.42,10/30/19
55.8,55.54,55.91,54.61,10/29/19
56.65,55.81,56.92,55.58,10/28/19
56.07,56.66,56.74,55.6,10/25/19
55.9,56.23,56.51,55.41,10/24/19
0,55.97,56.07,53.62,10/23/19
53.39,54.16,54.62,53.1,10/22/19
53.71,53.31,54.03,52.71,10/21/19
54.09,53.78,54.62,53.35,10/18/19
52.99,53.93,54.16,52.62,10/17/19
52.92,53.36,53.74,52.51,10/16/19
53.51,52.81,53.79,52.39,10/15/19
54.9,53.59,54.9,52.77,10/14/19
53.88,54.7,54.93,53.64,10/11/2019
52.69,53.55,53.97,51.38,10/10/2019
52.57,52.59,53.74,52.31,10/9/2019
52.81,52.63,53.27,51.81,10/8/2019
52.69,52.75,54.06,52.59,10/7/2019
52.29,52.81,53.35,52.04,10/4/2019
52.47,52.45,52.91,50.99,10/3/2019
54,52.64,54.42,52.17,10/2/2019
54.28,53.62,54.84,53.05,10/1/2019
56.54,54.07,56.57,53.98,09/30/19
56.51,55.91,56.76,54.75,09/27/19
56.69,56.41,56.84,55.41,09/26/19
56.7,56.49,57.02,55.55,09/25/19
58.44,57.29,58.49,56.69,09/24/19
59.25,58.64,59.39,57.37,09/23/19
58.65,58.09,59.1,57.79,09/20/19
58.2,58.13,59.54,58.01,09/19/19
58.81,58.11,59.43,57.67,09/18/19
61.96,59.34,62.59,58.46,09/17/19
61.48,62.9,63.38,58.77,09/16/19
55.15,54.85,55.68,54.44,09/13/19
55.93,55.09,56.34,54,9/12/2019
57.89,55.75,58.3,55.61,9/11/2019
58.03,57.4,58.76,57.2,9/10/2019
56.8,57.85,58.16,56.58,9/9/2019
56.19,56.52,56.95,54.83,9/6/2019
55.95,56.3,57.76,55.75,9/5/2019
53.92,56.26,56.58,53.84,9/4/2019
55,53.94,55.24,52.84,9/3/2019
56.63,55.1,56.72,54.55,08/30/19
55.88,56.71,56.89,55.43,08/29/19
55.71,55.78,56.75,55.34,08/28/19
53.76,54.93,55.72,53.69,08/27/19
53.25,53.64,55.26,52.96,08/26/19
55.35,54.17,55.6,53.24,08/23/19
55.94,55.35,56.46,54.85,08/22/19
0,55.68,57.13,55.55,08/21/19
56.1,56.34,56.6,55.28,08/20/19
54.96,56.21,56.41,54.84,08/19/19
54.74,54.87,55.67,54.26,08/16/19
54.9,54.47,55.33,53.77,08/15/19
56.74,55.23,56.85,53.97,08/14/19
54.73,57.1,57.47,54.21,08/13/19
54.32,54.93,55.16,53.54,8/12/2019
52.88,54.5,54.92,52.37,8/9/2019
52.33,52.54,53.06,51.94,8/8/2019
53.42,51.09,53.77,50.52,8/7/2019
54.95,53.63,55.42,53.29,8/6/2019
55.38,54.69,55.61,54.22,8/5/2019
54.54,55.66,56.05,54.15,8/2/2019
57.85,53.95,57.99,53.59,8/1/2019
58.34,58.58,58.82,57.81,07/31/19
57.07,58.05,58.47,56.96,07/30/19
56.2,56.87,57.1,55.81,07/29/19
55.93,56.2,56.57,55.68,07/26/19
55.9,56.02,56.99,55.81,07/25/19
57.23,55.88,57.64,55.33,07/24/19
0,56.77,57.47,55.74,07/23/19
56.22,56.22,56.84,55.72,07/22/19
55.72,55.63,56.36,54.99,07/19/19
56.6,55.3,57.32,54.72,07/18/19
57.52,56.78,58.36,56.21,07/17/19
59.26,57.62,60.06,57.07,07/16/19
60.25,59.58,60.92,59.2,07/15/19
60.46,60.21,60.74,59.93,7/12/2019
60.44,60.2,60.94,60.14,7/11/2019
58.4,60.43,60.53,58.35,7/10/2019
57.56,57.83,59.1,57.29,7/9/2019
57.77,57.66,58.46,57.3,7/8/2019
57.38,57.51,57.82,56.29,7/5/2019
56.49,57.34,57.48,56.04,7/3/2019
59.14,56.25,59.43,56.09,7/2/2019
59.27,59.09,60.28,58.34,7/1/2019
59.22,58.47,59.8,57.75,06/28/19
59.27,59.43,59.73,58.61,06/27/19
58.84,59.38,59.93,58.65,06/26/19
57.74,57.83,58.84,57.2,06/25/19
57.72,57.9,58.22,56.75,06/24/19
0,57.43,57.98,56.66,06/21/19
54.12,56.65,57.02,54.11,06/20/19
54.09,53.76,54.42,53.28,06/19/19
51.95,53.9,54.31,51.5,06/18/19
52.5,51.93,52.74,51.58,06/17/19
52.18,52.51,52.98,51.7,06/14/19
51.07,52.28,53.45,50.92,06/13/19
53.04,51.14,53.05,50.72,6/12/2019
53.43,53.27,54.04,52.91,6/11/2019
54.24,53.26,54.84,53.05,6/10/2019
53.1,53.99,54.32,52.62,6/7/2019
51.66,52.59,53.3,51.17,6/6/2019
52.86,51.68,53.41,50.6,6/5/2019
52.89,53.48,53.78,52.43,6/4/2019
53.42,53.25,54.63,52.11,6/3/2019
56.46,53.5,56.61,53.05,05/31/19
59.12,56.59,59.7,56.33,05/30/19
59.07,58.81,59.14,56.88,05/29/19
58.94,59.14,59.57,58.13,05/28/19
58.21,58.63,59.1,57.5,05/24/19
61.31,57.91,61.41,57.33,05/23/19
0,61.42,0,61.03,05/22/19
63.22,62.99,63.6,62.75,05/21/19
62.93,63.1,63.81,62.45,05/20/19
63.12,62.76,63.64,62.52,05/17/19
62.12,62.87,63.48,62.08,05/16/19
61.37,62.02,62.34,60.85,05/15/19
60.86,61.78,62.11,60.69,05/14/19
61.65,61.04,63.33,60.64,05/13/19
61.64,61.66,62.49,61.42,5/10/2019
62.02,61.7,62.21,60.92,5/9/2019
61.44,62.12,62.37,61.07,5/8/2019
62.17,61.4,62.49,60.66,5/7/2019
61.43,62.25,62.95,60.04,5/6/2019
61.55,61.94,62.52,61.3,5/3/2019
63.61,61.81,63.68,60.95,5/2/2019
63.4,63.6,63.93,62.77,5/1/2019
63.58,63.91,64.75,63.3,04/30/19
62.95,63.5,63.69,62.46,04/29/19
65.13,63.3,65.18,62.28,04/26/19
65.81,65.21,66.28,64.9,04/25/19
66.17,65.89,66.43,65.66,04/24/19
0,66.3,66.6,65.58,04/23/19
64,65.7,65.92,64,04/22/19
63.75,64,64.16,63.46,04/18/19
64.32,63.76,64.61,63.66,04/17/19
63.57,64.05,64.37,62.99,04/16/19
63.76,63.4,63.84,63.03,04/15/19
63.71,63.89,64.65,63.66,4/12/2019
64.48,63.58,64.49,63.31,4/11/2019
64.22,64.61,64.7,64.05,4/10/2019
64.4,63.98,64.79,63.68,4/9/2019
63.33,64.4,64.48,63.13,4/8/2019
62.18,63.08,63.34,61.82,4/5/2019
62.5,62.1,62.77,61.89,4/4/2019